file,1.docx,10.docx,11.docx,12.docx,13.docx,14.docx,15.docx,16.docx,17.docx,18.docx,19.docx,2.docx,21.docx,22.docx,23.docx,24.docx,25.docx,26.docx,27.docx,28.docx,29.docx,3.docx,30.docx,31.docx,32.docx,33.docx,34.docx,35.docx,36.docx,37.docx,38.docx,39.docx,4.docx,40.docx,41.docx,42.docx,43.docx,44.docx,45.docx,46.docx,5.docx,6.docx,7.docx,8.docx,9.docx,1.docx,10.docx,11.docx,12.docx,13.docx,14.docx,15.docx,16.docx,17.docx,18.docx,19.docx,2.docx,20.docx,21.docx,22.docx,23.docx,24.docx,25.docx,26.docx,27.docx,28.docx,29.docx,3.docx,30.docx,31.docx,32.docx,33.docx,34.docx,35.docx,36.docx,37.docx,38.docx,39.docx,4.docx,40.docx,41.docx,42.docx,43.docx,44.docx,45.docx,46.docx,5.docx,6.docx,7.docx,8.docx,9.docx
1.docx,0.0,0.9360539715811501,0.8711346559391592,1.008315858554874,1.0810942314882923,0.8838777187788791,0.8770122546231621,0.7305212006015327,1.1162905172443292,0.9437916589347747,1.028854231935491,0.6938907868679202,0.9340687440042569,0.7527320330363597,0.8049746365638175,0.9729310369158835,0.9587899990913203,0.8855386487060645,0.9869770613224904,0.9407229053690248,0.9502610592711987,0.9442114415864714,0.7417616495951538,1.0072520716546505,0.7038100807086374,0.9871225922828917,0.8091914126068039,1.016197383740784,0.9146923704877866,0.9676683425541702,0.8464159956261006,0.9023842601437189,0.7289263415390482,1.194260948773392,0.9106628426689999,0.9144052362974078,1.0635468533534336,0.8156315351825515,0.8596835399581925,0.8810988576538211,0.9708792603291811,1.022418460516238,0.9510247828793803,0.9221239712690819,0.9701645993887738,0.8222936090429844,0.9909330505893371,0.9995785483283046,0.885651726411452,0.9401534105562497,0.975962328369269,0.8525431737377822,0.7218926426083593,0.9810879807045134,0.8093008478752757,1.1070468936254902,0.8016860192303876,0.931014397152956,1.0510204763052626,0.9374475293471086,0.9962909442956248,0.8809341429489805,0.9705785284487282,0.806115367275791,0.8806891603397209,0.9222718967794503,0.9039139310201441,0.9084122921773781,0.8189982369766983,0.9240902340160695,0.8043787155891223,0.9109071632191572,0.8925983320832921,0.8554340530447219,0.8308978577924571,0.8429504107877659,0.7976233507566997,0.9156707120612693,0.8531012813892396,0.9878092774690252,1.0554760485621615,1.0798392725264052,1.0616798346521117,0.994979935337662,0.954894020978971,0.8758416913726179,1.0120373545783294,0.9569252601694987,0.9682620103254388,0.8957594450806576,1.134260262155373
10.docx,0.9360539715811501,0.0,0.9150786549968933,0.9380638045264518,1.141245146767346,0.7726290529273092,0.895054850250336,0.8481801541344022,1.0951699061010027,1.0981537793671539,1.109496839773293,0.8270437923675051,0.9058530739322356,0.8612742026641979,0.7888439126516557,0.8609124704825999,0.9676218231874162,0.9473690708546283,1.0960245618782773,1.14002777560144,0.9008860989064713,1.0699892172381709,0.948843470495121,0.9122536912377974,0.7408865945301548,0.9117366595875428,0.8704418172203751,0.9542906113397158,0.8965807354344772,1.0214813476630409,1.027447227722607,0.9198887451704849,0.8839365251822947,1.0742257636348647,0.9422605324652318,1.1192365255176797,1.0324963230643514,0.9005977416341776,0.9949040092731561,0.9640903106053758,0.9566084977256955,1.0570155534049859,0.9902308217862819,1.0738054219118864,0.7589859145659346,0.9947285340432839,0.950587886157329,1.0634166178485858,0.9027030227720413,1.1123463510202933,0.982767116567419,0.9818541993960921,0.8860925484141476,0.9291396204386693,0.9520864873239077,1.0877885139993209,0.9577614312531666,1.0052152448776839,1.1325989930589488,0.9814743166592445,0.9291948620366283,0.9643590755090838,0.9263246758349368,0.9939136017334017,0.9532780306943891,1.0135484980220546,0.9241232628498581,0.9909960131838603,0.9561140729813279,0.9499674802330652,0.8617499818667333,0.9153799650209566,0.9444108770748341,0.8670296355261139,0.9512954551047926,0.9301373405466221,0.9572839568892203,1.0169871787783702,0.9835783821261114,1.008964572684404,1.10115888900967,1.0861229274230093,1.2219093961814884,1.0610077078381004,0.9474781299306352,0.9483983522348197,1.0798668526147701,0.9991861333367796,0.9687227855343815,0.9137222337545675,0.9677291072125317
11.docx,0.8711346559391592,0.9150786549968933,0.0,0.8451611488611737,0.9871526694723477,0.7210624170220996,0.7646271346004336,0.7413857981873595,1.0958175228122164,0.8338541205363722,0.9588672866565762,0.7858464557713732,0.8904132347187722,0.7248056397323581,0.7952955542153449,0.9252140574242159,0.9354663249737346,0.804050219426582,0.8807177868091219,0.9024722036718928,0.8068178272394257,0.8580369282218533,0.7382198170480904,0.9080408482992125,0.7328643288782181,0.7340172151447341,0.8377666900322653,0.8091621845621739,0.8661026453604183,0.8990707914601779,0.8248106484339288,0.7835630775561442,0.7691560074214299,0.8660371548573642,0.8264083809267929,0.8723451720577845,0.9205330526392734,0.7075319979700115,0.8618006699412583,0.7330565200510318,0.9137291547946615,0.9866925934543521,0.8106727450743072,0.8473259488995245,0.9581334753651046,0.8427884143924674,0.787661906314491,0.8688641592535596,0.9308731083332533,0.9319029546565312,0.7985385445629066,0.8109587507210019,0.6996102006494057,0.8806601604358345,0.6917219430894005,0.9660965581503109,0.833624419853985,0.8729805998296928,0.9277208571260301,0.809110617422867,0.8873957975763993,0.8588591489430019,0.840070603795987,0.7766801617951978,0.8106540094216789,0.8286307601340891,0.6881536109971224,0.7820165294923794,0.7891623184404023,0.8124892174179388,0.7197353432652557,0.7622484972679203,0.8202232801321291,0.7230403132851521,0.8208007497570925,0.7837345128622496,0.8982628959686734,0.8649664400884217,0.7642643407453983,0.8511280650256852,0.9450950107438522,0.9928185419435119,1.014993383280537,0.8348117773866222,0.8140609483504391,0.7451167198411595,0.8656141604807621,0.8819102467484133,0.8113014399880886,0.7742703741973458,0.9020614016754824
12.docx,1.008315858554874,0.9380638045264518,0.8451611488611737,0.0,1.2486932299332585,0.8118771697727505,0.8117953246998938,0.8143164639927989,1.1157145549376104,1.0048070214148295,1.08285815899982,0.8712440429024043,0.8924161352619424,0.7598340524575555,0.8914033091071724,1.0115376356737484,1.1463524100271294,0.8235294325859787,0.9540740664780967,1.039098741511205,0.9860078225870016,1.0411817600827284,0.9398784194233158,0.9830496217388517,0.8247971159480662,0.9271590087430294,0.9171545561468476,0.985424382167653,0.9790750411564246,0.9553065019694806,0.9541719902410558,0.8596537887315848,0.7777149941002941,0.9918425389109194,0.8374279981054024,1.0496210105060448,0.9036022399672143,0.8468617152629075,0.8853837861295715,0.8897635944476561,0.9165067012914447,1.0281494216401261,0.9023889463873738,1.0852989663017316,1.0968764603907173,0.9679240319572371,0.9604376646493057,1.0381747046017096,0.8224438483442498,1.130817650685771,0.9439325201261274,0.9288332365658906,0.9186846298675116,1.0186700872482732,0.9986416713140532,1.0794368562994467,1.0063976791845297,1.0284439203593743,1.0487697642690947,0.9162650547569516,0.99921775271051,1.1198097782917729,1.0042885437143223,0.9111521777256109,0.9635593471639032,0.9640095742937465,0.9104594130821743,0.920804050136235,0.9837088779615547,1.0706208497558318,0.814263711866849,0.9635134473559712,0.8959230738315226,0.876922046679869,1.0444203105516208,0.9373381036584973,1.0730073082024614,0.9753047633579882,0.9373320623763277,0.9780152148473523,1.019409129443578,1.0883822732631188,1.1022424275602614,0.942047998417483,0.9513441608671717,0.9266801232226847,1.0068329840267092,0.9396450294558938,0.9321064589503368,0.9459429584882231,1.0067046261922525
13.docx,1.0810942314882923,1.141245146767346,0.9871526694723477,1.2486932299332585,0.0,1.1080594947072375,1.1096712610384514,1.0022924635640562,1.295140890414919,1.1961977362724248,1.2167435390204682,0.9862717549607426,1.1670237021674448,1.0814044610223863,1.0468295647179986,1.044961433047184,1.1888193083492447,1.1668109457310292,1.2746707165509925,1.1620739907445807,1.0731022748439107,1.199102128712056,1.0846285721811966,1.1615834358073935,1.0396213354004136,1.0032216315436466,1.062086302121772,1.074614455704464,1.1494702004760275,1.2721805913005502,1.051246181648779,1.05832552504178,1.053366174071043,1.3148942693428536,1.148633960044883,1.147651444715908,1.2319480199769588,0.9864446121639331,1.147686743629219,1.1853155206896404,1.1469848984371014,1.199459503932106,1.1644671855130486,1.107712701624851,1.140187530657662,1.1538725763926743,1.1829158219192564,1.202050945484962,1.182396055883717,1.1324972405442888,1.1908263444733356,1.2106060324204062,1.073154975674872,1.166481979637936,1.0373393813408933,1.3220429115687033,1.1364352957423203,1.2572789289315185,1.332966423107636,1.1497982403949614,1.2251216758856855,1.1150295057767599,1.1826517310899505,1.226730308030017,1.124093992661471,1.2203018176908669,1.1206232488388808,1.1604628193380266,1.1694891675813546,1.1761233009593492,1.1641064458064612,1.0429325893428534,1.1580445094475678,1.0729519080944607,1.1691840616457323,1.161089623057749,1.1643615934770042,1.2315273693533453,1.1557831070277005,1.2706706719291185,1.2879657207689519,1.2579506061327201,1.2123731092752599,1.234794378694715,1.2441560669254146,1.089991590219424,1.2913170835045171,1.182192668349504,1.1966247008854307,1.1057848666253836,1.2535139660166719
14.docx,0.8838777187788791,0.7726290529273092,0.7210624170220996,0.8118771697727505,1.1080594947072375,0.0,0.7965941150205067,0.7035783511796605,1.148988921172627,0.9681814570347004,0.9655274151694647,0.7894725038954951,0.8557024359404312,0.7526434969263092,0.7354031125901005,0.8510039525923623,0.9254242061675888,0.7694332597451045,1.047372043805216,1.051293155041664,0.7972742875919039,0.9482936594670903,0.8744642823838404,0.8359066686926301,0.6776683137561819,0.8387456593592632,0.7888763166903263,0.8085535252960502,0.8346956595209294,0.8964184700137071,0.8888489323806891,0.8672175378322116,0.7005728559098686,0.951872806472677,0.8921410331619506,0.9160167680199857,0.935705236583772,0.7463070344345866,0.8598358367679989,0.8959951063544791,0.7882443143549928,1.0397576595996272,0.8646944373467735,0.9759146785881373,0.7140690068866258,0.8683819032820321,0.936406546413603,0.8980334206555574,0.8977976293450415,0.9883343721973386,0.8061329413934197,0.9080983612972584,0.7351962495823517,0.8488644490097133,0.8530546359452877,0.952671916880239,0.8602232847636722,0.8881325816539826,0.9660172884989778,0.8318624647558985,0.8583436920655371,0.8505104391732584,0.8015713338459578,0.8268444681743543,0.8064288331403263,0.8687140759940511,0.788898382744104,0.8136344160686191,0.9002356242388713,0.8697675465828886,0.7493958979422283,0.8037942664886932,0.8350791523091837,0.7285811876164163,0.8646292923402034,0.8688276557576696,0.9119894810361673,0.924717292541774,0.8032097162103402,0.8207682237663592,0.9529597392461956,0.9511411306459162,1.0482813486702356,0.8791181327159663,0.7656870047068957,0.7762727575264792,0.9769954949296702,0.8546754243939414,0.8566402939851918,0.8172675141644994,0.9078256180135692
15.docx,0.8770122546231621,0.895054850250336,0.7646271346004336,0.8117953246998938,1.1096712610384514,0.7965941150205067,0.0,0.706722546782504,1.1645162069212125,0.8342622393063972,1.0391121808597017,0.8271291344401996,0.733527351342853,0.7578467734479168,0.7548832826030198,1.0059792797186176,1.028433005347485,0.834545814796699,0.9335556171162765,0.9838861410536522,0.8135225549806927,0.8825927944802677,0.8759770637946704,0.9641669257021234,0.7412098339786385,0.8867101870230069,0.9008456292794701,0.9052726398364692,0.8438280068541326,0.807648138690405,0.8829962805425374,0.7608461633918532,0.7468204754086023,1.0517618154876436,0.770907163281213,0.9554040893343726,0.9300973714365094,0.7491567271930133,0.8853042185171478,0.7517188561319168,0.8947892209278838,1.0623287860186446,0.857797902819401,0.9287861825492812,1.0109243458433803,0.8842165470880218,0.8921557537095859,0.8558238358217395,0.8782284411997574,1.037505956222092,0.8400575760582248,0.7144710525419342,0.8230771620687828,0.902148268196946,0.8416081189810743,1.0362200655334377,0.8661577304018796,0.9114680645255442,0.9170066232901836,0.8599706603248634,0.8902226253871396,0.9880092779798423,0.8989803297284044,0.8188887975144076,0.8499626001403516,0.8351488220904126,0.822106399659299,0.7696993693410781,0.8805516835775158,0.9482182631917077,0.7559938891557801,0.8802336790991566,0.846320781816347,0.7276616092748592,0.9017762785494112,0.7731986843237989,0.9181027802408895,0.8184760577286236,0.8032886781077815,0.9222764040243238,0.9781644699970173,1.036962860418231,1.029673971101014,0.8935396848966526,0.8520191049155479,0.8186451648673401,0.9576038272864795,0.9163639713688787,0.8464342830222269,0.7567736097629755,1.031749555141648
16.docx,0.7305212006015327,0.8481801541344022,0.7413857981873595,0.8143164639927989,1.0022924635640562,0.7035783511796605,0.706722546782504,0.0,1.072421103291178,0.8651869200920173,1.0018044611038306,0.7067747956355274,0.807987396714192,0.6314902096683653,0.6927687609246398,0.9364623980041022,0.9152674541571816,0.7174454590839778,0.9131737422307715,0.9146251625802506,0.7286850399708531,0.883436675285244,0.7364118612265648,1.0016443554561711,0.6428320699890031,0.8527546986655841,0.6860027601568506,0.9219592858711277,0.8408732779291593,0.8580624438601369,0.8231892867323427,0.7989268527275601,0.7371735848144421,1.0380406904909834,0.7763133038129463,0.8860374501865299,0.8712485681899842,0.6618181596290914,0.8104859298007419,0.8104085301272562,0.9047476294945078,0.9006863629942763,0.8516605155398532,0.880917307564163,0.9349751518481599,0.8320591822237268,0.9010959417294453,0.9762589973003705,0.8884773474171099,0.9225780201152942,0.8999684247901459,0.7850009938268999,0.7001080610445659,0.94710298056946,0.860408329896201,1.0539407198212716,0.7424349296576328,0.8176100997591401,0.9949812448313984,0.745827098305027,0.9478045539670705,0.8860033531577239,0.9383769881221695,0.7434034510566632,0.8187993999030607,0.8083638983322987,0.8241382697894604,0.8249056398633614,0.754487054901594,0.9417308991468125,0.7507230261299217,0.8360992050815415,0.7877997868133931,0.7799723261367362,0.7855351949917719,0.8252445844344299,0.8144091617887826,0.8467009644758612,0.7787968795389888,0.9623956790203887,0.9614121940658671,1.0873701434231922,1.017159028085354,0.8413587439624757,0.8790990758582058,0.8134910870463951,0.8855750222573481,0.8933762539192054,0.8366913361934993,0.8256648286024543,1.0445783417623609
17.docx,1.1162905172443292,1.0951699061010027,1.0958175228122164,1.1157145549376104,1.295140890414919,1.148988921172627,1.1645162069212125,1.072421103291178,0.0,1.185630781587113,1.2082902133401547,1.0195001417689102,1.0948974182102977,1.0910363217102257,1.0418414718006783,1.1461634424419482,1.2471088174474307,1.080229427416304,1.058296675006693,1.1903052447112403,1.1236223785037014,1.1152488106469773,0.992134912730674,1.2095709172266451,1.0789667753685976,1.101857534300843,1.1196697343701931,1.2560390199022562,1.1972176164716464,1.2379018026151585,1.0744799370607598,1.17237163423525,1.1172079851433911,1.2983385913546226,1.1368939197507537,1.0919344362894767,1.200734316251638,1.0516660152548736,1.0975617620064455,1.0692910583069863,1.2542870372373143,1.2669004686008007,1.1652879328074357,1.056058566482006,1.1743166703967223,1.1382826085701676,1.1746012449372203,1.2263580094224829,1.167903549751722,1.1530272736011673,1.171201638233366,1.15460413602686,1.1972175315121634,1.1232775563447768,1.1244980406704028,1.3666482474067994,1.163028299799927,1.2923191246142287,1.4009404320936236,1.2365956079050964,1.2797639621971306,1.1346539778163576,1.228941507547694,1.142435597268146,1.2255616977559247,1.1571303777304716,1.1021844293539116,1.1342696955231586,1.0947003746908635,1.1509779975093128,1.0963926287547061,1.0692646373313017,1.1840024380999359,1.092741846243725,1.2112452870172026,1.1222503876002343,1.147227792395931,1.2412855327053203,1.1818281777629127,1.2386139927737367,1.2815645810877874,1.1941763004925208,1.4643736921779773,1.2716417923109107,1.1888705931440429,1.1972851038884622,1.309232362093421,1.0487464967859883,1.1214936225089642,1.106327162622759,1.2515226246770228
18.docx,0.9437916589347747,1.0981537793671539,0.8338541205363722,1.0048070214148295,1.1961977362724248,0.9681814570347004,0.8342622393063972,0.8651869200920173,1.185630781587113,0.0,1.0793074121037658,0.8296346537961768,0.9035999960353004,0.9196765811481089,0.8316870789705852,1.1116328887195748,1.0428330035126674,0.8799103892972839,0.829550073121123,0.8255650215304172,0.9317964665781411,0.9762791774405329,0.7430660599588151,1.1311152011718972,0.8553675440845495,0.9562883414910308,0.9766130438625369,0.9836950283203538,1.0193633871613874,0.861489978866511,0.9197152229228768,0.9519754531077927,0.9252993779448699,1.0753657528157599,0.8621816117405865,0.9323045832069901,1.0273878511820802,0.8058711257838602,0.9008145271329802,0.6860058019556925,1.137542506853252,0.9974975231484083,0.9074765423062842,0.8027738882290261,1.1600188136425211,0.8699469690418854,0.8589131999385927,0.9562293149284907,1.0311646056624284,1.1495454408397034,0.9722635984383396,0.8855861491532899,0.889943496636175,1.0881537776117691,0.8465715414990224,1.1910155189367273,0.9231100305407466,1.0403467991530295,1.1457960628313586,0.8852880425583568,1.0866150795016922,1.045968529913428,1.030482613331198,0.8000984110773834,0.9434162864689783,0.9294644320098374,0.8398822741255212,0.974218324639603,0.8218739746524318,0.9516694930050378,0.8279748977500067,0.9658949006125757,0.9689168633167052,0.8478743966636385,1.0020235639973998,0.8396850742484235,0.9641695807037288,1.0193934413795436,0.8475599218117291,1.0651220774978214,1.1240807013037837,1.1776399206996417,1.1868065673148789,1.015732584796652,0.9594747513255109,0.8792522140808895,1.081683085713159,0.9086747708246796,0.9104498687723444,0.9093697165545079,1.1706324213468307
19.docx,1.028854231935491,1.109496839773293,0.9588672866565762,1.08285815899982,1.2167435390204682,0.9655274151694647,1.0391121808597017,1.0018044611038306,1.2082902133401547,1.0793074121037658,0.0,0.997426662760583,1.0523473214065233,0.9662442395000511,0.9418818153616475,1.1230340802256469,1.10068567963224,1.0588239895307843,1.0773390067594413,0.9808846798322024,0.9536791532154346,0.9714879681778683,1.000143523535768,1.0863223270103881,0.960356945913794,1.0545327518666285,1.0462658392862323,1.0365600470069816,1.094376045901874,1.1053776075688322,1.002428410506883,1.0723074936335517,0.9763318405753089,1.1807126124967753,1.1135004980990322,1.0489980684198996,1.1550380299322656,1.0055267505602214,1.0267874317422947,1.0326157882550349,1.1349365946857588,1.1256299736131452,1.0145259851732413,0.9978292654597851,1.059904737343054,0.9947658628938687,1.009510524876636,1.1298282216064717,1.007453599247021,1.1364555248342856,1.0779678166044973,0.9847774545411313,0.9501526802653332,1.092759091587116,1.0181287319656467,1.0549207794206878,1.026517384514441,1.0970218097366007,1.1298128822942823,0.9897619260584014,1.151422920011421,0.9218861774737036,1.0106338233718097,0.9589712878636747,1.0288847981240534,1.0339199337590903,0.9689405626721039,0.88834431695254,0.9398274746262549,1.033865500585187,0.9478893779666717,1.0589887618397216,0.9694168893124,0.9555625397837693,1.1113217415231,1.0096175993845689,1.0625222838167843,1.0316884875168975,1.0887545304143817,1.1297637890356258,1.2526826081135767,1.1910230765329897,1.2593511971872515,1.1196389163472025,1.0932986132794442,1.0123328639476026,1.140584543269794,1.039106811494509,1.086708699577904,1.0768432881142898,1.1377077735726102
2.docx,0.6938907868679202,0.8270437923675051,0.7858464557713732,0.8712440429024043,0.9862717549607426,0.7894725038954951,0.8271291344401996,0.7067747956355274,1.0195001417689102,0.8296346537961768,0.997426662760583,0.0,0.8822999737970488,0.6749695163466702,0.7851040680208032,0.9839547323209678,0.9137844151597565,0.7754456353501432,0.9331687081362412,0.9487237129107565,0.8169403927910774,0.8494416850458141,0.7033090553273929,0.9331666228007642,0.7062833212097931,0.8481836660231479,0.7352479643135865,0.937487892447534,0.7795908696079448,0.8517929591946839,0.8367752480078537,0.7831342232597279,0.7659617940677244,1.0700551457433756,0.794650686857151,0.8565498822663846,0.8861331052330024,0.6713936370496555,0.8594770831023453,0.8237096237144068,0.9247062118942843,0.9518529300701833,0.833348253666515,0.9207650202858818,0.9228787692144159,0.8068806397240094,0.9132711303423179,0.9701135687037978,0.8539210487264576,0.974383588340749,0.9553753921104202,0.8421593911460015,0.7110033293899753,0.983280584051806,0.8068419681008661,1.0211926209871665,0.7743648635494352,0.9542067027881012,0.9930776402247123,0.8630847771759617,0.9384273966434696,0.877635680118801,0.9700092351412478,0.8034704901639306,0.8652418437198758,0.9145396739057965,0.8404585659255485,0.8693170858867577,0.8233279623755334,0.9768466210446198,0.770392067045805,0.8802378885824516,0.8532683394139058,0.8363650902369372,0.7815503787082271,0.8310070556800045,0.8072528181857196,0.9100400332332054,0.8471947350217813,0.9667352318067449,0.9798290552235065,1.0685062784260877,1.0173785300008689,0.8744081364501655,0.8803439138790448,0.7532978678816181,0.939802141461507,0.9001027204710688,0.8092268380101442,0.797360819587766,0.9830330397937989
21.docx,0.9340687440042569,0.9058530739322356,0.8904132347187722,0.8924161352619424,1.1670237021674448,0.8557024359404312,0.733527351342853,0.807987396714192,1.0948974182102977,0.9035999960353004,1.0523473214065233,0.8822999737970488,0.0,0.8989271174460666,0.8796243956438293,0.9794080407965149,1.0733763687169315,0.8630260515196483,0.960775430556659,0.9374884491541426,0.8858693522089971,0.9723544587750679,0.8647018855673076,1.0449353538382806,0.7730839610406269,0.9101377008864016,0.8711596014939917,0.9899141411033595,0.9416271495368217,0.8605397207762305,0.9468692316292727,0.8503182488438026,0.8359180459073983,1.1093401462097259,0.8989679062176628,1.0334917423353387,0.9415432667132368,0.8534459970628623,0.929533794282491,0.8149780818305107,1.0187126272076614,1.052273776537442,0.8347467899446941,0.9052069795822585,1.0424726710388796,0.9652257013987243,0.9353370430530381,0.857381554409546,0.8976485281298779,1.0232933141454748,0.9357834548438759,0.7806234803122999,0.8806129784869356,0.9948364163585269,0.9616605524141357,1.040528183967821,0.9240609142773367,0.9386867127906381,0.9347718454172994,0.9491256348403249,0.9834534476140883,0.9931335090737692,0.9559894306895025,0.8522153413503828,0.9240185933744628,0.8711759122873101,0.8304945774869195,0.8780312195019611,0.9171361001495609,1.0101586585879452,0.8144754138328228,0.9414610867393676,0.8296912283347825,0.7793075881049901,0.9876703254230043,0.8436036827797317,0.9959510567239407,0.8164808852511848,0.8602927522847034,0.9383332208178392,0.9696325315584072,1.1337907548366013,1.0690442064144294,0.9692161338044509,0.9763290623350079,0.9024263656680707,0.9523421734541394,0.9158839629079211,0.8756298365423083,0.8084792667820845,1.040666632773214
22.docx,0.7527320330363597,0.8612742026641979,0.7248056397323581,0.7598340524575555,1.0814044610223863,0.7526434969263092,0.7578467734479168,0.6314902096683653,1.0910363217102257,0.9196765811481089,0.9662442395000511,0.6749695163466702,0.8989271174460666,0.0,0.7899621487612143,0.9562654873288773,0.9055485297031067,0.7676113692457005,0.9508883888612673,0.9142447560613447,0.7774605746920135,0.894528420398079,0.7799664635601218,0.9384126984871693,0.6826673487315754,0.8502925156583353,0.749843261043993,0.9590091840966495,0.8387266600526175,0.8572635057262912,0.8157970687006869,0.7973910172542484,0.6835202811667682,1.0352823113042242,0.7439010069903402,0.9459727155686193,0.8816868239947158,0.7441028797765448,0.8410843884512467,0.8515945127603941,0.9383133874493782,0.887448309637628,0.8477441761921432,0.9568429713582904,0.9201787932357017,0.914506283986657,0.8889376461690773,0.9543598008583706,0.9051139215766091,1.0235294616938806,0.8937261968939069,0.8502376112534981,0.7451549682270143,0.8902224132093367,0.8737382484094138,0.9989691974676205,0.7671101153866072,0.9030413825110633,0.9600319261651539,0.7642735292147786,0.8957225255995079,0.9400388454621352,0.8779905700888296,0.8243077110641701,0.9225026533150532,0.8770685315335561,0.8388051196491989,0.8203329662681934,0.8008106135395582,0.9274247437510345,0.7432074774550602,0.9438183687882666,0.8559135736361876,0.7958657845503623,0.8095147545135124,0.7906755900151877,0.8969679301337433,0.923983026338843,0.7873041210401661,0.9251773272486143,0.9204154428415152,1.0333374216242626,0.9812366240912113,0.8076528170609393,0.8638052673952152,0.8127938840230163,0.891725408538694,0.8777091133904455,0.8916478149823668,0.8589924984457494,0.9682512768567146
23.docx,0.8049746365638175,0.7888439126516557,0.7952955542153449,0.8914033091071724,1.0468295647179986,0.7354031125901005,0.7548832826030198,0.6927687609246398,1.0418414718006783,0.8316870789705852,0.9418818153616475,0.7851040680208032,0.8796243956438293,0.7899621487612143,0.0,0.8677211002589093,0.9872384249942405,0.791568926413492,0.8736072471444235,0.9190643105230554,0.7955920146663048,0.8977141144475412,0.7095601080694113,0.9229338290864336,0.6958340856416909,0.8946527993513557,0.8721141849730418,0.8854244699564728,0.7962472713002582,0.8389576500644015,0.8148180370811372,0.9350602666278545,0.7575534375011835,0.98879921322038,0.7831950118904777,0.8669627701914048,0.9723211551785492,0.7872997367601843,0.7755831551482255,0.7959960044009923,0.8860116072645943,0.966973575513541,0.8850921319964478,0.8145975331806303,0.9058121089130471,0.8068752337682245,0.8603313154392093,0.9391720179509329,0.8911089733792208,0.9460246293851189,0.8126439048065935,0.8337944411857761,0.7887468959236418,0.8957096003290843,0.7665786441176343,1.0216581962036848,0.8574913636081452,0.8912114442091195,0.9802989663209768,0.8542069237375727,0.8404005116948055,0.9092241681803022,0.8611445155327486,0.8395657585565979,0.8866732323827456,0.8834080054294295,0.814293760429841,0.8883510871464034,0.7768913368366255,0.82557724179095,0.7352680810985744,0.8406109538537614,0.8163509931662208,0.7143960308325097,0.8859968489482205,0.7946000872195453,0.8694646052981874,0.9192753269489364,0.8529223680264333,0.8800920502719167,1.0156380953205884,1.0035836383412198,1.092224289574738,0.9153482004496794,0.8690195094776708,0.815739325311561,0.9701323511561288,0.7711575668055808,0.8594746750557016,0.7671597616286995,0.9609015130900156
24.docx,0.9729310369158835,0.8609124704825999,0.9252140574242159,1.0115376356737484,1.044961433047184,0.8510039525923623,1.0059792797186176,0.9364623980041022,1.1461634424419482,1.1116328887195748,1.1230340802256469,0.9839547323209678,0.9794080407965149,0.9562654873288773,0.8677211002589093,0.0,0.9507235073937949,0.9360397346072534,1.094703900061381,1.1199164214221298,0.9336958803937654,1.0227797346983858,0.8840151490185805,1.0226485114764807,0.8605326886557235,0.8946173281818975,0.9760294043975971,1.0174120075861406,1.0030023526267726,1.0361687640726702,0.9799052895339208,1.0001554806184796,0.9550761048491409,1.195409743429189,0.9890380667213456,1.0780274355963593,1.0968607202897913,1.0116127693291925,0.9579943253610002,0.997687144936343,1.0741777276904392,1.1047318410037517,1.0381412657531996,1.0238768196498733,0.8885898884431562,0.997604676998966,0.9871832587566118,1.1277149955275794,0.9308554017360564,0.9683815728799668,1.0467224348809097,0.9911604826805618,0.8754329916518577,1.0879293297833832,0.9043419806190552,1.238594296664334,0.9984997560532265,1.0446677165632365,1.189688108957962,1.0266326706645867,1.0861525917435073,0.8373718112782736,1.007650743212717,1.0071364510398342,1.0146414839828743,0.9978664759670168,0.9585041919945766,1.0453861468244927,0.9846929515810169,0.9907909780111003,0.9395589992898795,0.9233236288953975,0.9876877614313908,0.8676104164712919,1.047910000289052,0.9893509113567731,0.967731583142822,1.0724463171999254,1.0056730185175584,1.080942956013528,1.1969465795558532,1.1610519103289132,1.2896609458316806,1.0919368492035786,1.088250866606793,1.014125234022589,1.1802169071489244,0.9899050229653612,0.9896519879670929,0.9529302535600189,1.147614429551605
25.docx,0.9587899990913203,0.9676218231874162,0.9354663249737346,1.1463524100271294,1.1888193083492447,0.9254242061675888,1.028433005347485,0.9152674541571816,1.2471088174474307,1.0428330035126674,1.10068567963224,0.9137844151597565,1.0733763687169315,0.9055485297031067,0.9872384249942405,0.9507235073937949,0.0,0.9935740139136675,0.9563401969551018,1.003096222211265,0.9493538259631511,0.8997849165249573,0.868874113288438,1.182678074636,0.902510158826895,1.0020020697420882,0.9955858579535258,1.0252906978459269,0.9958980420869055,1.0592543216348613,0.9815865782238065,0.9626302607767694,0.986218440152379,1.1606212173966508,0.9934712976661748,0.9945555320112457,1.0931514294969196,0.9086108842091325,1.03311720903413,0.9424937947865919,1.1376120128203464,1.1162112322683235,0.9801437525179043,0.9502936941741403,0.933214028414441,0.9499353305093284,1.0170057340919847,1.0815578584847132,1.0481474795836254,1.0685536256007846,1.049987541543367,1.0071692962624759,0.8552690679227639,1.0217018948943084,0.9351724228379362,1.1692831814629943,0.8273319113138738,1.105245662254741,1.2243140138122468,1.0002868892895287,1.0374009409727,0.9868850729996804,0.9449903445094985,0.9956479578888603,0.9820279732565161,1.035777187700718,0.8845444539110907,1.000783205115092,0.9683711096723677,0.9739459926323264,0.9564984837525587,1.0049311184808405,1.0300291911453945,0.9072223041813733,0.9345328282995422,0.932208290898979,1.0174092089826312,0.9988550754363728,0.9408926667522399,1.0645694621113175,1.0820764785937314,1.1666503460787399,1.2476449897328892,1.002671408913397,1.0170902666475734,0.9170324148183674,1.0440250973505754,1.038633514207171,0.9747668483666097,0.9519840780892608,1.1432314460579158
26.docx,0.8855386487060645,0.9473690708546283,0.804050219426582,0.8235294325859787,1.1668109457310292,0.7694332597451045,0.834545814796699,0.7174454590839778,1.080229427416304,0.8799103892972839,1.0588239895307843,0.7754456353501432,0.8630260515196483,0.7676113692457005,0.791568926413492,0.9360397346072534,0.9935740139136675,0.0,0.8536846715779711,0.8729338895242936,0.8867209969619659,0.8564897679356982,0.7101588998494178,0.9860070919171209,0.7569440376210388,0.82470669867049,0.8854051958742647,0.958852471591866,0.8829337586613264,0.8718401702683909,0.9415216997890894,0.8955359237063776,0.7664457252555017,1.018689214274398,0.8004228362323168,0.841054013970428,0.7870015048203574,0.7569016343441013,0.8287428642012467,0.8095755666636393,0.9799652221294828,0.9451208622120747,0.7190287521410578,0.8624562862333468,1.0716338479441745,0.833096741672894,0.8910946652111831,0.9703408394927453,0.8578710517357412,1.0239842638442966,0.8988429451911358,0.8209436497092129,0.7876131694836864,0.9770579557833292,0.875803788826146,1.1384274113200332,0.8937061662893521,0.7995001634830275,1.0681606361920297,0.8693876327514015,1.0228254660407632,0.9765370254644828,0.9962607020816329,0.7185356487109634,0.8912098511818961,0.8834437769331269,0.8339081606248275,0.9270931307656554,0.851997650802057,0.952831524048278,0.7983102041035735,0.8743854116996128,0.8518613416543778,0.8406137254405204,0.954376973674981,0.8096924557774411,0.9098770130022064,0.9278375790326896,0.7707796451830887,0.9390666150284099,1.042270505226459,1.0785646931537065,1.1457363067911797,0.9854608937745217,0.8574634983461097,0.8265330512277955,0.9395940449201382,0.9150074576792907,0.8314154245718125,0.8287299284851538,1.083976307183649
27.docx,0.9869770613224904,1.0960245618782773,0.8807177868091219,0.9540740664780967,1.2746707165509925,1.047372043805216,0.9335556171162765,0.9131737422307715,1.058296675006693,0.829550073121123,1.0773390067594413,0.9331687081362412,0.960775430556659,0.9508883888612673,0.8736072471444235,1.094703900061381,0.9563401969551018,0.8536846715779711,0.0,0.8429861833249046,0.9372430519697211,0.9818366228533432,0.7586414483790302,1.107209447869907,0.9546754767653612,0.9584928966501423,1.063014309552089,0.9635746480558857,1.0659522480083412,0.9281630512696402,0.9262889335107175,0.9843953528449024,1.0165899521152832,1.080704212315833,0.8804360199767894,1.0423145477251419,0.9924230905163265,0.8886193398837218,0.893513212337444,0.7475359224468989,1.1447851330389407,0.9585354569522135,0.8947475268117603,0.7352278348064849,1.1944707307917304,0.9134529139225747,0.8790315811326705,1.0655468483027442,0.924110898345713,1.1688014280561436,0.9074968470061647,0.8918931905541211,0.8841225771206124,1.1057854397727345,0.9738767150002506,1.278695637076162,0.910337126625416,1.0883203040246268,1.177506318238175,0.9071760184960159,1.151307217975987,1.056729767195544,1.065915450265787,0.8473396215415895,0.8763955142672053,0.94929160724415,0.8136804802442005,1.0368452715703775,0.8439558228657421,0.9740650602056653,0.8593993307884262,0.9994750069200267,0.9844194235167404,0.924588761083955,1.0449425784918487,0.8644770651750876,0.9879192435482494,1.0275961498467592,0.8765594716807483,1.049952847434527,1.1704408110661635,1.2103189554576306,1.263479120155188,1.0640786183605626,0.9871432673258004,0.9473662473895594,1.0948104228565696,0.9003966818460727,0.9199315750857808,0.874224572501071,1.199665804169034
28.docx,0.9407229053690248,1.14002777560144,0.9024722036718928,1.039098741511205,1.1620739907445807,1.051293155041664,0.9838861410536522,0.9146251625802506,1.1903052447112403,0.8255650215304172,0.9808846798322024,0.9487237129107565,0.9374884491541426,0.9142447560613447,0.9190643105230554,1.1199164214221298,1.003096222211265,0.8729338895242936,0.8429861833249046,0.0,0.9786274956938678,0.8691640525857375,0.7902425765765123,1.192933263603179,0.9105810618837487,0.9524450582456864,1.0769199228020438,0.9761951665362331,0.9942483899312748,0.9108151314792383,0.8805235118070511,0.8805002893869565,1.0351874970340496,1.1069443463123252,0.841201772283749,0.9229074829753268,0.9733336309318584,0.910240628721923,0.9849110674914874,0.7881405468586118,1.1816479499766814,0.9346593755930587,0.8119682180179041,0.8035085680658408,1.2142024291894575,0.8773035564632579,0.9546414249848229,1.004153019025725,1.0217794900108688,1.0892770892983545,1.035801748605219,0.8577564006709124,0.8605487009378905,1.0923686603146703,0.9335520897991407,1.256097066465309,0.898099442042283,1.053753896070657,1.1859410759809208,0.9072050655410573,1.1914710458432234,1.0031598896724858,1.0203873537571886,0.8599490550430794,0.9650760323187758,0.8931717270381797,0.8706953812081035,0.9831391118017341,0.8224910529137471,0.9389230353364956,0.8453860945972801,1.0263920275977763,0.9115908480319288,0.9085153090354895,1.0343068939442366,0.9617831533595423,0.9662908919325928,0.9280038203406079,0.8755728951272087,1.1069231252552358,1.2328647065090133,1.2044745719177101,1.2500018920071054,1.094665200488814,1.0640762415416727,0.9753867683283224,1.0644543512482871,0.9252863674569154,0.8532751952647745,0.9332466744345193,1.1659739257786246
29.docx,0.9502610592711987,0.9008860989064713,0.8068178272394257,0.9860078225870016,1.0731022748439107,0.7972742875919039,0.8135225549806927,0.7286850399708531,1.1236223785037014,0.9317964665781411,0.9536791532154346,0.8169403927910774,0.8858693522089971,0.7774605746920135,0.7955920146663048,0.9336958803937654,0.9493538259631511,0.8867209969619659,0.9372430519697211,0.9786274956938678,0.0,0.9748292126640705,0.8752909564025064,0.9783208084808054,0.8718176895764681,0.8520034983636083,0.9171402664677909,0.8742987784870065,0.8130977557556105,0.8461464441006754,0.8822011989427867,0.9488355376299182,0.891307702678996,0.9235587346354673,0.7833335073546452,1.009820502129785,0.9293139768351812,0.8792027653114467,0.9478048314455725,0.7830810265784999,1.0063517409649811,0.9734014658992723,0.9266419441176897,0.8816311323480283,0.8965007153266689,0.9240588443335969,0.9370216088704754,1.0207729742236167,0.9726646185761609,1.1239589717730132,0.953501801857206,0.9199832905987112,0.8556607056513076,0.9233486252274156,0.8836554513828938,1.0107284606155682,0.782480147775905,0.944246927762937,0.9791401350555798,0.9178727860283457,1.038829767361618,0.9428339157258787,0.8992032398708474,0.8672072457642873,0.8931152439641815,0.9686927166667876,0.7963869165772104,0.9223791300906106,0.8658871149161241,1.0198253262686066,0.8625818634165735,0.9505107126614198,0.9288708826417562,0.8139300777133046,0.933649748691486,0.872001833064163,0.9903390291920428,0.9886207220997875,0.9188069263392965,0.9354024604894846,1.0077486718741924,1.0454921808533162,1.1077152714855878,0.919856618316346,0.8614200223624657,0.8482407879825276,1.0477506057810368,0.9451896990025541,0.9121597314412445,0.8098151963853071,1.0416191650559687
3.docx,0.9442114415864714,1.0699892172381709,0.8580369282218533,1.0411817600827284,1.199102128712056,0.9482936594670903,0.8825927944802677,0.883436675285244,1.1152488106469773,0.9762791774405329,0.9714879681778683,0.8494416850458141,0.9723544587750679,0.894528420398079,0.8977141144475412,1.0227797346983858,0.8997849165249573,0.8564897679356982,0.9818366228533432,0.8691640525857375,0.9748292126640705,0.0,0.7815575218554869,1.0789637077435332,0.9344505311926522,0.9271196826195766,0.9927215776399785,1.0118208423144035,0.988848036596724,1.016321577587586,0.9764867791906177,0.9211467288010455,0.9081957913436224,1.0697906051112747,0.9647477346797451,0.8503912642974869,0.9554628571606943,0.839868681809963,0.8744443068011611,0.8773292738817634,1.1396747709897737,1.0437762484258375,0.8507832124475754,0.8445376458660843,1.1091582463676992,0.8964422846620979,1.0132426534252204,0.9896257371478694,0.9714983586515844,1.0573542987438358,0.94633359737757,0.8446399347477339,0.8760803572931108,0.9601016249515996,0.8475871750379586,1.1041987184103916,0.88405678432852,0.9746188732831726,1.054055437274642,0.9969223401005115,1.0680172685275489,0.9568259945360781,1.0403010361249887,0.8535962939964272,0.9632748391485978,0.90737555129718,0.8307300839321491,0.8169280439716415,0.9132183758543124,0.8507126845032993,0.8583265027720733,0.9285971046155665,0.9011057480141935,0.8404132137473833,0.9557935785027073,0.8956790020637999,0.9803715645776401,0.9108530060554433,0.8386539162449216,1.0279212650399394,1.1188733592716924,1.039077244256506,1.2059408295583602,0.970901407343127,0.9529705252584351,0.9449495525865699,1.0007780294622486,0.9033576632757387,0.9075733581391462,0.8904946740111983,1.0643756463403562
30.docx,0.7417616495951538,0.948843470495121,0.7382198170480904,0.9398784194233158,1.0846285721811966,0.8744642823838404,0.8759770637946704,0.7364118612265648,0.992134912730674,0.7430660599588151,1.000143523535768,0.7033090553273929,0.8647018855673076,0.7799664635601218,0.7095601080694113,0.8840151490185805,0.868874113288438,0.7101588998494178,0.7586414483790302,0.7902425765765123,0.8752909564025064,0.7815575218554869,0.0,1.0032648720190833,0.7369143255360815,0.8633161839680839,0.8521402343838368,0.8856297689946424,0.8974915937529606,0.8441780694975658,0.7212008482740627,0.8107473706096314,0.7882092775618618,0.9915095058085157,0.7908360731109595,0.761020289577796,0.9200957123285158,0.7313090923421093,0.6364546538790384,0.7352590862763634,1.0271535586786387,0.9604129092652043,0.8163404710456189,0.6406797052726688,1.012720529645667,0.6945424016991126,0.8963346169357207,0.9925831388813258,0.8438139926495878,0.9457165542395505,0.9868091321246388,0.8142586037915617,0.7440091939094137,1.0229929042099781,0.7353293871442507,1.1248705580036669,0.7949378345103121,0.9002574443384651,1.0954397980705868,0.8575184449940005,1.0750431585357392,0.8367743398468683,1.0319185515537048,0.777171206480402,0.8628957353229422,0.8443167486317315,0.7259874398306383,0.9024755510905965,0.6889700183904415,0.7525998006209775,0.7810478947432076,0.802226476451921,0.9027207812702865,0.7701621787803563,0.8337468763782369,0.7993352426943343,0.8266674371069301,0.9256744636255446,0.7788459468890732,0.9770663875127787,1.0799688233979872,1.1321152260774099,1.181935643197603,0.998418518032302,0.9575860005534175,0.9209601499327255,0.9606411109052299,0.8259625230028247,0.8262269860641774,0.7371131627238426,1.1033736961707543
31.docx,1.0072520716546505,0.9122536912377974,0.9080408482992125,0.9830496217388517,1.1615834358073935,0.8359066686926301,0.9641669257021234,1.0016443554561711,1.2095709172266451,1.1311152011718972,1.0863223270103881,0.9331666228007642,1.0449353538382806,0.9384126984871693,0.9229338290864336,1.0226485114764807,1.182678074636,0.9860070919171209,1.107209447869907,1.192933263603179,0.9783208084808054,1.0789637077435332,1.0032648720190833,0.0,0.8483339599295705,1.0010294999169462,0.9803126462389649,0.9646166620718433,0.957880045446001,0.971534146259513,1.0434155642036906,1.0872044640539982,0.895931642342421,0.9477641857135554,1.0719596458445233,1.0669760862685789,1.1332876811344759,0.9118807162118364,1.0575747219384353,1.051380673492234,0.8469362898776137,1.2303774493617774,1.010384167815274,1.106644088158298,0.8824783501251904,1.0930259237757753,0.9186678453863683,1.0401439219906947,1.0563507088176238,1.1021246080738607,0.9793653195852113,1.039193555688945,0.9640056109660797,0.9398741005855746,1.0512879203824335,1.0304342812120928,1.099620797876764,1.1375945387159763,1.0383167672932254,1.0778426932151932,0.9107864267777229,1.0595151667572367,0.9723955265119227,1.0622273869230185,1.0557325226999204,1.0314628253357236,1.0448500751914256,0.9741805407715212,1.0557676437003547,0.8760865536856657,0.956082046924114,0.9559845913585698,1.0237183533283711,0.9420069816471284,1.0861250080871143,1.0078222835005368,1.0546583083644023,1.1196367448946574,1.086774371306972,1.0290134733860465,1.0553594247079439,0.9906363523964731,1.1573013103764132,1.0084459961805594,0.9473881380143853,0.9141268314403942,1.2680979699143957,1.01089803848763,1.0150732866685002,0.9769457977390984,1.0687588368762524
32.docx,0.7038100807086374,0.7408865945301548,0.7328643288782181,0.8247971159480662,1.0396213354004136,0.6776683137561819,0.7412098339786385,0.6428320699890031,1.0789667753685976,0.8553675440845495,0.960356945913794,0.7062833212097931,0.7730839610406269,0.6826673487315754,0.6958340856416909,0.8605326886557235,0.902510158826895,0.7569440376210388,0.9546754767653612,0.9105810618837487,0.8718176895764681,0.9344505311926522,0.7369143255360815,0.8483339599295705,0.0,0.8448497083748231,0.6423325391913509,0.8428994800904746,0.8067172017461921,0.8480220505748629,0.8373595710515184,0.8029428513872605,0.6253215038144662,0.9826144128962149,0.7489261855678201,0.8712999298077461,0.9397298265131917,0.6944637677729717,0.7502634728627261,0.8063246669387587,0.7964108029697097,0.9259973833242792,0.7988427362759619,0.9264033683821213,0.8497035896357827,0.8199552993353878,0.8531777021596912,0.899091508481374,0.8044161060721371,0.9554962257368372,0.8415502677216793,0.8349847639973756,0.6701735968210478,0.8515553903354227,0.8285374542414203,1.017941359544694,0.8216347761708184,0.8080402825518982,0.9314818871378443,0.7659081524626123,0.856892382185157,0.9221101567737169,0.8628006509044123,0.8042595792516003,0.8164996428112882,0.9032534606704012,0.8714502030101887,0.8319789150314356,0.8241390463960766,0.8901207956028522,0.6865182097801893,0.8301232087708266,0.77630029279575,0.6927619696310648,0.8151817067614173,0.8297101941011594,0.840765762048197,0.8725018501567263,0.8081790312364368,0.8632118640285978,0.9136182225807851,1.0345937634119298,0.9826038244773434,0.8562501632477308,0.853659543370203,0.7321765676698895,0.9658046438973993,0.8587561863224142,0.808496588372735,0.816042913801237,1.0021231017422354
33.docx,0.9871225922828917,0.9117366595875428,0.7340172151447341,0.9271590087430294,1.0032216315436466,0.8387456593592632,0.8867101870230069,0.8527546986655841,1.101857534300843,0.9562883414910308,1.0545327518666285,0.8481836660231479,0.9101377008864016,0.8502925156583353,0.8946527993513557,0.8946173281818975,1.0020020697420882,0.82470669867049,0.9584928966501423,0.9524450582456864,0.8520034983636083,0.9271196826195766,0.8633161839680839,1.0010294999169462,0.8448497083748231,0.0,0.9820455796731636,0.8860922883045703,0.9742433699362788,1.0371546526960886,0.8997364155011113,0.8840736234654578,0.9334877877122834,1.0528246625363848,0.9286484345732365,1.0106487519805905,0.8382484581966443,0.8181443888148717,0.9282086995859923,0.9149234160515615,1.1048191049556004,0.9585510965645875,0.8102246425589995,0.9699941932495271,0.9892891945117984,0.9797436522097418,0.9152592517846364,1.1054535151783909,0.9427207205886338,1.0427282420393467,0.9985418690965767,0.9541505060035428,0.9344445924503827,1.069747835822929,0.9428323582923974,1.1177438827490271,0.9694950610226136,1.0077884890149462,1.0781738050959107,0.9515606046168673,1.0773680920447106,1.0209911134303626,0.9894645850746135,0.9436732439821637,1.031255988706318,0.9853715155688958,0.7967377006025721,0.9505484547811133,0.9311471123168311,0.9823268815036376,0.8338134741312103,0.7996648912675994,0.9978852020971503,0.8521692839147319,1.0042584474340952,0.9571157444428293,1.0289831639923872,1.0197639802610068,0.9067287612238509,1.081039789233753,1.1056471746787582,1.1405561811136153,1.2215057218020147,1.0824887173695132,1.0106912414980411,0.9232755236583701,1.0676099395269998,0.9623292803414213,0.8917511838801646,0.889156045984216,1.0497927622083836
34.docx,0.8091914126068039,0.8704418172203751,0.8377666900322653,0.9171545561468476,1.062086302121772,0.7888763166903263,0.9008456292794701,0.6860027601568506,1.1196697343701931,0.9766130438625369,1.0462658392862323,0.7352479643135865,0.8711596014939917,0.749843261043993,0.8721141849730418,0.9760294043975971,0.9955858579535258,0.8854051958742647,1.063014309552089,1.0769199228020438,0.9171402664677909,0.9927215776399785,0.8521402343838368,0.9803126462389649,0.6423325391913509,0.9820455796731636,0.0,1.0305708509419533,0.8552255658581595,0.9877909873659562,0.9185968866781998,0.8821021312816489,0.7496788487881209,1.1383884747734712,0.9372216995604439,0.9758077770528591,1.0171912266232948,0.730414628179779,0.9197858362567224,0.9567237286746049,0.809007228579669,0.94620340912004,0.9134123757511372,1.0133118561870966,0.9226390623571343,0.9299171580816054,0.9524104776142143,0.9905338324915038,0.8551254864138279,1.015831724574363,0.9803386770933442,0.909623651848228,0.8033972041708077,0.9186718617915204,0.9212738073973904,1.032887765015843,0.8922568723491118,0.9151095235192669,1.011003969906974,0.9198940397668153,0.9345668534317478,0.9818289777557851,0.9183664935854953,0.8571449646483774,0.9538743097721359,0.9880279654934289,0.9348632298992606,0.9070734218280896,0.8483572164854841,1.03925679529105,0.8064217111606221,0.8972939100546274,0.8429944375201832,0.8158770966310012,0.8442362534292707,0.8560111541665496,0.8861128758696389,0.9077372878178704,0.9282562188240989,0.9845506142535646,0.93541864973007,1.0794097215427492,0.9628781520371696,0.8607458595309818,0.9314177137007431,0.8316733698314575,1.0040384391575465,0.9718557551889075,0.9278365644300467,0.9179434960478767,1.021707421089818
35.docx,1.016197383740784,0.9542906113397158,0.8091621845621739,0.985424382167653,1.074614455704464,0.8085535252960502,0.9052726398364692,0.9219592858711277,1.2560390199022562,0.9836950283203538,1.0365600470069816,0.937487892447534,0.9899141411033595,0.9590091840966495,0.8854244699564728,1.0174120075861406,1.0252906978459269,0.958852471591866,0.9635746480558857,0.9761951665362331,0.8742987784870065,1.0118208423144035,0.8856297689946424,0.9646166620718433,0.8428994800904746,0.8860922883045703,1.0305708509419533,0.0,1.0408446735265742,0.9373824407046026,0.9998587939581904,0.8807468462561907,0.9965325434587552,0.9872230645992255,0.9367109592392708,1.0540530859989217,1.0517559685517324,0.9044671885683274,0.9202648905308602,0.8693498528647455,1.0876097264773432,1.1460802280459452,0.9170527832992397,0.9001919301750599,1.0263046570757235,0.9065654974784597,0.9374376681185866,0.9839444105262615,0.979652132241794,1.1950971865088555,0.8446417522553634,0.908328223474297,0.9013855304658738,1.0158579763767017,0.9220356868657524,1.1229013480655787,0.9252910670663111,1.0704078830726562,1.09821972445028,0.8786607495604002,1.0329302554978503,0.9778417984579378,0.9399144081571901,0.890147950295409,0.8517828344728133,0.978562218971243,0.9194581021060853,0.9844679451129764,0.9647472068054774,0.9753508832435912,0.9126110839296507,0.9605047715125942,0.8464983787178934,0.7955872408592044,1.1169706157014436,0.9357268704086182,1.0160679389649179,1.0215978950876128,0.9100778994053588,0.9711814508855257,1.1287236099834006,1.0571053220477051,1.2128523438196508,1.0294141603673734,1.007452430000649,0.9452077840175409,1.1368483642789229,0.962120815094586,0.9150587832742311,0.8292620966737274,0.963591180361513
36.docx,0.9146923704877866,0.8965807354344772,0.8661026453604183,0.9790750411564246,1.1494702004760275,0.8346956595209294,0.8438280068541326,0.8408732779291593,1.1972176164716464,1.0193633871613874,1.094376045901874,0.7795908696079448,0.9416271495368217,0.8387266600526175,0.7962472713002582,1.0030023526267726,0.9958980420869055,0.8829337586613264,1.0659522480083412,0.9942483899312748,0.8130977557556105,0.988848036596724,0.8974915937529606,0.957880045446001,0.8067172017461921,0.9742433699362788,0.8552255658581595,1.0408446735265742,0.0,0.9063786085633728,0.8735527653990934,0.901414934377665,0.8410419452720385,1.1001208533019755,0.8260283177774452,0.9739304513843426,0.8823878149820145,0.8125474607568114,0.9541901620739418,0.9267813279114668,0.8865569765451025,1.0406834436789958,0.9201386163825649,1.0080270742188375,0.9720870809827612,0.9649100228533256,0.9815792733614849,0.9677068694568889,0.955864446008111,1.0648736621172032,0.9305454874032639,0.9528307025234635,0.8131136309322965,0.9171680421575772,0.8441189876763353,1.0047738205142256,0.8747159170644528,0.9948114470871731,1.0371985452612043,0.9061066204018877,0.9536055269160082,0.9926021880574021,0.8324407197223167,0.8758862681687279,0.9150051962325481,0.9583306170189541,0.9184681824189805,0.9028465129498484,0.861122206577173,0.9498601591212844,0.8125176651797901,0.959927912428902,0.9250617871810678,0.9001065237013245,0.8175248126444239,0.8740030538924246,0.8612503520149662,0.908702843004861,0.9355643439647688,0.9684711512043158,1.003962284062662,1.0419128126345132,0.9321926160106427,0.9592762601532832,0.929780557264622,0.8778898960820825,1.0246688224843927,0.9581669082354519,0.8820690113561244,0.8539978572764403,1.0343547366122254
37.docx,0.9676683425541702,1.0214813476630409,0.8990707914601779,0.9553065019694806,1.2721805913005502,0.8964184700137071,0.807648138690405,0.8580624438601369,1.2379018026151585,0.861489978866511,1.1053776075688322,0.8517929591946839,0.8605397207762305,0.8572635057262912,0.8389576500644015,1.0361687640726702,1.0592543216348613,0.8718401702683909,0.9281630512696402,0.9108151314792383,0.8461464441006754,1.016321577587586,0.8441780694975658,0.971534146259513,0.8480220505748629,1.0371546526960886,0.9877909873659562,0.9373824407046026,0.9063786085633728,0.0,0.9489629477233398,0.9516150455206462,0.9244538616790217,1.0816252491037237,0.7681694891103611,0.9612021209150078,0.87703503619412,0.8321048628859802,0.9445123020421239,0.8327525613341712,1.053574432376627,1.0773752969446304,0.8837821132141366,0.8501477352699345,1.1213353585069994,0.9347510685492797,0.9344200653661277,1.0047907988108888,0.918491033213638,1.1082751083353108,1.0027278219830942,0.8386514526458647,0.8103948556474159,1.0457832249396075,0.9863556118341705,1.1715684507397293,0.9003165871697589,0.9312972483435336,1.11300263250108,0.8967964209675345,1.0592058045350716,0.9482820089576341,1.0409501981436187,0.8302301838028978,0.9519296793602487,0.9078599463358213,0.8750385328748453,0.9790086074416502,0.8638302415678134,0.9805281665296971,0.8593643673910288,0.9390306770278255,0.9419155203843335,0.7937177951537575,0.9095174659042451,0.7321363530356845,0.9740361361992876,0.981881931001,0.8643126705995283,0.9935722328911187,0.9839768500061764,1.1996438823651179,1.1176503050817863,0.9966806078061551,0.9409806596346765,0.9163631888613414,1.0566347575206902,0.8998826105002498,0.8867088484050286,0.8103032742624373,1.103264868843984
38.docx,0.8464159956261006,1.027447227722607,0.8248106484339288,0.9541719902410558,1.051246181648779,0.8888489323806891,0.8829962805425374,0.8231892867323427,1.0744799370607598,0.9197152229228768,1.002428410506883,0.8367752480078537,0.9468692316292727,0.8157970687006869,0.8148180370811372,0.9799052895339208,0.9815865782238065,0.9415216997890894,0.9262889335107175,0.8805235118070511,0.8822011989427867,0.9764867791906177,0.7212008482740627,1.0434155642036906,0.8373595710515184,0.8997364155011113,0.9185968866781998,0.9998587939581904,0.8735527653990934,0.9489629477233398,0.0,0.8557057374012352,0.8420941267242109,1.052927050731431,0.8663622229641307,0.8254482353713157,1.0382611060490898,0.8805126419030012,0.9099066624372176,0.830985652465043,1.0710134338581037,1.0159951901932487,0.8594374394838783,0.882307193261296,1.0429407520657528,0.9021901592081777,0.9518730483413563,1.0574603927566437,0.9589374332935453,1.0348324589767917,1.0113453991544739,0.9380463059151406,0.9201151310405449,1.0053927181547058,0.8619968010561773,1.0569553612949756,0.8996483476215247,1.0329162178445563,1.1740286456361888,0.8955586957528316,1.0919531706271857,0.9677020655309608,0.9411865768120425,0.9351140694017103,0.9704153397339025,0.9348556808056265,0.8273535204326233,0.9221306823832366,0.8580960143237594,0.9459122545177485,0.914543301899712,0.9925488037189507,0.9683752170617203,0.8482509386302922,0.9362705429488258,0.9563192002293368,0.8130357634905746,0.9922586782955602,0.9449031387351289,1.0378534708632285,1.0838745485655616,1.0701271201384552,1.194533673681847,1.0391143841721295,1.0119647894159376,0.978634938462935,1.1063925866885087,0.9961968180541093,0.9042544179461198,0.8958685161165211,1.110982801135542
39.docx,0.9023842601437189,0.9198887451704849,0.7835630775561442,0.8596537887315848,1.05832552504178,0.8672175378322116,0.7608461633918532,0.7989268527275601,1.17237163423525,0.9519754531077927,1.0723074936335517,0.7831342232597279,0.8503182488438026,0.7973910172542484,0.9350602666278545,1.0001554806184796,0.9626302607767694,0.8955359237063776,0.9843953528449024,0.8805002893869565,0.9488355376299182,0.9211467288010455,0.8107473706096314,1.0872044640539982,0.8029428513872605,0.8840736234654578,0.8821021312816489,0.8807468462561907,0.901414934377665,0.9516150455206462,0.8557057374012352,0.0,0.8852938071991789,1.108396796535591,0.8431771132370269,1.0295810241506027,0.9691647239555553,0.7777794479027612,0.8723088493706429,0.8089272403593912,1.0224818096805581,0.9410930128674011,0.8857258783904388,0.9513484271782029,1.0925436823735442,0.9000792572462664,0.9700247110971943,0.8968457739811656,0.9163713207991363,1.11299595912608,0.8806429265206204,0.8192164558205665,0.8482823774074462,0.9754103746750541,0.9276999916261677,0.9885800568137841,0.7987765186464725,0.9757392137362774,0.9464304478394674,0.8206680316843182,1.0121335988297617,0.9889890894765101,0.9422774152263392,0.8623325279608517,0.8921594194230045,0.8464881783063837,0.8577027430183058,0.797143001610383,0.8955748109557041,0.9852190483281847,0.8286377981847309,0.9867220411842338,0.8315497611572673,0.8168855969107724,0.9681839204587088,0.9037377716151269,0.878187588541237,0.786504875947158,0.8369270021924923,0.9307658185382611,0.9980635721242973,1.0569124721231369,1.0127206625982772,0.9351903998538741,0.9242855333768568,0.8436158187250207,0.9831833978514639,0.9340600782713261,0.8660476035815918,0.8639094301069103,1.0041699596244316
4.docx,0.7289263415390482,0.8839365251822947,0.7691560074214299,0.7777149941002941,1.053366174071043,0.7005728559098686,0.7468204754086023,0.7371735848144421,1.1172079851433911,0.9252993779448699,0.9763318405753089,0.7659617940677244,0.8359180459073983,0.6835202811667682,0.7575534375011835,0.9550761048491409,0.986218440152379,0.7664457252555017,1.0165899521152832,1.0351874970340496,0.891307702678996,0.9081957913436224,0.7882092775618618,0.895931642342421,0.6253215038144662,0.9334877877122834,0.7496788487881209,0.9965325434587552,0.8410419452720385,0.9244538616790217,0.8420941267242109,0.8852938071991789,0.0,1.0011411583945438,0.8760034926114432,0.9480264298669896,0.9534784100704988,0.6967782895547672,0.8230698735688959,0.8708568934604496,0.8153201599828528,0.9912383515881065,0.8714316172976632,0.998942938794268,0.9373570699454042,0.8564933073923336,0.8778105681853289,0.8942708662324067,0.8424677733673801,0.9645751784434509,0.859740462107473,0.8112633548505898,0.7625524939877316,0.8505415664062685,0.821381856610315,1.0223842987204323,0.8414256635912981,0.8352700965084635,0.9539888047692415,0.8861651511963602,0.8512182131623532,0.9039588941676068,0.8806585489372682,0.7940365658969176,0.8814993742563569,0.8840551522910757,0.8682280705437893,0.8200396020613163,0.8176359377169085,0.8630896116323246,0.7396151023579963,0.838522876715011,0.815940237993846,0.7490940382024915,0.8509147534795936,0.8002944542591496,0.8960397787451481,0.8885227263814124,0.7245770209262119,0.8094870087121775,0.9224198362709921,0.9772418070866605,0.9575084479011357,0.811589143364097,0.8510669833187781,0.7670448297309891,0.8780928209955932,0.8684421578773991,0.8403243741136415,0.8703829204781824,1.0444545878873304
40.docx,1.194260948773392,1.0742257636348647,0.8660371548573642,0.9918425389109194,1.3148942693428536,0.951872806472677,1.0517618154876436,1.0380406904909834,1.2983385913546226,1.0753657528157599,1.1807126124967753,1.0700551457433756,1.1093401462097259,1.0352823113042242,0.98879921322038,1.195409743429189,1.1606212173966508,1.018689214274398,1.080704212315833,1.1069443463123252,0.9235587346354673,1.0697906051112747,0.9915095058085157,0.9477641857135554,0.9826144128962149,1.0528246625363848,1.1383884747734712,0.9872230645992255,1.1001208533019755,1.0816252491037237,1.052927050731431,1.108396796535591,1.0011411583945438,0.0,0.9674980470482197,1.1183311188702878,1.0974924528565149,1.0308346545479552,1.0423274205415556,0.9471162133101519,1.0689844496808212,1.234216973648552,0.9621929044935678,1.0748772367181854,1.1112027719660675,1.0814798233889371,0.9865133445647103,1.047940866252203,1.1231830033807513,1.2604131268236243,0.9568576971539882,0.9983549184926112,1.0486925289700069,0.9818985845469494,1.102181206093234,1.2068012855726673,1.0651446199992372,1.102116874406854,1.0125353491459932,1.074809243491838,1.0593762917762097,1.1595519193598316,1.058724285047222,1.0322551484012028,0.9847757577774711,1.0635347210030839,0.9210343250605267,1.0622004277400965,1.1305600392609085,1.044434727959382,1.0483315371200923,1.084123507614281,1.0440268623823237,0.9962666668975967,1.1272685121696155,1.0472258366018459,1.2374544727010652,1.137337191074345,1.0524749571344088,0.8978141062573145,1.0477467148357302,1.1158756242130465,1.2019763704817947,1.0328204575728634,0.9815231438079638,0.9708976053269163,1.174290210639195,1.0406809713606229,0.9574162933703155,0.9928227360197087,1.0533861768507253
41.docx,0.9106628426689999,0.9422605324652318,0.8264083809267929,0.8374279981054024,1.148633960044883,0.8921410331619506,0.770907163281213,0.7763133038129463,1.1368939197507537,0.8621816117405865,1.1135004980990322,0.794650686857151,0.8989679062176628,0.7439010069903402,0.7831950118904777,0.9890380667213456,0.9934712976661748,0.8004228362323168,0.8804360199767894,0.841201772283749,0.7833335073546452,0.9647477346797451,0.7908360731109595,1.0719596458445233,0.7489261855678201,0.9286484345732365,0.9372216995604439,0.9367109592392708,0.8260283177774452,0.7681694891103611,0.8663622229641307,0.8431771132370269,0.8760034926114432,0.9674980470482197,0.0,0.9722777949857729,0.7896767024649302,0.8626844487203558,0.8894237594084916,0.7678312503050787,1.0309521901918897,1.0175028937496398,0.8858195109365404,0.9331501242535819,1.1065900648183788,0.8951848955142195,0.9438021314323027,0.9350552081647672,0.9343675065658862,1.0716824186392855,0.8867614872066685,0.8520303428660904,0.820270259070265,1.0164611475380991,0.8797711106086894,1.1641574197205065,0.8535388708154512,0.8875505841370661,1.0218409425109345,0.8082387769704509,0.9581344352947953,1.034457114991652,0.927066239002714,0.7771239817743185,0.8618863312675059,0.8868501022867276,0.8103848997589467,0.9516952257274387,0.8231728902553419,0.944221855341316,0.7896026162958556,0.960069078856805,0.8712653024901297,0.8440169788656575,0.8621456965267139,0.7964876750287069,0.9713574457037331,0.8992849093666435,0.8459360746023152,0.9280678075162997,0.9056122187876632,1.1368876004099286,1.0106295349188499,0.9415534223633607,0.8937726273779432,0.8809706083880893,1.0016844606056208,0.8783339806865267,0.8174124750439699,0.845678449112078,1.0994351904402158
42.docx,0.9144052362974078,1.1192365255176797,0.8723451720577845,1.0496210105060448,1.147651444715908,0.9160167680199857,0.9554040893343726,0.8860374501865299,1.0919344362894767,0.9323045832069901,1.0489980684198996,0.8565498822663846,1.0334917423353387,0.9459727155686193,0.8669627701914048,1.0780274355963593,0.9945555320112457,0.841054013970428,1.0423145477251419,0.9229074829753268,1.009820502129785,0.8503912642974869,0.761020289577796,1.0669760862685789,0.8712999298077461,1.0106487519805905,0.9758077770528591,1.0540530859989217,0.9739304513843426,0.9612021209150078,0.8254482353713157,1.0295810241506027,0.9480264298669896,1.1183311188702878,0.9722777949857729,0.0,1.0975107410177252,0.9339419095271511,0.9443813049824784,0.9418173469439977,1.0913530655013768,1.1646285172181212,0.9394265914994966,0.9337972162067392,1.1084857355317241,0.913679968843009,0.9743047080477703,1.0751604676493485,1.0826708915389076,1.1509496051870256,1.0477579826978332,0.9917288498341269,0.9105984016782152,1.0018798330582612,0.9286982840079867,1.1832022722160804,0.9918031109383763,1.04876068753694,1.2050256026678612,1.0252702940804137,1.1388204981668444,1.0048807943139813,1.045175813878662,0.8884159548454456,1.0078692520074224,1.029439525465329,0.8787076289808239,0.9348636299695379,0.9167127945713405,0.8690108830141887,0.9153534904753272,0.9554666408396518,1.0386894092695724,0.9218258501198824,0.9712095160571829,0.9670308247320024,0.9838653070983853,1.0522504025629469,0.9657421944642901,1.0764914950997087,1.136285161997447,1.0462902579404885,1.3128873935281549,1.063181191088683,0.9782573170587904,0.973048876647782,1.1029705427694263,0.9661318694747473,0.9427710616430016,0.8614347337349515,1.1659194089733917
43.docx,1.0635468533534336,1.0324963230643514,0.9205330526392734,0.9036022399672143,1.2319480199769588,0.935705236583772,0.9300973714365094,0.8712485681899842,1.200734316251638,1.0273878511820802,1.1550380299322656,0.8861331052330024,0.9415432667132368,0.8816868239947158,0.9723211551785492,1.0968607202897913,1.0931514294969196,0.7870015048203574,0.9924230905163265,0.9733336309318584,0.9293139768351812,0.9554628571606943,0.9200957123285158,1.1332876811344759,0.9397298265131917,0.8382484581966443,1.0171912266232948,1.0517559685517324,0.8823878149820145,0.87703503619412,1.0382611060490898,0.9691647239555553,0.9534784100704988,1.0974924528565149,0.7896767024649302,1.0975107410177252,0.0,0.86065266056932,0.9751570629334476,0.8979752039795814,1.0923983663761472,1.0803673559136961,0.927121582736027,0.9585421269292465,1.2034761975701762,0.9835829578349667,1.0831968851951663,1.0848234254275626,0.9811212452376935,1.1518278110562283,1.037036974183238,0.979583120391944,0.993599886800489,1.0880988900309283,1.0475639807701271,1.2062224038812703,0.9615033313119661,0.9209434900930537,1.0929879291727709,0.9198718169728213,1.141526633165692,1.1390806623993044,1.0701799960875404,0.9367690918135553,1.0149074415865447,1.0286701092693245,0.9391374323057587,1.0203781677887804,0.9683815598604665,1.069856880343461,0.8925966469422772,1.0276206237258556,1.0028595503652418,0.970903593600791,1.0068574039369105,0.9038997555998434,1.0709708230838717,1.010052182012648,0.9696585274748277,1.075535730633181,1.0895337149609126,1.2119638273876012,1.061294873162854,1.0985431389841371,0.9647702928360832,1.004763193473368,1.1075592268277434,0.9884949262425903,0.9830654161969278,0.9647137282562938,1.1704876181882649
44.docx,0.8156315351825515,0.9005977416341776,0.7075319979700115,0.8468617152629075,0.9864446121639331,0.7463070344345866,0.7491567271930133,0.6618181596290914,1.0516660152548736,0.8058711257838602,1.0055267505602214,0.6713936370496555,0.8534459970628623,0.7441028797765448,0.7872997367601843,1.0116127693291925,0.9086108842091325,0.7569016343441013,0.8886193398837218,0.910240628721923,0.8792027653114467,0.839868681809963,0.7313090923421093,0.9118807162118364,0.6944637677729717,0.8181443888148717,0.730414628179779,0.9044671885683274,0.8125474607568114,0.8321048628859802,0.8805126419030012,0.7777794479027612,0.6967782895547672,1.0308346545479552,0.8626844487203558,0.9339419095271511,0.86065266056932,0.0,0.8206637317816291,0.7508623756514266,0.9108629537072876,0.9317713678816609,0.8246369323864577,0.8699853275835288,0.9668203714859166,0.8080658976833797,0.8750796299975049,0.9472604402841535,0.8429872294392549,0.9877992145381381,0.8949964798275353,0.8161881795098656,0.7337558324876512,0.8934525997696839,0.78087351609753,1.0443996102540598,0.7954627054356928,0.9030732220230336,0.9897568801172919,0.8461328754606791,0.9026585331218604,0.9265001875212613,0.946373829940499,0.8001036901916981,0.8680242728549302,0.8818233938218567,0.8113876848945875,0.8283628542075107,0.8110843232719082,0.9080948720446971,0.7590093619977994,0.8101644476323027,0.8171970516100419,0.7778884204641625,0.8487252009589112,0.7991870672929143,0.8608854621536284,0.8523715721065274,0.8059232944884,0.9177256594489084,0.9240594861525523,1.0135664747565032,0.9769663862282363,0.802219817598602,0.8853192709453456,0.692369151108765,0.8596016106202795,0.8407540147110197,0.8398408498689518,0.8312544373669059,1.0031413337084927
45.docx,0.8596835399581925,0.9949040092731561,0.8618006699412583,0.8853837861295715,1.147686743629219,0.8598358367679989,0.8853042185171478,0.8104859298007419,1.0975617620064455,0.9008145271329802,1.0267874317422947,0.8594770831023453,0.929533794282491,0.8410843884512467,0.7755831551482255,0.9579943253610002,1.03311720903413,0.8287428642012467,0.893513212337444,0.9849110674914874,0.9478048314455725,0.8744443068011611,0.6364546538790384,1.0575747219384353,0.7502634728627261,0.9282086995859923,0.9197858362567224,0.9202648905308602,0.9541901620739418,0.9445123020421239,0.9099066624372176,0.8723088493706429,0.8230698735688959,1.0423274205415556,0.8894237594084916,0.9443813049824784,0.9751570629334476,0.8206637317816291,0.0,0.8280670554473032,0.9458991812354314,1.0493080487484177,0.863428913011589,0.8694904374052317,1.0718154961923585,0.8767875695934273,0.9936306215755027,1.0494109796233992,0.9099031459933675,1.0172428263495912,0.9085378264279751,0.9478711551247448,0.9000287152388907,1.000083228838908,0.8882693330571472,1.1571143740050243,0.9241684942101274,0.9737599108063404,1.0861839371086812,0.8445239489235864,1.073162138822214,0.9675583389524383,1.0269930682028856,0.9361274096263359,0.9608546734355538,0.9597170334424512,0.8666561574653006,0.9352832136043606,0.8991504581081528,0.9706614595281554,0.8615565466762706,0.9321369547185755,0.888429635333981,0.8608136382250511,1.0030725209992901,0.929271410084349,0.953480615452997,0.9940342929208235,0.8804719187044541,0.9794906998568379,1.0871472044683075,1.134701199581144,1.1622702230148638,1.0399094426065363,0.9524770631288092,0.9124903708095586,1.0626114443201922,0.9666985061624206,0.8957336775115512,0.8784862147821301,1.1134672759109308
46.docx,0.8810988576538211,0.9640903106053758,0.7330565200510318,0.8897635944476561,1.1853155206896404,0.8959951063544791,0.7517188561319168,0.8104085301272562,1.0692910583069863,0.6860058019556925,1.0326157882550349,0.8237096237144068,0.8149780818305107,0.8515945127603941,0.7959960044009923,0.997687144936343,0.9424937947865919,0.8095755666636393,0.7475359224468989,0.7881405468586118,0.7830810265784999,0.8773292738817634,0.7352590862763634,1.051380673492234,0.8063246669387587,0.9149234160515615,0.9567237286746049,0.8693498528647455,0.9267813279114668,0.8327525613341712,0.830985652465043,0.8089272403593912,0.8708568934604496,0.9471162133101519,0.7678312503050787,0.9418173469439977,0.8979752039795814,0.7508623756514266,0.8280670554473032,0.0,1.0034626608832742,1.0229999201302713,0.8054054127171222,0.8092493553150457,1.108761731738678,0.7812870972771442,0.8923816116734541,0.8375784236112324,0.8689049865469723,1.0636839409947185,0.8286053647746815,0.7686738444274903,0.8074462232318099,0.9319702694835306,0.8291266731365313,1.0894494817498086,0.8326131005919243,0.9563917582873542,1.0205053491782519,0.8221644297167697,1.0067594014587466,0.9771226194570088,0.9154729062030579,0.7426694670897889,0.8488631838956819,0.8360371222428689,0.7400347730561819,0.8618981087472497,0.8197062233468528,0.8975261224117195,0.7923371606572123,0.9140837796280696,0.858302385678989,0.8246082459170515,0.9791825300959297,0.7220894341765712,0.9377115696350354,0.8752675818199552,0.8007152962464665,0.9450177497631296,1.0294477180607564,1.0701315060248235,1.1374814340871737,0.9325950077698681,0.8898036773998799,0.8189036060954735,0.9548798853438284,0.8868014826400039,0.807074617825441,0.7661757852626689,1.0461561128998833
5.docx,0.9708792603291811,0.9566084977256955,0.9137291547946615,0.9165067012914447,1.1469848984371014,0.7882443143549928,0.8947892209278838,0.9047476294945078,1.2542870372373143,1.137542506853252,1.1349365946857588,0.9247062118942843,1.0187126272076614,0.9383133874493782,0.8860116072645943,1.0741777276904392,1.1376120128203464,0.9799652221294828,1.1447851330389407,1.1816479499766814,1.0063517409649811,1.1396747709897737,1.0271535586786387,0.8469362898776137,0.7964108029697097,1.1048191049556004,0.809007228579669,1.0876097264773432,0.8865569765451025,1.053574432376627,1.0710134338581037,1.0224818096805581,0.8153201599828528,1.0689844496808212,1.0309521901918897,1.0913530655013768,1.0923983663761472,0.9108629537072876,0.9458991812354314,1.0034626608832742,0.0,1.2435012618804735,0.9830772984126446,1.168156152482656,0.9524261275872391,1.0338077234163112,0.9865233928056611,0.9472951127627166,0.9169694321954139,1.129851626076184,0.8500394903800497,0.9970203199211062,0.8844184000908563,0.797909602993622,1.0342983452036598,1.0301412362589684,1.0563768896701775,1.036405257956312,0.9656952259259804,1.0300088088348474,0.9165922771935926,1.078608911298139,0.9118469229331495,0.9860769502350964,0.9309024845488557,1.0429549142454346,1.0299139504620483,0.9862432171032315,1.0333563740289233,1.0216171528226412,0.8447416681054547,0.9881165457550901,0.9098639158197606,0.8818208216182746,1.0105727505667994,0.9794006688084419,1.0457877232289101,1.004035792259795,1.012326439364749,0.9464067694123618,0.9554461816327151,1.0105056885759116,0.9692435065550471,0.911829525592357,0.8660951341746219,0.8722967119067646,1.1307288078266593,0.9719438294031759,1.0539893800794398,0.9472999056566935,0.9799536585799007
6.docx,1.022418460516238,1.0570155534049859,0.9866925934543521,1.0281494216401261,1.199459503932106,1.0397576595996272,1.0623287860186446,0.9006863629942763,1.2669004686008007,0.9974975231484083,1.1256299736131452,0.9518529300701833,1.052273776537442,0.887448309637628,0.966973575513541,1.1047318410037517,1.1162112322683235,0.9451208622120747,0.9585354569522135,0.9346593755930587,0.9734014658992723,1.0437762484258375,0.9604129092652043,1.2303774493617774,0.9259973833242792,0.9585510965645875,0.94620340912004,1.1460802280459452,1.0406834436789958,1.0773752969446304,1.0159951901932487,0.9410930128674011,0.9912383515881065,1.234216973648552,1.0175028937496398,1.1646285172181212,1.0803673559136961,0.9317713678816609,1.0493080487484177,1.0229999201302713,1.2435012618804735,0.0,0.9900362470866443,1.0470875694799826,1.2152585002361476,0.9916251736977787,1.0142849538631302,1.1975815380775696,0.9933302674380938,1.2141715521086736,1.1124431305006008,1.0336491299845987,0.9613153968382875,1.238625861200767,1.0103900690160779,1.2780644905380876,0.9471532982099521,1.088920089761445,1.1784735380747144,0.9575227213100048,1.1476682413203272,1.1520816551241726,1.1086411269370746,0.8964139694503287,0.98698725117057,0.9701041562361524,0.9501964851004101,1.0909524375628583,0.9182702281363758,1.1559961420564246,0.9026771590058251,1.0598984315881785,0.9642051035904059,0.9619591226970647,1.0301722167111194,1.0086943644957342,1.034579250289167,1.0251863729414945,0.9205662666479022,1.1846025774096192,1.2375283242498298,1.3159519458278297,1.2660838785766082,1.1406459648850749,1.0906880090136326,0.9625310175693674,0.988590470885396,1.0492986693578752,0.9608845996165654,1.0479412759163804,1.2148565450567306
7.docx,0.9510247828793803,0.9902308217862819,0.8106727450743072,0.9023889463873738,1.1644671855130486,0.8646944373467735,0.857797902819401,0.8516605155398532,1.1652879328074357,0.9074765423062842,1.0145259851732413,0.833348253666515,0.8347467899446941,0.8477441761921432,0.8850921319964478,1.0381412657531996,0.9801437525179043,0.7190287521410578,0.8947475268117603,0.8119682180179041,0.9266419441176897,0.8507832124475754,0.8163404710456189,1.010384167815274,0.7988427362759619,0.8102246425589995,0.9134123757511372,0.9170527832992397,0.9201386163825649,0.8837821132141366,0.8594374394838783,0.8857258783904388,0.8714316172976632,0.9621929044935678,0.8858195109365404,0.9394265914994966,0.927121582736027,0.8246369323864577,0.863428913011589,0.8054054127171222,0.9830772984126446,0.9900362470866443,0.0,0.8433345509082867,1.0614028929841601,0.8893203744657662,0.9325672730342327,1.0046593092791831,0.9082890132202031,1.0928412470406996,0.9147942584632783,0.8826779256604469,0.8755601888953253,1.006574055592933,0.9449875749919017,1.1484766734863876,0.8827331661065599,0.9422657003812813,1.0537933973321967,0.9032979491551578,0.9840627188199151,1.0165622899568654,0.9945319068436892,0.8499763276602053,0.9115881293285562,0.9625645042440959,0.8379387053662444,0.9240150170983502,0.8894154671944566,0.976856234273666,0.8507043441032731,0.9705579253091056,0.869441455918785,0.8505526546503738,1.0159234952889857,0.8938086581555548,1.0667658284560104,0.9555589212514907,0.882901637333557,0.9531694444692418,1.04399878758277,1.1118907871255927,1.139946451400101,1.0130971016769932,0.9139373752312665,0.8904241258662811,1.0288396135661995,0.8874332712250201,0.8746085920646364,0.772837777844107,1.0350256826620052
8.docx,0.9221239712690819,1.0738054219118864,0.8473259488995245,1.0852989663017316,1.107712701624851,0.9759146785881373,0.9287861825492812,0.880917307564163,1.056058566482006,0.8027738882290261,0.9978292654597851,0.9207650202858818,0.9052069795822585,0.9568429713582904,0.8145975331806303,1.0238768196498733,0.9502936941741403,0.8624562862333468,0.7352278348064849,0.8035085680658408,0.8816311323480283,0.8445376458660843,0.6406797052726688,1.106644088158298,0.9264033683821213,0.9699941932495271,1.0133118561870966,0.9001919301750599,1.0080270742188375,0.8501477352699345,0.882307193261296,0.9513484271782029,0.998942938794268,1.0748772367181854,0.9331501242535819,0.9337972162067392,0.9585421269292465,0.8699853275835288,0.8694904374052317,0.8092493553150457,1.168156152482656,1.0470875694799826,0.8433345509082867,0.0,1.0678409095975416,0.8682180347409921,0.9652121384212436,1.0087315107735066,0.9577798977175662,1.0103499977085653,0.9511888416108022,0.8584892599543644,0.8719789187129815,0.9825569555974308,0.9035947760869667,1.2005837581750765,0.9526240566427094,0.9898335999253348,1.1303506253425524,0.9676739539966056,1.0931453586523951,0.887439649429783,0.9952997972242911,0.8026996999470376,0.9006659266337583,0.9205436394104839,0.7436646402975776,0.8886330092389634,0.8178573018104095,0.8614362599615383,0.8760891489186744,0.8962945269992013,0.8733311938923071,0.815754172589592,1.0430726759753708,0.8441365171922943,0.9438344265984182,1.0195008168924027,0.882382860237263,1.0066311917452122,1.1497359585859273,1.0714400852056933,1.2986550780246935,1.1058200690339746,0.9734402122362162,0.9927605570912768,1.0605383195066245,0.798530566423838,0.8623024937467452,0.6343836707998037,1.1703819965567597
9.docx,0.9701645993887738,0.7589859145659346,0.9581334753651046,1.0968764603907173,1.140187530657662,0.7140690068866258,1.0109243458433803,0.9349751518481599,1.1743166703967223,1.1600188136425211,1.059904737343054,0.9228787692144159,1.0424726710388796,0.9201787932357017,0.9058121089130471,0.8885898884431562,0.933214028414441,1.0716338479441745,1.1944707307917304,1.2142024291894575,0.8965007153266689,1.1091582463676992,1.012720529645667,0.8824783501251904,0.8497035896357827,0.9892891945117984,0.9226390623571343,1.0263046570757235,0.9720870809827612,1.1213353585069994,1.0429407520657528,1.0925436823735442,0.9373570699454042,1.1112027719660675,1.1065900648183788,1.1084857355317241,1.2034761975701762,0.9668203714859166,1.0718154961923585,1.108761731738678,0.9524261275872391,1.2152585002361476,1.0614028929841601,1.0678409095975416,0.0,1.0832300685116527,0.9814133126931456,1.1270672866231255,1.0803721893416711,1.068357290167504,1.0464870053195203,1.1028157580214133,0.8833140708669801,0.9593439207008905,0.9833713578135571,1.0399071832746574,1.0747951923302157,1.1127007862841523,1.140697158177312,1.0818649858499774,0.9693575517825945,0.9111274991512183,0.904339674546342,1.05553903184817,1.0058834445643894,1.0913936650319915,0.9584619314012415,1.0057605550693312,1.0255348773071593,1.0317077215368438,0.982200760088044,0.936399607970956,1.1020195244294484,0.94358157725439,1.0027908155315794,0.9854827804930957,1.0461990902467695,1.114060192737592,1.0249173822692688,1.062564588319554,1.0894856252157952,1.112383419546209,1.2086522067419696,1.0688378650859136,1.0466417241998531,0.9475496139041631,1.1770562014394017,1.0563291194623572,1.0958586285993976,0.9346776849977014,1.0549475521424436
1.docx,0.8222936090429844,0.9947285340432839,0.8427884143924674,0.9679240319572371,1.1538725763926743,0.8683819032820321,0.8842165470880218,0.8320591822237268,1.1382826085701676,0.8699469690418854,0.9947658628938687,0.8068806397240094,0.9652257013987243,0.914506283986657,0.8068752337682245,0.997604676998966,0.9499353305093284,0.833096741672894,0.9134529139225747,0.8773035564632579,0.9240588443335969,0.8964422846620979,0.6945424016991126,1.0930259237757753,0.8199552993353878,0.9797436522097418,0.9299171580816054,0.9065654974784597,0.9649100228533256,0.9347510685492797,0.9021901592081777,0.9000792572462664,0.8564933073923336,1.0814798233889371,0.8951848955142195,0.913679968843009,0.9835829578349667,0.8080658976833797,0.8767875695934273,0.7812870972771442,1.0338077234163112,0.9916251736977787,0.8893203744657662,0.8682180347409921,1.0832300685116527,0.0,0.9692018349059325,0.9167954064641968,0.8892344870306963,0.9657312364009752,0.8791502248469343,0.7679874846284601,0.7043816528013994,0.9528161584316445,0.6772251307588626,1.0895970062899254,0.7517722698503906,0.9137092151739442,1.028065439129372,0.7724756842988063,1.0380663373266732,0.8269610029500033,0.9182297603408857,0.7233687914326743,0.7786490196869811,0.790439539485678,0.7121780956270222,0.8343577649055273,0.7678817994312849,0.8180775676014177,0.7453657284428593,0.8797463054160494,0.8162720069193391,0.759157666140824,0.843499765565918,0.7986400186778746,0.7930730374660125,0.7892643962690399,0.6889963756110471,0.9297801752638303,1.0487580892328712,1.0636708815549474,1.1444413152171797,0.9507096267119841,0.8408733709153199,0.8050479010320006,0.8888156003604615,0.8189932431360082,0.8199864657059445,0.7658428086904879,1.0032335083979538
10.docx,0.9909330505893371,0.950587886157329,0.787661906314491,0.9604376646493057,1.1829158219192564,0.936406546413603,0.8921557537095859,0.9010959417294453,1.1746012449372203,0.8589131999385927,1.009510524876636,0.9132711303423179,0.9353370430530381,0.8889376461690773,0.8603313154392093,0.9871832587566118,1.0170057340919847,0.8910946652111831,0.8790315811326705,0.9546414249848229,0.9370216088704754,1.0132426534252204,0.8963346169357207,0.9186678453863683,0.8531777021596912,0.9152592517846364,0.9524104776142143,0.9374376681185866,0.9815792733614849,0.9344200653661277,0.9518730483413563,0.9700247110971943,0.8778105681853289,0.9865133445647103,0.9438021314323027,0.9743047080477703,1.0831968851951663,0.8750796299975049,0.9936306215755027,0.8923816116734541,0.9865233928056611,1.0142849538631302,0.9325672730342327,0.9652121384212436,0.9814133126931456,0.9692018349059325,0.0,0.9356080061023322,0.9123741322715212,0.9390699430575975,0.872591118834453,0.8696290506263358,0.8453658573897828,0.8841780041587829,0.844839047294047,0.9620384281292913,0.911193487952283,0.944265372579465,0.9355033309860106,0.9269621641445641,0.8388033022400049,0.9483534686448191,0.8468873616762967,0.8288719283470525,0.9865693578622512,0.8338776451404901,0.8355470330649106,0.931492080123747,0.8143201018591779,0.9064246821902185,0.7540936048018071,0.8456741357789442,0.8575246255274191,0.779806198373078,0.9036456425497049,0.8225971605224148,0.9555069416058152,0.9441800343492391,0.8752689972922603,0.8867611326698625,0.9765097572137549,0.9777983543915973,1.0845514376429535,0.812667244990559,0.8888854257431363,0.762130995406965,1.0236910271667405,0.8745675014667043,0.8972861177186985,0.8672635410873801,0.9255148437081142
11.docx,0.9995785483283046,1.0634166178485858,0.8688641592535596,1.0381747046017096,1.202050945484962,0.8980334206555574,0.8558238358217395,0.9762589973003705,1.2263580094224829,0.9562293149284907,1.1298282216064717,0.9701135687037978,0.857381554409546,0.9543598008583706,0.9391720179509329,1.1277149955275794,1.0815578584847132,0.9703408394927453,1.0655468483027442,1.004153019025725,1.0207729742236167,0.9896257371478694,0.9925831388813258,1.0401439219906947,0.899091508481374,1.1054535151783909,0.9905338324915038,0.9839444105262615,0.9677068694568889,1.0047907988108888,1.0574603927566437,0.8968457739811656,0.8942708662324067,1.047940866252203,0.9350552081647672,1.0751604676493485,1.0848234254275626,0.9472604402841535,1.0494109796233992,0.8375784236112324,0.9472951127627166,1.1975815380775696,1.0046593092791831,1.0087315107735066,1.1270672866231255,0.9167954064641968,0.9356080061023322,0.0,0.9964706465304556,1.0397139503014312,0.6178078828548599,0.7758256295475863,0.882756812471835,0.7643534789370438,0.8332941900623512,0.9299866033607346,0.8981402339579128,1.0345001680703638,0.7978897288222719,0.9305036155343859,0.8061334245797428,0.9591873710686651,0.7204616905491973,0.7852957976183015,0.8515700877295156,0.7495169084834934,0.9090946683190423,0.7634192291189474,0.9293454712706587,0.8601540862073199,0.8288869962461399,1.02193750597405,0.8479031634338279,0.7971792997554966,0.9647655271246495,0.869113546622684,0.9098180655181822,0.8939769359551494,0.8103824268212451,0.8027016459622347,0.8700559339252009,0.7794554709269231,0.9356616847366317,0.7065974622873972,0.7248231169828876,0.7338474362409317,1.0127677239288149,0.9014713094780094,0.8587786945025705,0.825531809969994,0.8352235597632601
12.docx,0.885651726411452,0.9027030227720413,0.9308731083332533,0.8224438483442498,1.182396055883717,0.8977976293450415,0.8782284411997574,0.8884773474171099,1.167903549751722,1.0311646056624284,1.007453599247021,0.8539210487264576,0.8976485281298779,0.9051139215766091,0.8911089733792208,0.9308554017360564,1.0481474795836254,0.8578710517357412,0.924110898345713,1.0217794900108688,0.9726646185761609,0.9714983586515844,0.8438139926495878,1.0563507088176238,0.8044161060721371,0.9427207205886338,0.8551254864138279,0.979652132241794,0.955864446008111,0.918491033213638,0.9589374332935453,0.9163713207991363,0.8424677733673801,1.1231830033807513,0.9343675065658862,1.0826708915389076,0.9811212452376935,0.8429872294392549,0.9099031459933675,0.8689049865469723,0.9169694321954139,0.9933302674380938,0.9082890132202031,0.9577798977175662,1.0803721893416711,0.8892344870306963,0.9123741322715212,0.9964706465304556,0.0,0.9014874098511109,0.9124095109189261,0.733785683278062,0.825011573609762,0.9467182854621854,0.8146513828828412,1.0017968961191892,0.8072415523703148,0.8531324440127147,0.9610840864056693,0.7919516987197042,1.00327409112887,0.8629109902984509,0.959122646008304,0.80061747669618,0.7879660195174157,0.881455050728313,0.8370797754652901,0.8253982080740176,0.8448560486587847,0.9126810577176849,0.7082838843138619,0.8822246524837085,0.746974713552571,0.6774319057029026,0.918680308549575,0.7842914435936926,0.9104603075718011,0.8095644446866789,0.8319613593042828,0.9156092111304265,1.0215738090183961,1.086735560722792,1.0996112286231194,0.9572935688349012,0.8818553459502055,0.8138903646672206,0.9616544202783232,0.8950121769525397,0.8161911535338986,0.8386888210708279,0.994581647085064
13.docx,0.9401534105562497,1.1123463510202933,0.9319029546565312,1.130817650685771,1.1324972405442888,0.9883343721973386,1.037505956222092,0.9225780201152942,1.1530272736011673,1.1495454408397034,1.1364555248342856,0.974383588340749,1.0232933141454748,1.0235294616938806,0.9460246293851189,0.9683815728799668,1.0685536256007846,1.0239842638442966,1.1688014280561436,1.0892770892983545,1.1239589717730132,1.0573542987438358,0.9457165542395505,1.1021246080738607,0.9554962257368372,1.0427282420393467,1.015831724574363,1.1950971865088555,1.0648736621172032,1.1082751083353108,1.0348324589767917,1.11299595912608,0.9645751784434509,1.2604131268236243,1.0716824186392855,1.1509496051870256,1.1518278110562283,0.9877992145381381,1.0172428263495912,1.0636839409947185,1.129851626076184,1.2141715521086736,1.0928412470406996,1.0103499977085653,1.068357290167504,0.9657312364009752,0.9390699430575975,1.0397139503014312,0.9014874098511109,0.0,1.0321532311118307,0.9675383854825179,0.8945834575471686,1.0248183204208217,0.8341545760844613,1.1313624098405735,0.9902154366859236,0.9860728954207838,1.1059484596623566,0.9945723173686128,1.0702998904837853,0.8838444530806677,0.9732133541982774,0.9887277485696435,1.0154622898631827,0.8437889773042612,0.9323599270856465,0.9096838310764612,0.8685769652861163,0.8748296307332326,0.7827858191817323,0.7637062208179711,0.9459571052663257,0.8399292595436839,0.859061040549149,0.8732326163585323,0.9406996286483144,0.996725258211015,0.9217645472248865,1.0498498397887617,1.1074927755436323,1.1347398201154228,1.1886174413215027,1.0092964988351654,1.012534672373618,0.9623143508904812,1.011841967275707,0.9424094068281457,0.9223638112895307,0.9022824586463333,1.1330939184606699
14.docx,0.975962328369269,0.982767116567419,0.7985385445629066,0.9439325201261274,1.1908263444733356,0.8061329413934197,0.8400575760582248,0.8999684247901459,1.171201638233366,0.9722635984383396,1.0779678166044973,0.9553753921104202,0.9357834548438759,0.8937261968939069,0.8126439048065935,1.0467224348809097,1.049987541543367,0.8988429451911358,0.9074968470061647,1.035801748605219,0.953501801857206,0.94633359737757,0.9868091321246388,0.9793653195852113,0.8415502677216793,0.9985418690965767,0.9803386770933442,0.8446417522553634,0.9305454874032639,1.0027278219830942,1.0113453991544739,0.8806429265206204,0.859740462107473,0.9568576971539882,0.8867614872066685,1.0477579826978332,1.037036974183238,0.8949964798275353,0.9085378264279751,0.8286053647746815,0.8500394903800497,1.1124431305006008,0.9147942584632783,0.9511888416108022,1.0464870053195203,0.8791502248469343,0.872591118834453,0.6178078828548599,0.9124095109189261,1.0321532311118307,0.0,0.781333586538742,0.824623155807598,0.6926251190469738,0.863930063966739,0.9203666220642429,0.879585613414207,0.9677820248582887,0.730874638314575,0.8755265543472243,0.7323005525842503,0.9522351955524385,0.6633276681067454,0.7531895441833842,0.7778997561666832,0.7358093689985669,0.7632449528244846,0.7426891343083966,0.9059294113346448,0.8659517065545569,0.7230095235749795,0.9581511317950868,0.7457053890023755,0.6540525696466122,0.974715534289876,0.831269274385017,0.8717175322225613,0.843307736251389,0.7176445198996769,0.6505334512223232,0.7983231215532895,0.7561200914729858,0.8814154210441133,0.7422577989169266,0.5729802045584116,0.6734555817019146,0.9052353163243251,0.7792956150677672,0.7829802762193515,0.7494919977198244,0.7650751515265455
15.docx,0.8525431737377822,0.9818541993960921,0.8109587507210019,0.9288332365658906,1.2106060324204062,0.9080983612972584,0.7144710525419342,0.7850009938268999,1.15460413602686,0.8855861491532899,0.9847774545411313,0.8421593911460015,0.7806234803122999,0.8502376112534981,0.8337944411857761,0.9911604826805618,1.0071692962624759,0.8209436497092129,0.8918931905541211,0.8577564006709124,0.9199832905987112,0.8446399347477339,0.8142586037915617,1.039193555688945,0.8349847639973756,0.9541505060035428,0.909623651848228,0.908328223474297,0.9528307025234635,0.8386514526458647,0.9380463059151406,0.8192164558205665,0.8112633548505898,0.9983549184926112,0.8520303428660904,0.9917288498341269,0.979583120391944,0.8161881795098656,0.9478711551247448,0.7686738444274903,0.9970203199211062,1.0336491299845987,0.8826779256604469,0.8584892599543644,1.1028157580214133,0.7679874846284601,0.8696290506263358,0.7758256295475863,0.733785683278062,0.9675383854825179,0.781333586538742,0.0,0.7095154417422761,0.8753907315969746,0.7654783907446777,0.9776454926012026,0.7439096934974863,0.8823490358901487,0.8617492564449606,0.8109298161009376,0.959512859062502,0.8599979390059705,0.8828915414627726,0.6020955352059811,0.7145119765854624,0.6038773786357625,0.7242493041116542,0.6351369619403432,0.7583620564487878,0.8381799565189606,0.7196003286073863,0.8377495992571342,0.7154042854275761,0.660248084941476,0.8342904908077118,0.6755552600896079,0.7869954420216776,0.642493118455368,0.6971993760890401,0.9055887782414074,0.9968689788224748,1.0926210863525467,1.0419645134744946,0.8668164699255905,0.8110826332931098,0.777345391218456,0.8502686439016192,0.8049156708169184,0.7327999429041118,0.7849707442210372,0.9962039997171861
16.docx,0.7218926426083593,0.8860925484141476,0.6996102006494057,0.9186846298675116,1.073154975674872,0.7351962495823517,0.8230771620687828,0.7001080610445659,1.1972175315121634,0.889943496636175,0.9501526802653332,0.7110033293899753,0.8806129784869356,0.7451549682270143,0.7887468959236418,0.8754329916518577,0.8552690679227639,0.7876131694836864,0.8841225771206124,0.8605487009378905,0.8556607056513076,0.8760803572931108,0.7440091939094137,0.9640056109660797,0.6701735968210478,0.9344445924503827,0.8033972041708077,0.9013855304658738,0.8131136309322965,0.8103948556474159,0.9201151310405449,0.8482823774074462,0.7625524939877316,1.0486925289700069,0.820270259070265,0.9105984016782152,0.993599886800489,0.7337558324876512,0.9000287152388907,0.8074462232318099,0.8844184000908563,0.9613153968382875,0.8755601888953253,0.8719789187129815,0.8833140708669801,0.7043816528013994,0.8453658573897828,0.882756812471835,0.825011573609762,0.8945834575471686,0.824623155807598,0.7095154417422761,0.0,0.9237065671428737,0.7009856891868638,1.032077736310244,0.7148163471596263,0.837276868632712,0.9206919949514183,0.7498955564955139,0.9454617010964135,0.7120080191933856,0.8668035462776253,0.5697398721287549,0.7266365772592434,0.7124650246031156,0.6887433533381636,0.7755875864605783,0.703036856643593,0.782610904699178,0.6619213097306857,0.7840204326656591,0.722819016600504,0.6578087146602275,0.7052018014319633,0.6703436645223486,0.7528709551996015,0.7517045407820807,0.6929747681106871,0.8484324648297187,0.9534331926633576,1.088054306453464,0.9865041496621738,0.8302050028516608,0.7520853545055662,0.7081095132936182,0.7748004894182327,0.7904136670919345,0.7755798347036716,0.7308641433652288,0.9843543040785583
17.docx,0.9810879807045134,0.9291396204386693,0.8806601604358345,1.0186700872482732,1.166481979637936,0.8488644490097133,0.902148268196946,0.94710298056946,1.1232775563447768,1.0881537776117691,1.092759091587116,0.983280584051806,0.9948364163585269,0.8902224132093367,0.8957096003290843,1.0879293297833832,1.0217018948943084,0.9770579557833292,1.1057854397727345,1.0923686603146703,0.9233486252274156,0.9601016249515996,1.0229929042099781,0.9398741005855746,0.8515553903354227,1.069747835822929,0.9186718617915204,1.0158579763767017,0.9171680421575772,1.0457832249396075,1.0053927181547058,0.9754103746750541,0.8505415664062685,0.9818985845469494,1.0164611475380991,1.0018798330582612,1.0880988900309283,0.8934525997696839,1.000083228838908,0.9319702694835306,0.797909602993622,1.238625861200767,1.006574055592933,0.9825569555974308,0.9593439207008905,0.9528161584316445,0.8841780041587829,0.7643534789370438,0.9467182854621854,1.0248183204208217,0.6926251190469738,0.8753907315969746,0.9237065671428737,0.0,0.8508082954173213,0.8618106072045306,0.9057398828929246,0.9251167085898585,0.8081681912170502,1.0253432227299095,0.7546804600980063,0.9284453144153809,0.6643162823408901,0.8978860590017463,0.8947209121803619,0.929316402486063,0.9008576493919311,0.7858077740165175,0.963943669691605,0.9216237266674991,0.8508214123072756,0.9338165954872576,0.9175431036306915,0.7532596655531283,0.9722708423522556,0.8774014231512983,0.9228222822089784,0.9776213839784017,0.9095310349905914,0.7878995857607533,0.8229064801976975,0.7231363863330847,0.9964947381051065,0.771685283175994,0.6543560959819628,0.7419221821130398,1.0601299447914159,0.8727119849499794,0.9231004873467619,0.7606689351097812,0.8835080118915173
18.docx,0.8093008478752757,0.9520864873239077,0.6917219430894005,0.9986416713140532,1.0373393813408933,0.8530546359452877,0.8416081189810743,0.860408329896201,1.1244980406704028,0.8465715414990224,1.0181287319656467,0.8068419681008661,0.9616605524141357,0.8737382484094138,0.7665786441176343,0.9043419806190552,0.9351724228379362,0.875803788826146,0.9738767150002506,0.9335520897991407,0.8836554513828938,0.8475871750379586,0.7353293871442507,1.0512879203824335,0.8285374542414203,0.9428323582923974,0.9212738073973904,0.9220356868657524,0.8441189876763353,0.9863556118341705,0.8619968010561773,0.9276999916261677,0.821381856610315,1.102181206093234,0.8797711106086894,0.9286982840079867,1.0475639807701271,0.78087351609753,0.8882693330571472,0.8291266731365313,1.0342983452036598,1.0103900690160779,0.9449875749919017,0.9035947760869667,0.9833713578135571,0.6772251307588626,0.844839047294047,0.8332941900623512,0.8146513828828412,0.8341545760844613,0.863930063966739,0.7654783907446777,0.7009856891868638,0.8508082954173213,0.0,1.0000288367919234,0.7298650335718524,0.8885285859975914,0.978533848905348,0.7356750362338447,0.8772257730682712,0.8019477511460309,0.8238528578376645,0.7544429183926831,0.77356132866132,0.7478330172799633,0.7371603612567796,0.7704995781499566,0.6679613459245695,0.7215486459711982,0.7253821790416108,0.787756381646251,0.7826015810813607,0.7349744657879812,0.7759627216128376,0.7891524328543129,0.7198782248942066,0.8006135362402415,0.7601285172633253,0.8591706613183924,0.9832348710186248,1.0120926369264311,1.0618840231084012,0.8883257991406954,0.8513707937679174,0.7755307405848797,0.9214357325242295,0.848844228710874,0.8221358279750842,0.7862312520280436,0.9194852580176517
19.docx,1.1070468936254902,1.0877885139993209,0.9660965581503109,1.0794368562994467,1.3220429115687033,0.952671916880239,1.0362200655334377,1.0539407198212716,1.3666482474067994,1.1910155189367273,1.0549207794206878,1.0211926209871665,1.040528183967821,0.9989691974676205,1.0216581962036848,1.238594296664334,1.1692831814629943,1.1384274113200332,1.278695637076162,1.256097066465309,1.0107284606155682,1.1041987184103916,1.1248705580036669,1.0304342812120928,1.017941359544694,1.1177438827490271,1.032887765015843,1.1229013480655787,1.0047738205142256,1.1715684507397293,1.0569553612949756,0.9885800568137841,1.0223842987204323,1.2068012855726673,1.1641574197205065,1.1832022722160804,1.2062224038812703,1.0443996102540598,1.1571143740050243,1.0894494817498086,1.0301412362589684,1.2780644905380876,1.1484766734863876,1.2005837581750765,1.0399071832746574,1.0895970062899254,0.9620384281292913,0.9299866033607346,1.0017968961191892,1.1313624098405735,0.9203666220642429,0.9776454926012026,1.032077736310244,0.8618106072045306,1.0000288367919234,0.0,1.06006443494775,1.0907254629352579,0.8863358733430755,1.1096664393320546,0.9267675698428347,1.0933894745969504,0.7839927636086922,1.0244076050251087,1.1046966606353075,1.0311397793765744,0.9878901397521826,0.8357182786020005,1.0493988455910677,1.0657930837609852,0.9481554534229519,1.029617051407571,1.066473403692891,0.853001432736055,1.0348484984422266,1.0488407575299852,1.0309653405394998,0.9981452241842028,1.10012866364297,0.9328054423074924,0.9739089860780115,0.9017430952722445,1.0505165933959038,0.838809188212887,0.8477106229797804,0.8457654447299819,1.1692540045146824,1.0464902259382305,1.034043730839244,1.0034005641183206,0.947098623202314
2.docx,0.8016860192303876,0.9577614312531666,0.833624419853985,1.0063976791845297,1.1364352957423203,0.8602232847636722,0.8661577304018796,0.7424349296576328,1.163028299799927,0.9231100305407466,1.026517384514441,0.7743648635494352,0.9240609142773367,0.7671101153866072,0.8574913636081452,0.9984997560532265,0.8273319113138738,0.8937061662893521,0.910337126625416,0.898099442042283,0.782480147775905,0.88405678432852,0.7949378345103121,1.099620797876764,0.8216347761708184,0.9694950610226136,0.8922568723491118,0.9252910670663111,0.8747159170644528,0.9003165871697589,0.8996483476215247,0.7987765186464725,0.8414256635912981,1.0651446199992372,0.8535388708154512,0.9918031109383763,0.9615033313119661,0.7954627054356928,0.9241684942101274,0.8326131005919243,1.0563768896701775,0.9471532982099521,0.8827331661065599,0.9526240566427094,1.0747951923302157,0.7517722698503906,0.911193487952283,0.8981402339579128,0.8072415523703148,0.9902154366859236,0.879585613414207,0.7439096934974863,0.7148163471596263,0.9057398828929246,0.7298650335718524,1.06006443494775,0.0,0.859125175387025,0.9863238601083414,0.7523085528716428,0.9646890184162816,0.8701405200819592,0.8971011065425795,0.7326571193248123,0.7901858247271872,0.7796324639106738,0.7325021299161293,0.7710224323661196,0.7173200429969374,0.8394953075033144,0.7541314637428472,0.9107886009807286,0.8271448047834692,0.7610624390043026,0.7525466179146569,0.7052585612937949,0.7393919813435074,0.7106281874755065,0.7244535713357861,0.8865533459906857,0.9427024133300111,1.074934196083963,0.9808225776649826,0.8046661855906824,0.8077573354895138,0.7015361508375232,0.8535416312918894,0.8563055752488964,0.7828550845437117,0.7743757820602818,0.9378911377950704
20.docx,0.931014397152956,1.0052152448776839,0.8729805998296928,1.0284439203593743,1.2572789289315185,0.8881325816539826,0.9114680645255442,0.8176100997591401,1.2923191246142287,1.0403467991530295,1.0970218097366007,0.9542067027881012,0.9386867127906381,0.9030413825110633,0.8912114442091195,1.0446677165632365,1.105245662254741,0.7995001634830275,1.0883203040246268,1.053753896070657,0.944246927762937,0.9746188732831726,0.9002574443384651,1.1375945387159763,0.8080402825518982,1.0077884890149462,0.9151095235192669,1.0704078830726562,0.9948114470871731,0.9312972483435336,1.0329162178445563,0.9757392137362774,0.8352700965084635,1.102116874406854,0.8875505841370661,1.04876068753694,0.9209434900930537,0.9030732220230336,0.9737599108063404,0.9563917582873542,1.036405257956312,1.088920089761445,0.9422657003812813,0.9898335999253348,1.1127007862841523,0.9137092151739442,0.944265372579465,1.0345001680703638,0.8531324440127147,0.9860728954207838,0.9677820248582887,0.8823490358901487,0.837276868632712,0.9251167085898585,0.8885285859975914,1.0907254629352579,0.859125175387025,0.0,0.9551411307648517,0.9061942200935809,1.027979635669462,0.9947928011902666,0.9406859579611441,0.7919357598340271,0.9611329266088771,0.9064417412143616,0.7864105476253813,0.8505562025237142,0.8475985210210881,0.9246511866584198,0.7642600324242323,0.8603509383415927,0.7728393809922083,0.752661401242634,0.8348835359392485,0.7509939155976414,0.965912587212394,0.9072483395157518,0.8123192527111661,0.9095654225673258,0.9567010234999423,1.0873327585303523,1.0160811645301648,0.9770599697787419,0.8239119725098999,0.8494042534461217,0.9524198396468014,0.9164711180412768,0.8924267141664941,0.8179395182267147,1.1134255474721015
21.docx,1.0510204763052626,1.1325989930589488,0.9277208571260301,1.0487697642690947,1.332966423107636,0.9660172884989778,0.9170066232901836,0.9949812448313984,1.4009404320936236,1.1457960628313586,1.1298128822942823,0.9930776402247123,0.9347718454172994,0.9600319261651539,0.9802989663209768,1.189688108957962,1.2243140138122468,1.0681606361920297,1.177506318238175,1.1859410759809208,0.9791401350555798,1.054055437274642,1.0954397980705868,1.0383167672932254,0.9314818871378443,1.0781738050959107,1.011003969906974,1.09821972445028,1.0371985452612043,1.11300263250108,1.1740286456361888,0.9464304478394674,0.9539888047692415,1.0125353491459932,1.0218409425109345,1.2050256026678612,1.0929879291727709,0.9897568801172919,1.0861839371086812,1.0205053491782519,0.9656952259259804,1.1784735380747144,1.0537933973321967,1.1303506253425524,1.140697158177312,1.028065439129372,0.9355033309860106,0.7978897288222719,0.9610840864056693,1.1059484596623566,0.730874638314575,0.8617492564449606,0.9206919949514183,0.8081681912170502,0.978533848905348,0.8863358733430755,0.9863238601083414,0.9551411307648517,0.0,0.9558870454256734,0.7883500591701482,1.079717138899317,0.8172334312278884,0.9201367517683778,0.9175753297894499,0.8965739161326398,0.948958294903973,0.7903007743296486,0.9681674892424397,1.0514136952931905,0.8538253076457828,1.070406146137205,0.8955754813074954,0.807343651194102,1.021059330472262,0.9170144380777362,1.0405981067721077,0.851186086296775,0.9273784993945468,0.746771467827973,0.8081170692831938,0.9051805004526569,0.8291621197605186,0.7646752028843856,0.7069158069919727,0.7207490958015386,1.0191621520042273,0.9929278226092503,0.9432527768895046,0.862494466752076,0.9042057509000603
22.docx,0.9374475293471086,0.9814743166592445,0.809110617422867,0.9162650547569516,1.1497982403949614,0.8318624647558985,0.8599706603248634,0.745827098305027,1.2365956079050964,0.8852880425583568,0.9897619260584014,0.8630847771759617,0.9491256348403249,0.7642735292147786,0.8542069237375727,1.0266326706645867,1.0002868892895287,0.8693876327514015,0.9071760184960159,0.9072050655410573,0.9178727860283457,0.9969223401005115,0.8575184449940005,1.0778426932151932,0.7659081524626123,0.9515606046168673,0.9198940397668153,0.8786607495604002,0.9061066204018877,0.8967964209675345,0.8955586957528316,0.8206680316843182,0.8861651511963602,1.074809243491838,0.8082387769704509,1.0252702940804137,0.9198718169728213,0.8461328754606791,0.8445239489235864,0.8221644297167697,1.0300088088348474,0.9575227213100048,0.9032979491551578,0.9676739539966056,1.0818649858499774,0.7724756842988063,0.9269621641445641,0.9305036155343859,0.7919516987197042,0.9945723173686128,0.8755265543472243,0.8109298161009376,0.7498955564955139,1.0253432227299095,0.7356750362338447,1.1096664393320546,0.7523085528716428,0.9061942200935809,0.9558870454256734,0.0,0.9482677086919269,0.9204319233992371,0.9122640248004835,0.7718636591766781,0.8421404041144994,0.8006670240823799,0.8335731136892833,0.8219518194082458,0.7714765768539457,0.9354097291134117,0.7231855984833092,0.9733708176424368,0.675306744565572,0.792711957375398,0.8797970001930766,0.8291776651804796,0.8429301269971119,0.8040161511370555,0.7299087885344666,0.895222074331335,1.0285187930215054,1.1466367790814112,0.9894816515028896,0.9035662856558165,0.8957421214428384,0.7937297751621135,0.8648801967602162,0.8785959133246751,0.8005784732595493,0.8364567765169937,1.0398525006825712
23.docx,0.9962909442956248,0.9291948620366283,0.8873957975763993,0.99921775271051,1.2251216758856855,0.8583436920655371,0.8902226253871396,0.9478045539670705,1.2797639621971306,1.0866150795016922,1.151422920011421,0.9384273966434696,0.9834534476140883,0.8957225255995079,0.8404005116948055,1.0861525917435073,1.0374009409727,1.0228254660407632,1.151307217975987,1.1914710458432234,1.038829767361618,1.0680172685275489,1.0750431585357392,0.9107864267777229,0.856892382185157,1.0773680920447106,0.9345668534317478,1.0329302554978503,0.9536055269160082,1.0592058045350716,1.0919531706271857,1.0121335988297617,0.8512182131623532,1.0593762917762097,0.9581344352947953,1.1388204981668444,1.141526633165692,0.9026585331218604,1.073162138822214,1.0067594014587466,0.9165922771935926,1.1476682413203272,0.9840627188199151,1.0931453586523951,0.9693575517825945,1.0380663373266732,0.8388033022400049,0.8061334245797428,1.00327409112887,1.0702998904837853,0.7323005525842503,0.959512859062502,0.9454617010964135,0.7546804600980063,0.8772257730682712,0.9267675698428347,0.9646890184162816,1.027979635669462,0.7883500591701482,0.9482677086919269,0.0,1.0082377054055032,0.6905344619008582,0.9705847520363727,0.9646815913476112,1.004053772235612,0.9867334595272093,0.9300278842787961,0.9750542125277605,0.9662810679649355,0.8323448746659728,1.0281315678252563,0.8877562090790957,0.7998885454115792,1.001763256877609,0.9148114223387579,0.9345029670318784,1.0530071050035463,0.9688592913991563,0.7614507356353183,0.7706199248322647,0.7959703535240519,0.8976538495249906,0.7369784407277148,0.7395487809814323,0.730895497079378,1.0806342951708645,0.9424144788585416,0.9649421017550928,0.9476338624503441,0.8381846293948396
24.docx,0.8809341429489805,0.9643590755090838,0.8588591489430019,1.1198097782917729,1.1150295057767599,0.8505104391732584,0.9880092779798423,0.8860033531577239,1.1346539778163576,1.045968529913428,0.9218861774737036,0.877635680118801,0.9931335090737692,0.9400388454621352,0.9092241681803022,0.8373718112782736,0.9868850729996804,0.9765370254644828,1.056729767195544,1.0031598896724858,0.9428339157258787,0.9568259945360781,0.8367743398468683,1.0595151667572367,0.9221101567737169,1.0209911134303626,0.9818289777557851,0.9778417984579378,0.9926021880574021,0.9482820089576341,0.9677020655309608,0.9889890894765101,0.9039588941676068,1.1595519193598316,1.034457114991652,1.0048807943139813,1.1390806623993044,0.9265001875212613,0.9675583389524383,0.9771226194570088,1.078608911298139,1.1520816551241726,1.0165622899568654,0.887439649429783,0.9111274991512183,0.8269610029500033,0.9483534686448191,0.9591873710686651,0.8629109902984509,0.8838444530806677,0.9522351955524385,0.8599979390059705,0.7120080191933856,0.9284453144153809,0.8019477511460309,1.0933894745969504,0.8701405200819592,0.9947928011902666,1.079717138899317,0.9204319233992371,1.0082377054055032,0.0,0.9155385002938097,0.8149795569622106,0.8712843201286097,0.8475107022381301,0.8421788478791405,0.9013692359516807,0.8123188053528072,0.8493884154935739,0.8153404006930758,0.8031969425906417,0.8964962271509809,0.733583642981399,0.8817767182560847,0.8340221028661357,0.8553792590033656,0.9626503918124562,0.8932309397266534,0.9466032634567402,1.0584636336879587,1.0108106657063303,1.1761472796742556,0.980222636775969,0.9112337509799064,0.8794595324269083,1.0363783386751109,0.8762930174042054,0.8944689904548347,0.8231895151543864,1.045312752046627
25.docx,0.9705785284487282,0.9263246758349368,0.840070603795987,1.0042885437143223,1.1826517310899505,0.8015713338459578,0.8989803297284044,0.9383769881221695,1.228941507547694,1.030482613331198,1.0106338233718097,0.9700092351412478,0.9559894306895025,0.8779905700888296,0.8611445155327486,1.007650743212717,0.9449903445094985,0.9962607020816329,1.065915450265787,1.0203873537571886,0.8992032398708474,1.0403010361249887,1.0319185515537048,0.9723955265119227,0.8628006509044123,0.9894645850746135,0.9183664935854953,0.9399144081571901,0.8324407197223167,1.0409501981436187,0.9411865768120425,0.9422774152263392,0.8806585489372682,1.058724285047222,0.927066239002714,1.045175813878662,1.0701799960875404,0.946373829940499,1.0269930682028856,0.9154729062030579,0.9118469229331495,1.1086411269370746,0.9945319068436892,0.9952997972242911,0.904339674546342,0.9182297603408857,0.8468873616762967,0.7204616905491973,0.959122646008304,0.9732133541982774,0.6633276681067454,0.8828915414627726,0.8668035462776253,0.6643162823408901,0.8238528578376645,0.7839927636086922,0.8971011065425795,0.9406859579611441,0.8172334312278884,0.9122640248004835,0.6905344619008582,0.9155385002938097,0.0,0.8670149391965323,0.8823784701962919,0.8461215244459713,0.8302910515561094,0.7234469737088906,0.8758407369407667,0.8918517813502234,0.7328464927302015,0.964269646775522,0.8838810015149867,0.72617403770633,0.9367737793066937,0.8677419841586033,0.9149233684741557,0.8918187089313824,0.9334079339734267,0.7477970016688684,0.8589693277402294,0.7293010829985573,0.9479367433108107,0.740887185914014,0.6940401536894296,0.7135686464290053,1.034853002033626,0.8739608514992241,0.8684124726537419,0.8132295332409005,0.826766166404466
26.docx,0.806115367275791,0.9939136017334017,0.7766801617951978,0.9111521777256109,1.226730308030017,0.8268444681743543,0.8188887975144076,0.7434034510566632,1.142435597268146,0.8000984110773834,0.9589712878636747,0.8034704901639306,0.8522153413503828,0.8243077110641701,0.8395657585565979,1.0071364510398342,0.9956479578888603,0.7185356487109634,0.8473396215415895,0.8599490550430794,0.8672072457642873,0.8535962939964272,0.777171206480402,1.0622273869230185,0.8042595792516003,0.9436732439821637,0.8571449646483774,0.890147950295409,0.8758862681687279,0.8302301838028978,0.9351140694017103,0.8623325279608517,0.7940365658969176,1.0322551484012028,0.7771239817743185,0.8884159548454456,0.9367690918135553,0.8001036901916981,0.9361274096263359,0.7426694670897889,0.9860769502350964,0.8964139694503287,0.8499763276602053,0.8026996999470376,1.05553903184817,0.7233687914326743,0.8288719283470525,0.7852957976183015,0.80061747669618,0.9887277485696435,0.7531895441833842,0.6020955352059811,0.5697398721287549,0.8978860590017463,0.7544429183926831,1.0244076050251087,0.7326571193248123,0.7919357598340271,0.9201367517683778,0.7718636591766781,0.9705847520363727,0.8149795569622106,0.8670149391965323,0.0,0.7253243600503076,0.6254937105680051,0.6738817294529571,0.7362206915382568,0.71645255152018,0.7968703712115704,0.6701277056422369,0.8604662520303736,0.6586666589226894,0.6799635949927577,0.8371579405516268,0.6601105342671564,0.783978814168448,0.7220365954241191,0.6601948674234073,0.8443878368099337,0.9281316539382929,1.0328538026678213,1.0681828557193835,0.8620093498072401,0.7480349959138484,0.7445358777165523,0.8074296961129771,0.7858314361868277,0.7483873100939761,0.703450111863213,1.0041575546369585
27.docx,0.8806891603397209,0.9532780306943891,0.8106540094216789,0.9635593471639032,1.124093992661471,0.8064288331403263,0.8499626001403516,0.8187993999030607,1.2255616977559247,0.9434162864689783,1.0288847981240534,0.8652418437198758,0.9240185933744628,0.9225026533150532,0.8866732323827456,1.0146414839828743,0.9820279732565161,0.8912098511818961,0.8763955142672053,0.9650760323187758,0.8931152439641815,0.9632748391485978,0.8628957353229422,1.0557325226999204,0.8164996428112882,1.031255988706318,0.9538743097721359,0.8517828344728133,0.9150051962325481,0.9519296793602487,0.9704153397339025,0.8921594194230045,0.8814993742563569,0.9847757577774711,0.8618863312675059,1.0078692520074224,1.0149074415865447,0.8680242728549302,0.9608546734355538,0.8488631838956819,0.9309024845488557,0.98698725117057,0.9115881293285562,0.9006659266337583,1.0058834445643894,0.7786490196869811,0.9865693578622512,0.8515700877295156,0.7879660195174157,1.0154622898631827,0.7778997561666832,0.7145119765854624,0.7266365772592434,0.8947209121803619,0.77356132866132,1.1046966606353075,0.7901858247271872,0.9611329266088771,0.9175753297894499,0.8421404041144994,0.9646815913476112,0.8712843201286097,0.8823784701962919,0.7253243600503076,0.0,0.7873626954842018,0.7436455239764687,0.7835663195523541,0.7953515155518092,0.8248049420960767,0.8064774943553548,0.9119384650055496,0.7815253806643138,0.7438515143424432,0.860689486681528,0.8005221624819765,0.8534946747725121,0.8065244957190711,0.6896662443295917,0.8867776112317152,0.9717259410703493,1.0641694262007915,1.001004466134719,0.9447790393131464,0.7670182231659125,0.8078406615256829,0.8885042179816856,0.7781660879662572,0.8130113611740506,0.714028333616894,0.9246635376697491
28.docx,0.9222718967794503,1.0135484980220546,0.8286307601340891,0.9640095742937465,1.2203018176908669,0.8687140759940511,0.8351488220904126,0.8083638983322987,1.1571303777304716,0.9294644320098374,1.0339199337590903,0.9145396739057965,0.8711759122873101,0.8770685315335561,0.8834080054294295,0.9978664759670168,1.035777187700718,0.8834437769331269,0.94929160724415,0.8931717270381797,0.9686927166667876,0.90737555129718,0.8443167486317315,1.0314628253357236,0.9032534606704012,0.9853715155688958,0.9880279654934289,0.978562218971243,0.9583306170189541,0.9078599463358213,0.9348556808056265,0.8464881783063837,0.8840551522910757,1.0635347210030839,0.8868501022867276,1.029439525465329,1.0286701092693245,0.8818233938218567,0.9597170334424512,0.8360371222428689,1.0429549142454346,0.9701041562361524,0.9625645042440959,0.9205436394104839,1.0913936650319915,0.790439539485678,0.8338776451404901,0.7495169084834934,0.881455050728313,0.8437889773042612,0.7358093689985669,0.6038773786357625,0.7124650246031156,0.929316402486063,0.7478330172799633,1.0311397793765744,0.7796324639106738,0.9064417412143616,0.8965739161326398,0.8006670240823799,1.004053772235612,0.8475107022381301,0.8461215244459713,0.6254937105680051,0.7873626954842018,0.0,0.7314000074130824,0.6870787963554593,0.7449017736840328,0.7966493851025997,0.7061243161155935,0.821023084101734,0.7602215133681284,0.7276474638345775,0.8571644070080979,0.7781198671890234,0.8077654695375148,0.6769478056688828,0.6853295959407616,0.8981212631942952,0.973630269913474,1.0104956245812362,1.064676482042009,0.9075045328072374,0.7842182882151524,0.7823271789686069,0.8149987474118267,0.7972608293819029,0.6915573919861805,0.7682846988458073,0.9787965924022869
29.docx,0.9039139310201441,0.9241232628498581,0.6881536109971224,0.9104594130821743,1.1206232488388808,0.788898382744104,0.822106399659299,0.8241382697894604,1.1021844293539116,0.8398822741255212,0.9689405626721039,0.8404585659255485,0.8304945774869195,0.8388051196491989,0.814293760429841,0.9585041919945766,0.8845444539110907,0.8339081606248275,0.8136804802442005,0.8706953812081035,0.7963869165772104,0.8307300839321491,0.7259874398306383,1.0448500751914256,0.8714502030101887,0.7967377006025721,0.9348632298992606,0.9194581021060853,0.9184681824189805,0.8750385328748453,0.8273535204326233,0.8577027430183058,0.8682280705437893,0.9210343250605267,0.8103848997589467,0.8787076289808239,0.9391374323057587,0.8113876848945875,0.8666561574653006,0.7400347730561819,1.0299139504620483,0.9501964851004101,0.8379387053662444,0.7436646402975776,0.9584619314012415,0.7121780956270222,0.8355470330649106,0.9090946683190423,0.8370797754652901,0.9323599270856465,0.7632449528244846,0.7242493041116542,0.6887433533381636,0.9008576493919311,0.7371603612567796,0.9878901397521826,0.7325021299161293,0.7864105476253813,0.948958294903973,0.8335731136892833,0.9867334595272093,0.8421788478791405,0.8302910515561094,0.6738817294529571,0.7436455239764687,0.7314000074130824,0.0,0.6858889863935711,0.678585630034471,0.7278314840278675,0.6764447942467734,0.7609936316403547,0.7329822756200164,0.6405130208178146,0.8080044395371737,0.6713450031800977,0.864466284962204,0.7488545886037585,0.6788537032620172,0.8676699092935263,0.9625698091866169,1.0096746344873382,1.082238823757569,0.9091662814113017,0.7727464206573704,0.7599910666850472,0.7687533873849651,0.7446058433874622,0.7663900141326581,0.6158235615399249,0.9374570250362573
3.docx,0.9084122921773781,0.9909960131838603,0.7820165294923794,0.920804050136235,1.1604628193380266,0.8136344160686191,0.7696993693410781,0.8249056398633614,1.1342696955231586,0.974218324639603,0.88834431695254,0.8693170858867577,0.8780312195019611,0.8203329662681934,0.8883510871464034,1.0453861468244927,1.000783205115092,0.9270931307656554,1.0368452715703775,0.9831391118017341,0.9223791300906106,0.8169280439716415,0.9024755510905965,0.9741805407715212,0.8319789150314356,0.9505484547811133,0.9070734218280896,0.9844679451129764,0.9028465129498484,0.9790086074416502,0.9221306823832366,0.797143001610383,0.8200396020613163,1.0622004277400965,0.9516952257274387,0.9348636299695379,1.0203781677887804,0.8283628542075107,0.9352832136043606,0.8618981087472497,0.9862432171032315,1.0909524375628583,0.9240150170983502,0.8886330092389634,1.0057605550693312,0.8343577649055273,0.931492080123747,0.7634192291189474,0.8253982080740176,0.9096838310764612,0.7426891343083966,0.6351369619403432,0.7755875864605783,0.7858077740165175,0.7704995781499566,0.8357182786020005,0.7710224323661196,0.8505562025237142,0.7903007743296486,0.8219518194082458,0.9300278842787961,0.9013692359516807,0.7234469737088906,0.7362206915382568,0.7835663195523541,0.6870787963554593,0.6858889863935711,0.0,0.8069767159083416,0.7973558223022801,0.7005999949602401,0.8524019134797471,0.7243735902693195,0.6906207194052773,0.8640386478415379,0.7700919850558156,0.8182242197815195,0.715406426739611,0.764668965050752,0.8645272970551151,0.9024385443092698,0.8871667965274009,1.0408650838819025,0.8441155601094154,0.7447132300500812,0.69953832439896,0.8598857034305838,0.8295161730468539,0.8158219374874617,0.7032961424240669,0.9237960237963994
30.docx,0.8189982369766983,0.9561140729813279,0.7891623184404023,0.9837088779615547,1.1694891675813546,0.9002356242388713,0.8805516835775158,0.754487054901594,1.0947003746908635,0.8218739746524318,0.9398274746262549,0.8233279623755334,0.9171361001495609,0.8008106135395582,0.7768913368366255,0.9846929515810169,0.9683711096723677,0.851997650802057,0.8439558228657421,0.8224910529137471,0.8658871149161241,0.9132183758543124,0.6889700183904415,1.0557676437003547,0.8241390463960766,0.9311471123168311,0.8483572164854841,0.9647472068054774,0.861122206577173,0.8638302415678134,0.8580960143237594,0.8955748109557041,0.8176359377169085,1.1305600392609085,0.8231728902553419,0.9167127945713405,0.9683815598604665,0.8110843232719082,0.8991504581081528,0.8197062233468528,1.0333563740289233,0.9182702281363758,0.8894154671944566,0.8178573018104095,1.0255348773071593,0.7678817994312849,0.8143201018591779,0.9293454712706587,0.8448560486587847,0.8685769652861163,0.9059294113346448,0.7583620564487878,0.703036856643593,0.963943669691605,0.6679613459245695,1.0493988455910677,0.7173200429969374,0.8475985210210881,0.9681674892424397,0.7714765768539457,0.9750542125277605,0.8123188053528072,0.8758407369407667,0.71645255152018,0.7953515155518092,0.7449017736840328,0.678585630034471,0.8069767159083416,0.0,0.7049376387897698,0.6756947426338615,0.7596038797386897,0.8113762473597168,0.6870183334180626,0.6491103290198837,0.6578197328005634,0.7674718417603819,0.7801193184879436,0.8232701475881449,0.9165939137501375,0.8856026973589141,1.097013876726812,1.0010628893018,0.8921741723231232,0.8356089483491229,0.8503457850148056,0.8745909399935016,0.7689739178290783,0.8252057034961874,0.767520380215316,1.003771515604007
31.docx,0.9240902340160695,0.9499674802330652,0.8124892174179388,1.0706208497558318,1.1761233009593492,0.8697675465828886,0.9482182631917077,0.9417308991468125,1.1509779975093128,0.9516694930050378,1.033865500585187,0.9768466210446198,1.0101586585879452,0.9274247437510345,0.82557724179095,0.9907909780111003,0.9739459926323264,0.952831524048278,0.9740650602056653,0.9389230353364956,1.0198253262686066,0.8507126845032993,0.7525998006209775,0.8760865536856657,0.8901207956028522,0.9823268815036376,1.03925679529105,0.9753508832435912,0.9498601591212844,0.9805281665296971,0.9459122545177485,0.9852190483281847,0.8630896116323246,1.044434727959382,0.944221855341316,0.8690108830141887,1.069856880343461,0.9080948720446971,0.9706614595281554,0.8975261224117195,1.0216171528226412,1.1559961420564246,0.976856234273666,0.8614362599615383,1.0317077215368438,0.8180775676014177,0.9064246821902185,0.8601540862073199,0.9126810577176849,0.8748296307332326,0.8659517065545569,0.8381799565189606,0.782610904699178,0.9216237266674991,0.7215486459711982,1.0657930837609852,0.8394953075033144,0.9246511866584198,1.0514136952931905,0.9354097291134117,0.9662810679649355,0.8493884154935739,0.8918517813502234,0.7968703712115704,0.8248049420960767,0.7966493851025997,0.7278314840278675,0.7973558223022801,0.7049376387897698,0.0,0.7458933083753501,0.726444943157459,0.8554081499651122,0.7789381861076512,0.8084555866721351,0.7770810471172069,0.8136513263529285,0.9695269592528244,0.8660879489129013,0.9384172641706939,1.0005949481796086,0.92538643363214,1.1718906119057657,0.9521292947789364,0.8266117420358795,0.8851040849860001,0.9759830507258763,0.7921224591914067,0.8608857754295403,0.7928585006400946,1.0045395376391322
32.docx,0.8043787155891223,0.8617499818667333,0.7197353432652557,0.814263711866849,1.1641064458064612,0.7493958979422283,0.7559938891557801,0.7507230261299217,1.0963926287547061,0.8279748977500067,0.9478893779666717,0.770392067045805,0.8144754138328228,0.7432074774550602,0.7352680810985744,0.9395589992898795,0.9564984837525587,0.7983102041035735,0.8593993307884262,0.8453860945972801,0.8625818634165735,0.8583265027720733,0.7810478947432076,0.956082046924114,0.6865182097801893,0.8338134741312103,0.8064217111606221,0.9126110839296507,0.8125176651797901,0.8593643673910288,0.914543301899712,0.8286377981847309,0.7396151023579963,1.0483315371200923,0.7896026162958556,0.9153534904753272,0.8925966469422772,0.7590093619977994,0.8615565466762706,0.7923371606572123,0.8447416681054547,0.9026771590058251,0.8507043441032731,0.8760891489186744,0.982200760088044,0.7453657284428593,0.7540936048018071,0.8288869962461399,0.7082838843138619,0.7827858191817323,0.7230095235749795,0.7196003286073863,0.6619213097306857,0.8508214123072756,0.7253821790416108,0.9481554534229519,0.7541314637428472,0.7642600324242323,0.8538253076457828,0.7231855984833092,0.8323448746659728,0.8153404006930758,0.7328464927302015,0.6701277056422369,0.8064774943553548,0.7061243161155935,0.6764447942467734,0.7005999949602401,0.6756947426338615,0.7458933083753501,0.0,0.7313884733909614,0.64610053150303,0.6118566565968133,0.7593528903304753,0.7041844801990144,0.7767167649718482,0.7458400818302409,0.7014145905152281,0.778515536758491,0.8659784148564796,0.9609476704682859,0.9716673891739345,0.7957685410918139,0.7197567279094305,0.6893849267118343,0.724865795783193,0.7197951848702615,0.7064407727111163,0.7097364236338212,0.8900345391716139
33.docx,0.9109071632191572,0.9153799650209566,0.7622484972679203,0.9635134473559712,1.0429325893428534,0.8037942664886932,0.8802336790991566,0.8360992050815415,1.0692646373313017,0.9658949006125757,1.0589887618397216,0.8802378885824516,0.9414610867393676,0.9438183687882666,0.8406109538537614,0.9233236288953975,1.0049311184808405,0.8743854116996128,0.9994750069200267,1.0263920275977763,0.9505107126614198,0.9285971046155665,0.802226476451921,0.9559845913585698,0.8301232087708266,0.7996648912675994,0.8972939100546274,0.9605047715125942,0.959927912428902,0.9390306770278255,0.9925488037189507,0.9867220411842338,0.838522876715011,1.084123507614281,0.960069078856805,0.9554666408396518,1.0276206237258556,0.8101644476323027,0.9321369547185755,0.9140837796280696,0.9881165457550901,1.0598984315881785,0.9705579253091056,0.8962945269992013,0.936399607970956,0.8797463054160494,0.8456741357789442,1.02193750597405,0.8822246524837085,0.7637062208179711,0.9581511317950868,0.8377495992571342,0.7840204326656591,0.9338165954872576,0.787756381646251,1.029617051407571,0.9107886009807286,0.8603509383415927,1.070406146137205,0.9733708176424368,1.0281315678252563,0.8031969425906417,0.964269646775522,0.8604662520303736,0.9119384650055496,0.821023084101734,0.7609936316403547,0.8524019134797471,0.7596038797386897,0.726444943157459,0.7313884733909614,0.0,0.8619842908538331,0.7156951965505708,0.8217771542050876,0.7538104261164074,0.9103158363795204,0.954208706917588,0.8651417075359396,1.0127263641837372,0.983833499508862,1.043980366058344,1.134994591141445,0.9552919679422167,0.89355407897822,0.836096117608831,0.9537242563530399,0.7498947146091947,0.8233800671346887,0.7702036068107456,0.9888642221941324
34.docx,0.8925983320832921,0.9444108770748341,0.8202232801321291,0.8959230738315226,1.1580445094475678,0.8350791523091837,0.846320781816347,0.7877997868133931,1.1840024380999359,0.9689168633167052,0.9694168893124,0.8532683394139058,0.8296912283347825,0.8559135736361876,0.8163509931662208,0.9876877614313908,1.0300291911453945,0.8518613416543778,0.9844194235167404,0.9115908480319288,0.9288708826417562,0.9011057480141935,0.9027207812702865,1.0237183533283711,0.77630029279575,0.9978852020971503,0.8429944375201832,0.8464983787178934,0.9250617871810678,0.9419155203843335,0.9683752170617203,0.8315497611572673,0.815940237993846,1.0440268623823237,0.8712653024901297,1.0386894092695724,1.0028595503652418,0.8171970516100419,0.888429635333981,0.858302385678989,0.9098639158197606,0.9642051035904059,0.869441455918785,0.8733311938923071,1.1020195244294484,0.8162720069193391,0.8575246255274191,0.8479031634338279,0.746974713552571,0.9459571052663257,0.7457053890023755,0.7154042854275761,0.722819016600504,0.9175431036306915,0.7826015810813607,1.066473403692891,0.8271448047834692,0.7728393809922083,0.8955754813074954,0.675306744565572,0.8877562090790957,0.8964962271509809,0.8838810015149867,0.6586666589226894,0.7815253806643138,0.7602215133681284,0.7329822756200164,0.7243735902693195,0.8113762473597168,0.8554081499651122,0.64610053150303,0.8619842908538331,0.0,0.6571559304607958,0.9026999858786684,0.7877281518644016,0.8582253532672803,0.7724565655648084,0.7259068674506777,0.824601098819827,0.9602876320841526,1.011542405339674,1.0281258147812007,0.8333555901824711,0.7912723663508591,0.7655552700080857,0.7779245393533616,0.8170315001428586,0.7217005033147654,0.7535883139793914,0.9460784002912813
35.docx,0.8554340530447219,0.8670296355261139,0.7230403132851521,0.876922046679869,1.0729519080944607,0.7285811876164163,0.7276616092748592,0.7799723261367362,1.092741846243725,0.8478743966636385,0.9555625397837693,0.8363650902369372,0.7793075881049901,0.7958657845503623,0.7143960308325097,0.8676104164712919,0.9072223041813733,0.8406137254405204,0.924588761083955,0.9085153090354895,0.8139300777133046,0.8404132137473833,0.7701621787803563,0.9420069816471284,0.6927619696310648,0.8521692839147319,0.8158770966310012,0.7955872408592044,0.9001065237013245,0.7937177951537575,0.8482509386302922,0.8168855969107724,0.7490940382024915,0.9962666668975967,0.8440169788656575,0.9218258501198824,0.970903593600791,0.7778884204641625,0.8608136382250511,0.8246082459170515,0.8818208216182746,0.9619591226970647,0.8505526546503738,0.815754172589592,0.94358157725439,0.759157666140824,0.779806198373078,0.7971792997554966,0.6774319057029026,0.8399292595436839,0.6540525696466122,0.660248084941476,0.6578087146602275,0.7532596655531283,0.7349744657879812,0.853001432736055,0.7610624390043026,0.752661401242634,0.807343651194102,0.792711957375398,0.7998885454115792,0.733583642981399,0.72617403770633,0.6799635949927577,0.7438515143424432,0.7276474638345775,0.6405130208178146,0.6906207194052773,0.6870183334180626,0.7789381861076512,0.6118566565968133,0.7156951965505708,0.6571559304607958,0.0,0.7825746728295752,0.606516459693943,0.7487136780502043,0.7415127454503423,0.6720398666034348,0.7679128736078114,0.7960536472400013,0.8889570132922845,0.9958807089085301,0.7504052310234293,0.7265071632417357,0.7125529964635087,0.8447677339941422,0.7198454670351032,0.6796238422634644,0.6675322104468576,0.8551115917109354
36.docx,0.8308978577924571,0.9512954551047926,0.8208007497570925,1.0444203105516208,1.1691840616457323,0.8646292923402034,0.9017762785494112,0.7855351949917719,1.2112452870172026,1.0020235639973998,1.1113217415231,0.7815503787082271,0.9876703254230043,0.8095147545135124,0.8859968489482205,1.047910000289052,0.9345328282995422,0.954376973674981,1.0449425784918487,1.0343068939442366,0.933649748691486,0.9557935785027073,0.8337468763782369,1.0861250080871143,0.8151817067614173,1.0042584474340952,0.8442362534292707,1.1169706157014436,0.8175248126444239,0.9095174659042451,0.9362705429488258,0.9681839204587088,0.8509147534795936,1.1272685121696155,0.8621456965267139,0.9712095160571829,1.0068574039369105,0.8487252009589112,1.0030725209992901,0.9791825300959297,1.0105727505667994,1.0301722167111194,1.0159234952889857,1.0430726759753708,1.0027908155315794,0.843499765565918,0.9036456425497049,0.9647655271246495,0.918680308549575,0.859061040549149,0.974715534289876,0.8342904908077118,0.7052018014319633,0.9722708423522556,0.7759627216128376,1.0348484984422266,0.7525466179146569,0.8348835359392485,1.021059330472262,0.8797970001930766,1.001763256877609,0.8817767182560847,0.9367737793066937,0.8371579405516268,0.860689486681528,0.8571644070080979,0.8080044395371737,0.8640386478415379,0.6491103290198837,0.8084555866721351,0.7593528903304753,0.8217771542050876,0.9026999858786684,0.7825746728295752,0.0,0.7025236330849204,0.8115483376102379,0.8549549004080821,0.7677671104125031,0.9550405547753809,0.8485618275717524,1.1331271915383678,1.0477139947109244,0.8757205171395955,0.8563020036255604,0.8600022512470856,0.9055735280485377,0.8977428031818434,0.9174203254646932,0.8845245094711448,1.0185018676073967
37.docx,0.8429504107877659,0.9301373405466221,0.7837345128622496,0.9373381036584973,1.161089623057749,0.8688276557576696,0.7731986843237989,0.8252445844344299,1.1222503876002343,0.8396850742484235,1.0096175993845689,0.8310070556800045,0.8436036827797317,0.7906755900151877,0.7946000872195453,0.9893509113567731,0.932208290898979,0.8096924557774411,0.8644770651750876,0.9617831533595423,0.872001833064163,0.8956790020637999,0.7993352426943343,1.0078222835005368,0.8297101941011594,0.9571157444428293,0.8560111541665496,0.9357268704086182,0.8740030538924246,0.7321363530356845,0.9563192002293368,0.9037377716151269,0.8002944542591496,1.0472258366018459,0.7964876750287069,0.9670308247320024,0.9038997555998434,0.7991870672929143,0.929271410084349,0.7220894341765712,0.9794006688084419,1.0086943644957342,0.8938086581555548,0.8441365171922943,0.9854827804930957,0.7986400186778746,0.8225971605224148,0.869113546622684,0.7842914435936926,0.8732326163585323,0.831269274385017,0.6755552600896079,0.6703436645223486,0.8774014231512983,0.7891524328543129,1.0488407575299852,0.7052585612937949,0.7509939155976414,0.9170144380777362,0.8291776651804796,0.9148114223387579,0.8340221028661357,0.8677419841586033,0.6601105342671564,0.8005221624819765,0.7781198671890234,0.6713450031800977,0.7700919850558156,0.6578197328005634,0.7770810471172069,0.7041844801990144,0.7538104261164074,0.7877281518644016,0.606516459693943,0.7025236330849204,0.0,0.790582058288441,0.7935093535034043,0.7091219745221694,0.8428337313166776,0.8078514514124029,1.053569069214563,1.016405593289131,0.8620402107479356,0.7824189520985111,0.7545272983152342,0.8306857699035242,0.8143055428776727,0.7874333167353407,0.7032000338927077,1.0055716790268274
38.docx,0.7976233507566997,0.9572839568892203,0.8982628959686734,1.0730073082024614,1.1643615934770042,0.9119894810361673,0.9181027802408895,0.8144091617887826,1.147227792395931,0.9641695807037288,1.0625222838167843,0.8072528181857196,0.9959510567239407,0.8969679301337433,0.8694646052981874,0.967731583142822,1.0174092089826312,0.9098770130022064,0.9879192435482494,0.9662908919325928,0.9903390291920428,0.9803715645776401,0.8266674371069301,1.0546583083644023,0.840765762048197,1.0289831639923872,0.8861128758696389,1.0160679389649179,0.8612503520149662,0.9740361361992876,0.8130357634905746,0.878187588541237,0.8960397787451481,1.2374544727010652,0.9713574457037331,0.9838653070983853,1.0709708230838717,0.8608854621536284,0.953480615452997,0.9377115696350354,1.0457877232289101,1.034579250289167,1.0667658284560104,0.9438344265984182,1.0461990902467695,0.7930730374660125,0.9555069416058152,0.9098180655181822,0.9104603075718011,0.9406996286483144,0.8717175322225613,0.7869954420216776,0.7528709551996015,0.9228222822089784,0.7198782248942066,1.0309653405394998,0.7393919813435074,0.965912587212394,1.0405981067721077,0.8429301269971119,0.9345029670318784,0.8553792590033656,0.9149233684741557,0.783978814168448,0.8534946747725121,0.8077654695375148,0.864466284962204,0.8182242197815195,0.7674718417603819,0.8136513263529285,0.7767167649718482,0.9103158363795204,0.8582253532672803,0.7487136780502043,0.8115483376102379,0.790582058288441,0.0,0.7823353617973098,0.8080946512484374,0.960173412340486,0.9940120225831408,1.0245356395835554,1.0767960837793327,0.9117218949838264,0.8851326138815956,0.8502482572537295,0.9737171942867007,0.9436855662658029,0.8063599251302596,0.8522862608052134,0.9865571389424673
39.docx,0.9156707120612693,1.0169871787783702,0.8649664400884217,0.9753047633579882,1.2315273693533453,0.924717292541774,0.8184760577286236,0.8467009644758612,1.2412855327053203,1.0193934413795436,1.0316884875168975,0.9100400332332054,0.8164808852511848,0.923983026338843,0.9192753269489364,1.0724463171999254,0.9988550754363728,0.9278375790326896,1.0275961498467592,0.9280038203406079,0.9886207220997875,0.9108530060554433,0.9256744636255446,1.1196367448946574,0.8725018501567263,1.0197639802610068,0.9077372878178704,1.0215978950876128,0.908702843004861,0.981881931001,0.9922586782955602,0.786504875947158,0.8885227263814124,1.137337191074345,0.8992849093666435,1.0522504025629469,1.010052182012648,0.8523715721065274,0.9940342929208235,0.8752675818199552,1.004035792259795,1.0251863729414945,0.9555589212514907,1.0195008168924027,1.114060192737592,0.7892643962690399,0.9441800343492391,0.8939769359551494,0.8095644446866789,0.996725258211015,0.843307736251389,0.642493118455368,0.7517045407820807,0.9776213839784017,0.8006135362402415,0.9981452241842028,0.7106281874755065,0.9072483395157518,0.851186086296775,0.8040161511370555,1.0530071050035463,0.9626503918124562,0.8918187089313824,0.7220365954241191,0.8065244957190711,0.6769478056688828,0.7488545886037585,0.715406426739611,0.7801193184879436,0.9695269592528244,0.7458400818302409,0.954208706917588,0.7724565655648084,0.7415127454503423,0.8549549004080821,0.7935093535034043,0.7823353617973098,0.0,0.7320262359450369,0.9411710624979327,1.029023444418174,1.133444690729201,0.987982787555324,0.9221467640327975,0.9235637314415516,0.8065256987851861,0.8429098669772824,0.9215101056359946,0.8162590056336896,0.8159114290938801,1.0046477827185039
4.docx,0.8531012813892396,0.9835783821261114,0.7642643407453983,0.9373320623763277,1.1557831070277005,0.8032097162103402,0.8032886781077815,0.7787968795389888,1.1818281777629127,0.8475599218117291,1.0887545304143817,0.8471947350217813,0.8602927522847034,0.7873041210401661,0.8529223680264333,1.0056730185175584,0.9408926667522399,0.7707796451830887,0.8765594716807483,0.8755728951272087,0.9188069263392965,0.8386539162449216,0.7788459468890732,1.086774371306972,0.8081790312364368,0.9067287612238509,0.9282562188240989,0.9100778994053588,0.9355643439647688,0.8643126705995283,0.9449031387351289,0.8369270021924923,0.7245770209262119,1.0524749571344088,0.8459360746023152,0.9657421944642901,0.9696585274748277,0.8059232944884,0.8804719187044541,0.8007152962464665,1.012326439364749,0.9205662666479022,0.882901637333557,0.882382860237263,1.0249173822692688,0.6889963756110471,0.8752689972922603,0.8103824268212451,0.8319613593042828,0.9217645472248865,0.7176445198996769,0.6971993760890401,0.6929747681106871,0.9095310349905914,0.7601285172633253,1.10012866364297,0.7244535713357861,0.8123192527111661,0.9273784993945468,0.7299087885344666,0.9688592913991563,0.8932309397266534,0.9334079339734267,0.6601948674234073,0.6896662443295917,0.6853295959407616,0.6788537032620172,0.764668965050752,0.8232701475881449,0.8660879489129013,0.7014145905152281,0.8651417075359396,0.7259068674506777,0.6720398666034348,0.7677671104125031,0.7091219745221694,0.8080946512484374,0.7320262359450369,0.0,0.8443144936808828,0.9498391752476835,1.0262280492551306,0.9950968671965797,0.8325060821449258,0.7470743308767724,0.727944240902266,0.7282931656709883,0.7860779064167932,0.6898486072689429,0.6917699189356512,0.9076242812966868
40.docx,0.9878092774690252,1.008964572684404,0.8511280650256852,0.9780152148473523,1.2706706719291185,0.8207682237663592,0.9222764040243238,0.9623956790203887,1.2386139927737367,1.0651220774978214,1.1297637890356258,0.9667352318067449,0.9383332208178392,0.9251773272486143,0.8800920502719167,1.080942956013528,1.0645694621113175,0.9390666150284099,1.049952847434527,1.1069231252552358,0.9354024604894846,1.0279212650399394,0.9770663875127787,1.0290134733860465,0.8632118640285978,1.081039789233753,0.9845506142535646,0.9711814508855257,0.9684711512043158,0.9935722328911187,1.0378534708632285,0.9307658185382611,0.8094870087121775,0.8978141062573145,0.9280678075162997,1.0764914950997087,1.075535730633181,0.9177256594489084,0.9794906998568379,0.9450177497631296,0.9464067694123618,1.1846025774096192,0.9531694444692418,1.0066311917452122,1.062564588319554,0.9297801752638303,0.8867611326698625,0.8027016459622347,0.9156092111304265,1.0498498397887617,0.6505334512223232,0.9055887782414074,0.8484324648297187,0.7878995857607533,0.8591706613183924,0.9328054423074924,0.8865533459906857,0.9095654225673258,0.746771467827973,0.895222074331335,0.7614507356353183,0.9466032634567402,0.7477970016688684,0.8443878368099337,0.8867776112317152,0.8981212631942952,0.8676699092935263,0.8645272970551151,0.9165939137501375,0.9384172641706939,0.778515536758491,1.0127263641837372,0.824601098819827,0.7679128736078114,0.9550405547753809,0.8428337313166776,0.960173412340486,0.9411710624979327,0.8443144936808828,0.0,0.7766424341482346,0.8006437002102453,0.9691332930508277,0.7151892117783493,0.6311196678562662,0.6569403458611569,1.00191096496826,0.8902499790175428,0.7969590566957501,0.8255343308505941,0.8887538559733882
41.docx,1.0554760485621615,1.10115888900967,0.9450950107438522,1.019409129443578,1.2879657207689519,0.9529597392461956,0.9781644699970173,0.9614121940658671,1.2815645810877874,1.1240807013037837,1.2526826081135767,0.9798290552235065,0.9696325315584072,0.9204154428415152,1.0156380953205884,1.1969465795558532,1.0820764785937314,1.042270505226459,1.1704408110661635,1.2328647065090133,1.0077486718741924,1.1188733592716924,1.0799688233979872,1.0553594247079439,0.9136182225807851,1.1056471746787582,0.93541864973007,1.1287236099834006,1.003962284062662,0.9839768500061764,1.0838745485655616,0.9980635721242973,0.9224198362709921,1.0477467148357302,0.9056122187876632,1.136285161997447,1.0895337149609126,0.9240594861525523,1.0871472044683075,1.0294477180607564,0.9554461816327151,1.2375283242498298,1.04399878758277,1.1497359585859273,1.0894856252157952,1.0487580892328712,0.9765097572137549,0.8700559339252009,1.0215738090183961,1.1074927755436323,0.7983231215532895,0.9968689788224748,0.9534331926633576,0.8229064801976975,0.9832348710186248,0.9739089860780115,0.9427024133300111,0.9567010234999423,0.8081170692831938,1.0285187930215054,0.7706199248322647,1.0584636336879587,0.8589693277402294,0.9281316539382929,0.9717259410703493,0.973630269913474,0.9625698091866169,0.9024385443092698,0.8856026973589141,1.0005949481796086,0.8659784148564796,0.983833499508862,0.9602876320841526,0.7960536472400013,0.8485618275717524,0.8078514514124029,0.9940120225831408,1.029023444418174,0.9498391752476835,0.7766424341482346,0.0,0.8738714838968588,0.8675531051956328,0.7085329319058653,0.6958126207263422,0.7607044679243345,1.0573600509424212,0.9502121808706144,0.9530970805794113,0.9211263981832459,0.8840071246847279
42.docx,1.0798392725264052,1.0861229274230093,0.9928185419435119,1.0883822732631188,1.2579506061327201,0.9511411306459162,1.036962860418231,1.0873701434231922,1.1941763004925208,1.1776399206996417,1.1910230765329897,1.0685062784260877,1.1337907548366013,1.0333374216242626,1.0035836383412198,1.1610519103289132,1.1666503460787399,1.0785646931537065,1.2103189554576306,1.2044745719177101,1.0454921808533162,1.039077244256506,1.1321152260774099,0.9906363523964731,1.0345937634119298,1.1405561811136153,1.0794097215427492,1.0571053220477051,1.0419128126345132,1.1996438823651179,1.0701271201384552,1.0569124721231369,0.9772418070866605,1.1158756242130465,1.1368876004099286,1.0462902579404885,1.2119638273876012,1.0135664747565032,1.134701199581144,1.0701315060248235,1.0105056885759116,1.3159519458278297,1.1118907871255927,1.0714400852056933,1.112383419546209,1.0636708815549474,0.9777983543915973,0.7794554709269231,1.086735560722792,1.1347398201154228,0.7561200914729858,1.0926210863525467,1.088054306453464,0.7231363863330847,1.0120926369264311,0.9017430952722445,1.074934196083963,1.0873327585303523,0.9051805004526569,1.1466367790814112,0.7959703535240519,1.0108106657063303,0.7293010829985573,1.0328538026678213,1.0641694262007915,1.0104956245812362,1.0096746344873382,0.8871667965274009,1.097013876726812,0.92538643363214,0.9609476704682859,1.043980366058344,1.011542405339674,0.8889570132922845,1.1331271915383678,1.053569069214563,1.0245356395835554,1.133444690729201,1.0262280492551306,0.8006437002102453,0.8738714838968588,0.0,1.0423993816535335,0.7721694500211507,0.7357647468647507,0.7988153494738585,1.1819420785665802,0.9992271580668703,1.0057792506857584,0.8743156160347499,0.8565886181907767
43.docx,1.0616798346521117,1.2219093961814884,1.014993383280537,1.1022424275602614,1.2123731092752599,1.0482813486702356,1.029673971101014,1.017159028085354,1.4643736921779773,1.1868065673148789,1.2593511971872515,1.0173785300008689,1.0690442064144294,0.9812366240912113,1.092224289574738,1.2896609458316806,1.2476449897328892,1.1457363067911797,1.263479120155188,1.2500018920071054,1.1077152714855878,1.2059408295583602,1.181935643197603,1.1573013103764132,0.9826038244773434,1.2215057218020147,0.9628781520371696,1.2128523438196508,0.9321926160106427,1.1176503050817863,1.194533673681847,1.0127206625982772,0.9575084479011357,1.2019763704817947,1.0106295349188499,1.3128873935281549,1.061294873162854,0.9769663862282363,1.1622702230148638,1.1374814340871737,0.9692435065550471,1.2660838785766082,1.139946451400101,1.2986550780246935,1.2086522067419696,1.1444413152171797,1.0845514376429535,0.9356616847366317,1.0996112286231194,1.1886174413215027,0.8814154210441133,1.0419645134744946,0.9865041496621738,0.9964947381051065,1.0618840231084012,1.0505165933959038,0.9808225776649826,1.0160811645301648,0.8291621197605186,0.9894816515028896,0.8976538495249906,1.1761472796742556,0.9479367433108107,1.0681828557193835,1.001004466134719,1.064676482042009,1.082238823757569,1.0408650838819025,1.0010628893018,1.1718906119057657,0.9716673891739345,1.134994591141445,1.0281258147812007,0.9958807089085301,1.0477139947109244,1.016405593289131,1.0767960837793327,0.987982787555324,0.9950968671965797,0.9691332930508277,0.8675531051956328,1.0423993816535335,0.0,0.8033662370157502,0.8693592566552236,0.8247832472848772,1.0423896013807832,1.0574600768104365,1.1026024497927227,1.073012956304644,0.946142496303235
44.docx,0.994979935337662,1.0610077078381004,0.8348117773866222,0.942047998417483,1.234794378694715,0.8791181327159663,0.8935396848966526,0.8413587439624757,1.2716417923109107,1.015732584796652,1.1196389163472025,0.8744081364501655,0.9692161338044509,0.8076528170609393,0.9153482004496794,1.0919368492035786,1.002671408913397,0.9854608937745217,1.0640786183605626,1.094665200488814,0.919856618316346,0.970901407343127,0.998418518032302,1.0084459961805594,0.8562501632477308,1.0824887173695132,0.8607458595309818,1.0294141603673734,0.9592762601532832,0.9966806078061551,1.0391143841721295,0.9351903998538741,0.811589143364097,1.0328204575728634,0.9415534223633607,1.063181191088683,1.0985431389841371,0.802219817598602,1.0399094426065363,0.9325950077698681,0.911829525592357,1.1406459648850749,1.0130971016769932,1.1058200690339746,1.0688378650859136,0.9507096267119841,0.812667244990559,0.7065974622873972,0.9572935688349012,1.0092964988351654,0.7422577989169266,0.8668164699255905,0.8302050028516608,0.771685283175994,0.8883257991406954,0.838809188212887,0.8046661855906824,0.9770599697787419,0.7646752028843856,0.9035662856558165,0.7369784407277148,0.980222636775969,0.740887185914014,0.8620093498072401,0.9447790393131464,0.9075045328072374,0.9091662814113017,0.8441155601094154,0.8921741723231232,0.9521292947789364,0.7957685410918139,0.9552919679422167,0.8333555901824711,0.7504052310234293,0.8757205171395955,0.8620402107479356,0.9117218949838264,0.9221467640327975,0.8325060821449258,0.7151892117783493,0.7085329319058653,0.7721694500211507,0.8033662370157502,0.0,0.6455308930608241,0.6018287737754336,0.9475658967663263,0.9030576756746348,0.835410272573245,0.8741174035749641,0.811516014914218
45.docx,0.954894020978971,0.9474781299306352,0.8140609483504391,0.9513441608671717,1.2441560669254146,0.7656870047068957,0.8520191049155479,0.8790990758582058,1.1888705931440429,0.9594747513255109,1.0932986132794442,0.8803439138790448,0.9763290623350079,0.8638052673952152,0.8690195094776708,1.088250866606793,1.0170902666475734,0.8574634983461097,0.9871432673258004,1.0640762415416727,0.8614200223624657,0.9529705252584351,0.9575860005534175,0.9473881380143853,0.853659543370203,1.0106912414980411,0.9314177137007431,1.007452430000649,0.929780557264622,0.9409806596346765,1.0119647894159376,0.9242855333768568,0.8510669833187781,0.9815231438079638,0.8937726273779432,0.9782573170587904,0.9647702928360832,0.8853192709453456,0.9524770631288092,0.8898036773998799,0.8660951341746219,1.0906880090136326,0.9139373752312665,0.9734402122362162,1.0466417241998531,0.8408733709153199,0.8888854257431363,0.7248231169828876,0.8818553459502055,1.012534672373618,0.5729802045584116,0.8110826332931098,0.7520853545055662,0.6543560959819628,0.8513707937679174,0.8477106229797804,0.8077573354895138,0.8239119725098999,0.7069158069919727,0.8957421214428384,0.7395487809814323,0.9112337509799064,0.6940401536894296,0.7480349959138484,0.7670182231659125,0.7842182882151524,0.7727464206573704,0.7447132300500812,0.8356089483491229,0.8266117420358795,0.7197567279094305,0.89355407897822,0.7912723663508591,0.7265071632417357,0.8563020036255604,0.7824189520985111,0.8851326138815956,0.9235637314415516,0.7470743308767724,0.6311196678562662,0.6958126207263422,0.7357647468647507,0.8693592566552236,0.6455308930608241,0.0,0.6119957559858549,0.9234229633216094,0.8019108074876492,0.8016446448112202,0.6976600333972596,0.7882688203307461
46.docx,0.8758416913726179,0.9483983522348197,0.7451167198411595,0.9266801232226847,1.089991590219424,0.7762727575264792,0.8186451648673401,0.8134910870463951,1.1972851038884622,0.8792522140808895,1.0123328639476026,0.7532978678816181,0.9024263656680707,0.8127938840230163,0.815739325311561,1.014125234022589,0.9170324148183674,0.8265330512277955,0.9473662473895594,0.9753867683283224,0.8482407879825276,0.9449495525865699,0.9209601499327255,0.9141268314403942,0.7321765676698895,0.9232755236583701,0.8316733698314575,0.9452077840175409,0.8778898960820825,0.9163631888613414,0.978634938462935,0.8436158187250207,0.7670448297309891,0.9708976053269163,0.8809706083880893,0.973048876647782,1.004763193473368,0.692369151108765,0.9124903708095586,0.8189036060954735,0.8722967119067646,0.9625310175693674,0.8904241258662811,0.9927605570912768,0.9475496139041631,0.8050479010320006,0.762130995406965,0.7338474362409317,0.8138903646672206,0.9623143508904812,0.6734555817019146,0.777345391218456,0.7081095132936182,0.7419221821130398,0.7755307405848797,0.8457654447299819,0.7015361508375232,0.8494042534461217,0.7207490958015386,0.7937297751621135,0.730895497079378,0.8794595324269083,0.7135686464290053,0.7445358777165523,0.8078406615256829,0.7823271789686069,0.7599910666850472,0.69953832439896,0.8503457850148056,0.8851040849860001,0.6893849267118343,0.836096117608831,0.7655552700080857,0.7125529964635087,0.8600022512470856,0.7545272983152342,0.8502482572537295,0.8065256987851861,0.727944240902266,0.6569403458611569,0.7607044679243345,0.7988153494738585,0.8247832472848772,0.6018287737754336,0.6119957559858549,0.0,0.8221016730930181,0.8419548522921676,0.8009173125497717,0.7167603949470326,0.784937705340374
5.docx,1.0120373545783294,1.0798668526147701,0.8656141604807621,1.0068329840267092,1.2913170835045171,0.9769954949296702,0.9576038272864795,0.8855750222573481,1.309232362093421,1.081683085713159,1.140584543269794,0.939802141461507,0.9523421734541394,0.891725408538694,0.9701323511561288,1.1802169071489244,1.0440250973505754,0.9395940449201382,1.0948104228565696,1.0644543512482871,1.0477506057810368,1.0007780294622486,0.9606411109052299,1.2680979699143957,0.9658046438973993,1.0676099395269998,1.0040384391575465,1.1368483642789229,1.0246688224843927,1.0566347575206902,1.1063925866885087,0.9831833978514639,0.8780928209955932,1.174290210639195,1.0016844606056208,1.1029705427694263,1.1075592268277434,0.8596016106202795,1.0626114443201922,0.9548798853438284,1.1307288078266593,0.988590470885396,1.0288396135661995,1.0605383195066245,1.1770562014394017,0.8888156003604615,1.0236910271667405,1.0127677239288149,0.9616544202783232,1.011841967275707,0.9052353163243251,0.8502686439016192,0.7748004894182327,1.0601299447914159,0.9214357325242295,1.1692540045146824,0.8535416312918894,0.9524198396468014,1.0191621520042273,0.8648801967602162,1.0806342951708645,1.0363783386751109,1.034853002033626,0.8074296961129771,0.8885042179816856,0.8149987474118267,0.7687533873849651,0.8598857034305838,0.8745909399935016,0.9759830507258763,0.724865795783193,0.9537242563530399,0.7779245393533616,0.8447677339941422,0.9055735280485377,0.8306857699035242,0.9737171942867007,0.8429098669772824,0.7282931656709883,1.00191096496826,1.0573600509424212,1.1819420785665802,1.0423896013807832,0.9475658967663263,0.9234229633216094,0.8221016730930181,0.0,0.9537452227013062,0.8828426730400958,0.8544326368505216,1.0495762627302514
6.docx,0.9569252601694987,0.9991861333367796,0.8819102467484133,0.9396450294558938,1.182192668349504,0.8546754243939414,0.9163639713688787,0.8933762539192054,1.0487464967859883,0.9086747708246796,1.039106811494509,0.9001027204710688,0.9158839629079211,0.8777091133904455,0.7711575668055808,0.9899050229653612,1.038633514207171,0.9150074576792907,0.9003966818460727,0.9252863674569154,0.9451896990025541,0.9033576632757387,0.8259625230028247,1.01089803848763,0.8587561863224142,0.9623292803414213,0.9718557551889075,0.962120815094586,0.9581669082354519,0.8998826105002498,0.9961968180541093,0.9340600782713261,0.8684421578773991,1.0406809713606229,0.8783339806865267,0.9661318694747473,0.9884949262425903,0.8407540147110197,0.9666985061624206,0.8868014826400039,0.9719438294031759,1.0492986693578752,0.8874332712250201,0.798530566423838,1.0563291194623572,0.8189932431360082,0.8745675014667043,0.9014713094780094,0.8950121769525397,0.9424094068281457,0.7792956150677672,0.8049156708169184,0.7904136670919345,0.8727119849499794,0.848844228710874,1.0464902259382305,0.8563055752488964,0.9164711180412768,0.9929278226092503,0.8785959133246751,0.9424144788585416,0.8762930174042054,0.8739608514992241,0.7858314361868277,0.7781660879662572,0.7972608293819029,0.7446058433874622,0.8295161730468539,0.7689739178290783,0.7921224591914067,0.7197951848702615,0.7498947146091947,0.8170315001428586,0.7198454670351032,0.8977428031818434,0.8143055428776727,0.9436855662658029,0.9215101056359946,0.7860779064167932,0.8902499790175428,0.9502121808706144,0.9992271580668703,1.0574600768104365,0.9030576756746348,0.8019108074876492,0.8419548522921676,0.9537452227013062,0.0,0.7948317840626191,0.7341508355418427,0.9864474583694252
7.docx,0.9682620103254388,0.9687227855343815,0.8113014399880886,0.9321064589503368,1.1966247008854307,0.8566402939851918,0.8464342830222269,0.8366913361934993,1.1214936225089642,0.9104498687723444,1.086708699577904,0.8092268380101442,0.8756298365423083,0.8916478149823668,0.8594746750557016,0.9896519879670929,0.9747668483666097,0.8314154245718125,0.9199315750857808,0.8532751952647745,0.9121597314412445,0.9075733581391462,0.8262269860641774,1.0150732866685002,0.808496588372735,0.8917511838801646,0.9278365644300467,0.9150587832742311,0.8820690113561244,0.8867088484050286,0.9042544179461198,0.8660476035815918,0.8403243741136415,0.9574162933703155,0.8174124750439699,0.9427710616430016,0.9830654161969278,0.8398408498689518,0.8957336775115512,0.807074617825441,1.0539893800794398,0.9608845996165654,0.8746085920646364,0.8623024937467452,1.0958586285993976,0.8199864657059445,0.8972861177186985,0.8587786945025705,0.8161911535338986,0.9223638112895307,0.7829802762193515,0.7327999429041118,0.7755798347036716,0.9231004873467619,0.8221358279750842,1.034043730839244,0.7828550845437117,0.8924267141664941,0.9432527768895046,0.8005784732595493,0.9649421017550928,0.8944689904548347,0.8684124726537419,0.7483873100939761,0.8130113611740506,0.6915573919861805,0.7663900141326581,0.8158219374874617,0.8252057034961874,0.8608857754295403,0.7064407727111163,0.8233800671346887,0.7217005033147654,0.6796238422634644,0.9174203254646932,0.7874333167353407,0.8063599251302596,0.8162590056336896,0.6898486072689429,0.7969590566957501,0.9530970805794113,1.0057792506857584,1.1026024497927227,0.835410272573245,0.8016446448112202,0.8009173125497717,0.8828426730400958,0.7948317840626191,0.0,0.7130466154171441,1.0149586944812454
8.docx,0.8957594450806576,0.9137222337545675,0.7742703741973458,0.9459429584882231,1.1057848666253836,0.8172675141644994,0.7567736097629755,0.8256648286024543,1.106327162622759,0.9093697165545079,1.0768432881142898,0.797360819587766,0.8084792667820845,0.8589924984457494,0.7671597616286995,0.9529302535600189,0.9519840780892608,0.8287299284851538,0.874224572501071,0.9332466744345193,0.8098151963853071,0.8904946740111983,0.7371131627238426,0.9769457977390984,0.816042913801237,0.889156045984216,0.9179434960478767,0.8292620966737274,0.8539978572764403,0.8103032742624373,0.8958685161165211,0.8639094301069103,0.8703829204781824,0.9928227360197087,0.845678449112078,0.8614347337349515,0.9647137282562938,0.8312544373669059,0.8784862147821301,0.7661757852626689,0.9472999056566935,1.0479412759163804,0.772837777844107,0.6343836707998037,0.9346776849977014,0.7658428086904879,0.8672635410873801,0.825531809969994,0.8386888210708279,0.9022824586463333,0.7494919977198244,0.7849707442210372,0.7308641433652288,0.7606689351097812,0.7862312520280436,1.0034005641183206,0.7743757820602818,0.8179395182267147,0.862494466752076,0.8364567765169937,0.9476338624503441,0.8231895151543864,0.8132295332409005,0.703450111863213,0.714028333616894,0.7682846988458073,0.6158235615399249,0.7032961424240669,0.767520380215316,0.7928585006400946,0.7097364236338212,0.7702036068107456,0.7535883139793914,0.6675322104468576,0.8845245094711448,0.7032000338927077,0.8522862608052134,0.8159114290938801,0.6917699189356512,0.8255343308505941,0.9211263981832459,0.8743156160347499,1.073012956304644,0.8741174035749641,0.6976600333972596,0.7167603949470326,0.8544326368505216,0.7341508355418427,0.7130466154171441,0.0,0.9193119558313393
9.docx,1.134260262155373,0.9677291072125317,0.9020614016754824,1.0067046261922525,1.2535139660166719,0.9078256180135692,1.031749555141648,1.0445783417623609,1.2515226246770228,1.1706324213468307,1.1377077735726102,0.9830330397937989,1.040666632773214,0.9682512768567146,0.9609015130900156,1.147614429551605,1.1432314460579158,1.083976307183649,1.199665804169034,1.1659739257786246,1.0416191650559687,1.0643756463403562,1.1033736961707543,1.0687588368762524,1.0021231017422354,1.0497927622083836,1.021707421089818,0.963591180361513,1.0343547366122254,1.103264868843984,1.110982801135542,1.0041699596244316,1.0444545878873304,1.0533861768507253,1.0994351904402158,1.1659194089733917,1.1704876181882649,1.0031413337084927,1.1134672759109308,1.0461561128998833,0.9799536585799007,1.2148565450567306,1.0350256826620052,1.1703819965567597,1.0549475521424436,1.0032335083979538,0.9255148437081142,0.8352235597632601,0.994581647085064,1.1330939184606699,0.7650751515265455,0.9962039997171861,0.9843543040785583,0.8835080118915173,0.9194852580176517,0.947098623202314,0.9378911377950704,1.1134255474721015,0.9042057509000603,1.0398525006825712,0.8381846293948396,1.045312752046627,0.826766166404466,1.0041575546369585,0.9246635376697491,0.9787965924022869,0.9374570250362573,0.9237960237963994,1.003771515604007,1.0045395376391322,0.8900345391716139,0.9888642221941324,0.9460784002912813,0.8551115917109354,1.0185018676073967,1.0055716790268274,0.9865571389424673,1.0046477827185039,0.9076242812966868,0.8887538559733882,0.8840071246847279,0.8565886181907767,0.946142496303235,0.811516014914218,0.7882688203307461,0.784937705340374,1.0495762627302514,0.9864474583694252,1.0149586944812454,0.9193119558313393,0.0
