path,label,file,и,в,на,с,как,не,что,для,или,к,а,это,по,о,например,от,из,его,но,является,их,при,может,также,так,языка,более,метафоры,то,между,образом,текста,ее,только,т,анализ,можно,быть,часто,которые,через,таким,перевода,они,же,где,дискурса,у,есть,исследования,он,она,the,слова,могут,этом,за,однако,все,речи,здесь,метафора,эти,того,языке,анализа,том,мы,позволяет,именно,если,который,дискурс,этот,a,игры,действия,со,типа,этих,модели,во,е,эта,собой,являются,д,время,язык,основе,тем,роль,of,значение,всего,модель,образ,которая,хлеб,этой,одной,когда,наиболее,такие,дискурсе,стратегии,уже,человека,другой,случае,слов,имеет,др,поскольку,чтобы,этого,работы,таких,чем,значения,системы,г,без,до,под,просто,разных,понятие,метафор,информации,слово,пример,которых,русском,процесс,рамках,признаков,часть,позиции,связи,текстов,использование,глаголов,себя,перевод,характер,бы,теории,текст,было,контексте,представляет,связь,хотя,даже,зрения,понятия,еще,об,м,языков,лишь,структуры,глаголы,описания,других,языках,тексте,признаки,стороны,культуры,различных,стратегия,особенно,п,выступает,роли,см,один,функции,кроме,данных,русского,следует,подход,переводе,н,качестве,точки,and,либо,несколько,двух,внимание,используется,которой,ситуации,обычно,становится,области
/Users/oksanagoncarova/Desktop/статьи написать/генерация статья/real docx_converted/1.docx,real,1.docx,0.33576733120594987,1.6358295310360036,0.8007032489869625,-0.22791936941411112,-0.7538235517308588,1.0783247347061249,1.075484995809136,-1.4449803914333774,-0.8185176082097049,-0.44169323371717495,0.9563209093999273,0.028328241287380707,0.011709290326420964,3.6554652194198267,-0.7964026701801551,1.4051229398832599,0.8094049376087095,-0.3388403531653419,0.06828067875306065,-1.143571356842029,-0.5333675067936817,-0.8167064040705787,-0.47138461281225436,-0.5610815211301244,1.1561580154266826,-0.8896685398071914,-1.2155952749308185,-0.38744464055116556,0.3919176538502527,-1.0740618152977786,-0.013758435112028882,-0.4450949645750903,0.7108131625939693,-0.23112423797694284,-0.6484099645811185,-1.0720730364973643,-0.48234774545913967,-0.4144759511961443,-0.020173662957528628,1.444249241146384,-0.5869092928702583,-0.5472651625837234,-0.31919285713903967,1.7912459977287951,2.400598633422077,-0.2968914685000992,-0.4618574495898806,3.1308938763748544,-0.34747308791977327,-1.0827051986354574,2.845856471424582,4.803077894024225,-0.24331673225486197,-0.7694857481760914,-0.7368069634620944,-1.3400208755873415,2.8955947935734696,-1.2546277852545145,6.244925149367434,-0.5738582398200799,-0.5670397353558743,-0.3974916989517305,-0.17095405844828265,-0.6201645047311809,-0.831703839758683,-0.9227542815648311,0.693142651502817,0.7517422231273247,-0.9859687122032763,-1.3640807205019188,1.3032396172961718,-1.0069835670249103,-0.3379510239826843,-0.9005018574867075,-0.2820886513275058,-0.1637942700395958,-0.09272662885966934,0.7950966427198475,-0.22492016477793753,-0.5176896013760087,-0.6473765890410336,1.4853363593878282,-0.5523316798527136,-0.3341835080003922,-0.9435384509457813,-0.40555625685825863,0.305108506085943,1.1865408456355846,-0.29105780119467833,-0.9291353031516743,0.8394522715757761,-0.3395705025641518,-0.3073771948537867,0.6233653619616901,0.9546776787656808,-0.5627877258890048,1.203960098688602,-0.25115130590972695,-0.1506441370591563,-0.33344490225811735,2.442936615663954,-0.326547371675293,-0.8440587137687767,0.9749282679957574,-0.5070158824261367,-0.27936190018297313,-0.35581562750531776,0.3382928176383519,-0.947115216123778,0.35182912582694115,-0.675060584737967,0.2652590078974766,-0.7834319621149233,-0.7363262304761065,1.6437304827242025,-1.1484473496166372,-0.5414091334477708,-0.26258392418564047,-0.17464479977235617,-0.605698349662719,-0.5819883729907089,-0.4924401694987043,-0.23304344666656093,1.4955580180937553,-0.34430979006385476,-0.0974707531624393,-0.7007555062540312,-0.6402434556677445,-0.3508608211276413,-0.48777768967830387,-0.6912797951928124,-0.45442626659982593,0.312356740110183,-0.5491809613237001,-0.7554699426776713,-0.8076125180737811,-0.4405692900267722,-0.20661510320816234,-0.3226428791058886,-0.2085824950712404,-0.17747010760992585,-0.7910632141448923,-0.2914648825657315,-0.6883810976012716,-0.354708989765921,-0.23294913950589122,-0.596149671906592,-0.7153234551588263,-0.5708432913657452,1.1348436374109476,-0.7248989742406267,-0.7719636252888739,-0.5825212856618235,-0.7084944693805171,0.7031591475519915,-0.8724407772553341,-0.7495166505504289,-0.17310947010371344,-0.14007600298864623,-0.5934318916786712,-0.4088049828033701,-0.7509626217066395,-0.5251364543595959,-0.27235018261241456,1.0708381683235553,-0.7877356953935943,-0.32789071854293134,-0.4734548242517995,-0.3586605668743056,-0.06274308435245524,-0.4861065863028987,-0.12184256501884713,-0.21071902854022595,-0.8040413439418215,1.8215325020919637,0.9575698025914792,0.9634279685612686,-0.2832040174675377,1.4429352837489484,-0.04254789511460415,-0.7288319676966448,-0.468715451687348,0.31119703444671826,0.659483452029737,-0.6641114293129019,-0.37795707924491667,-0.1510270614371307,-0.6810179654612449,-0.7785409311448866,-0.2704016887956423,-0.016247267232608737,-0.8075931738604872,-0.4997175184791023,-0.8438164588390366,-0.7432843691516248,-0.7492856064173085,-0.5779449645973369,1.1789649424958573,-0.553438319878907,-0.5014334615900439
/Users/oksanagoncarova/Desktop/статьи написать/генерация статья/real docx_converted/10.docx,real,10.docx,0.0026855779505394516,1.7581737841721627,-0.8088733471260587,-0.079805327208128,1.2754796663904366,1.1853388345708873,0.9965693159124064,0.8263324312019874,0.603154636241136,0.7135149161138803,-0.6558963407188202,-0.4189379798005377,0.9245880044670204,0.5873149927458684,-0.6926603589632861,1.1804989381970585,1.0678455774125333,-1.040643785902031,-0.4187661947293145,0.0434852407181208,0.7099795349891663,-0.7456473011116369,-1.2188685302090494,0.06603124748712463,0.024975856415532755,0.01415949217456908,0.7079054831152428,-0.38744464055116556,0.32797280386061206,0.8741971997233648,1.695830264080752,-0.4450949645750903,-0.9321007507285137,0.7568422720875564,-0.33667005674439926,-1.0720730364973643,1.4920908347816166,-0.2762814532767297,-0.20735290915044755,-0.7106748630846962,-0.8293488033164473,1.16683620153188,-0.31919285713903967,-0.7465794457633393,2.6738131795965407,-0.5959717225887646,-0.4618574495898806,-0.5799313912067062,-0.2197503740768997,-1.0827051986354574,-0.1423184762938841,-0.7814985160169347,-0.24331673225486197,-0.7694857481760914,1.4641792961415068,-0.7598506299670418,1.0154843007897514,2.4388705683222196,-0.5864728786925993,0.37460669564334037,2.8119613546148634,-0.3974916989517305,-1.0356353016204265,0.015248047548899335,1.951252161185976,0.5428307514853464,2.7436883454149488,-0.36998179944915743,-0.41274170424765994,0.1387251315549358,0.1688844295173925,-0.46799325817347953,-0.3379510239826843,0.29779262397777906,-0.12271926278061597,-0.1637942700395958,-0.24980160442712798,0.09397075588519525,0.9918441647645554,-1.156115108189737,-0.6473765890410336,1.4015802462874116,-0.24452898937675865,-0.853304877307716,-0.9435384509457813,0.9055980969097013,-0.28547789276386926,0.33387457839000634,0.1718017174347372,0.26976858291998046,2.0958705379413973,-0.8451228248249796,-0.3073771948537867,-0.7599959700576459,0.556386220541159,-0.5627877258890048,-0.6098198997095099,-0.15788581394945422,-0.1506441370591563,-0.19102419512210927,1.4580485183602965,0.539987264031934,2.3782307745883333,-0.9295929458619132,-0.5070158824261367,-0.27936190018297313,1.4850716439045253,-0.5585938714942067,-0.15822697425333848,-0.6802222558010773,0.2870812405885512,0.5238336305919993,-0.2926653629404394,-0.17560120219898462,-0.05243756109956857,-0.25141963243897225,-0.5414091334477708,-0.913535245090684,1.2833353376028187,0.36146804999938564,0.3049517886090741,-0.4924401694987043,-0.12612274450860286,1.2811884321824152,-0.21897751076471442,-0.6973771213728089,1.3150670203036243,-0.1145085773988761,-0.3508608211276413,-0.48777768967830387,0.48157379579474413,-0.45442626659982593,0.5290610351196458,-0.5491809613237001,0.07249815026599829,-0.8076125180737811,-0.4405692900267722,-0.8265621563597865,-0.3226428791058886,2.4379916175453378,-0.10208577558279991,0.00932342135200052,-0.2914648825657315,-0.6883810976012716,-0.354708989765921,-0.853600130263927,-0.002362195336643767,-0.7153234551588263,-0.5708432913657452,0.48541236414418937,-0.7248989742406267,-0.7719636252888739,-0.5825212856618235,1.5913806773357528,1.020119091289706,3.0854525751022264,0.005332916833198895,1.5130607444809983,-0.02835756476666354,0.4369546492225388,3.3843105071310062,0.7367647207146693,-0.5251364543595959,-0.27235018261241456,-0.5969470920646137,0.8546890388841114,5.108199113886448,-0.005068684286627148,-0.3586605668743056,1.056244536894008,-0.4861065863028987,-0.015195137714010543,-0.21071902854022595,-0.8040413439418215,-0.602406522723786,-0.7159175630197637,-0.7058481522497109,-0.2832040174675377,-0.7684835031659645,-0.7131673775579299,0.9045791284472544,-0.468715451687348,-0.4462744406724269,1.7260454726111099,0.9971852761741318,0.08583604063806609,0.4709444070477025,1.3254829943073276,2.457535136271867,-0.2704016887956423,-0.6124354686926344,0.18808418478602418,3.021638823490808,1.0751586518325924,0.19569519752246778,-0.7492856064173085,-0.5779449645973369,1.5672791258719287,-0.553438319878907,-0.5014334615900439
/Users/oksanagoncarova/Desktop/статьи написать/генерация статья/real docx_converted/11.docx,real,11.docx,-0.699458004142946,0.1809212674467918,-1.5028404490054692,-0.355758868207162,0.19351530876553877,-0.7259332510463377,-0.3989340972138929,0.18678029184503378,-0.5584057706133186,-0.28230392432227447,-0.427151237054763,-0.8080153989356905,0.21303555483159423,-0.2408392938746844,-1.0058803016330466,-0.08495312969520304,-0.4303051959035383,-0.40755357418410515,-0.9857049323104428,-0.12073781942426036,0.932044028037987,-0.2706610297908398,0.3669419060376771,-0.39989394004727824,-0.8757567465548594,2.0307870593699167,0.07348934181062852,-0.38744464055116556,-0.19962742151527657,-0.9186240755668639,-0.2162644002336905,-0.4450949645750903,0.01848827404646844,-1.0171534069102022,0.4042177482895472,-0.49371130243398986,0.14419111502550208,0.8390325708076556,-0.9840070948464386,0.13134262272830835,-0.5487980867717143,0.07657039701339272,-0.31919285713903967,-0.5496078063480798,-1.0357344973146296,-0.3967487871399589,-0.4618574495898806,-0.2591613744817617,0.14165111494568772,2.791343292234618,-1.0949705811857804,-0.06344682067863551,-0.24331673225486197,-0.34167126032434203,-0.16320061160180913,0.881786823115276,-1.1668568975145228,-1.0020466574651443,0.5045892895008045,-0.34684441160864665,-0.9567941238680456,-0.3974916989517305,-0.2851792128780994,-0.549692711867757,-0.6413904571559543,0.7142463042408888,-0.8795861942084614,-0.21402923601913998,0.934847057599028,0.7940868412790443,0.6319213213401695,-0.7489703315193894,-0.3379510239826843,0.24673894136886135,-0.2820886513275058,-0.1637942700395958,-0.24980160442712798,-0.24814594626009942,-0.4661751611527421,0.6908480071394009,-0.4170134366721797,-0.462752079252854,0.9211116597175412,-0.5529415580929251,0.09315340176638631,-0.615953408337773,0.4605921142480875,-0.3450826525413449,0.7050060206781436,-0.35522318334998837,-0.42245693062444406,-0.5526105482573165,-0.3073771948537867,-0.2263879342166908,0.09042562172649449,-0.5627877258890048,-0.3999294914717656,0.3362492562119228,-0.1506441370591563,0.16868776861731152,-1.1413080422449269,-0.9379061637386741,1.006943034440278,-0.19495637577610264,-0.5070158824261367,-0.27936190018297313,-0.2456192325541039,0.9982204623110594,-0.947115216123778,0.2154942285722115,-0.44477321102183787,0.8184722059018656,0.3912114039307625,-0.46790864225823836,-0.7869153121634443,-0.719042553563176,-0.5414091334477708,-0.913535245090684,0.3250877433550984,0.08877164715636089,0.2671634467583489,0.7251281806880194,-0.15250602991498924,0.19745942855517734,0.09757421273977387,-0.0031661771607112412,1.2291823191231566,0.11476023214981516,-0.3508608211276413,0.5467942658833014,-0.41055883897578577,-0.22004470823345468,-0.42561649763131926,-0.5491809613237001,-0.35912380611918104,0.8250832755386687,3.2384585937859307,0.24954084554811354,-0.3226428791058886,1.0883921138595112,-0.3296869913141031,-0.4079202483279418,-0.2914648825657315,-0.35530501068071,-0.354708989765921,-0.853600130263927,-0.596149671906592,-0.05197348643441662,-0.5708432913657452,0.4431484105347412,-0.7248989742406267,0.10364259358759595,-0.0641973214529172,-0.3415130857835282,0.5025287677227068,-0.11458754475200107,-0.7495166505504289,-0.44368433342069036,0.25380968188486114,-0.10018857937165215,-0.4088049828033701,0.3172940951519522,0.4419412177754896,-0.27235018261241456,4.2279507657919515,-0.0015113184315681096,-0.32789071854293134,-0.4734548242517995,6.2618525547572865,-0.8522128784833958,0.1649086835284734,-0.6328614875211894,-0.21071902854022595,-0.31324665460558626,0.5663348900332367,-0.3931579609189339,0.2599940302861228,-0.18106921396167586,0.5110421073825024,-0.7131673775579299,-0.7288319676966448,1.1278996612311052,-0.4462744406724269,-0.27282332083320265,0.9264052500343808,-0.37795707924491667,0.9335446328777768,-0.04068016324975947,-0.003990403255592509,-0.2704016887956423,-0.6124354686926344,-0.8075931738604872,-0.018099241681062993,-0.38451230343220066,-0.29379733368447214,0.047559336556214804,-0.5779449645973369,0.036015347293181905,-0.553438319878907,-0.5014334615900439
/Users/oksanagoncarova/Desktop/статьи написать/генерация статья/real docx_converted/12.docx,real,12.docx,-0.8201179625408055,0.11889797155150718,0.25351229631159705,-0.16764584567478033,0.058688696306013456,0.12731812706826592,0.7530832059494975,-0.6764368278954879,-0.5284032833677018,-0.29539005860530115,-0.5724452723918246,-0.8532382987552093,0.8142105420695168,1.0421570662062587,-0.34722525249366337,-0.23203802662882758,2.11660380081924,0.14510656899916202,-0.7926454048408136,0.35204345404739723,-0.2333884873473265,0.13912026268861427,0.3621415815065135,0.14856683588175928,0.5648128845411358,-0.6524258165896374,0.6020199687759726,-0.38744464055116556,0.6670198651269857,2.3352170733222857,-0.3308276955409258,0.9735381831479836,1.5003588840966915,0.4428669093447938,0.9459129868366579,-0.43780093072002235,-1.0935467676063455,-0.02621753826862635,-0.5762845027315989,-0.6882114459387141,-0.5216771796943501,-0.050152406288794346,-0.31919285713903967,-0.4869030297285743,-0.23615212508841216,-0.8129815039833302,5.0255197421952325,-0.7464990928496581,-0.2804220928706815,-0.08304550085865912,-1.0949705811857804,-0.5846320334872882,0.0673798259707707,-0.6130952748153194,-0.34247446142030413,0.4874219227816483,-0.3076040022369603,-0.14663495400662205,-0.8069364922349529,-0.4493785842863133,-0.9567941238680456,-0.3974916989517305,-0.48696672546151776,-0.2150839257334277,-0.622992815443553,-0.6662900191576436,1.7712287399603246,-0.7275956506834029,0.8196040061961279,0.608251073785911,0.7793264247069845,0.4077936265902178,0.6128056001106466,-0.9005018574867075,-0.11475935239669502,-0.1637942700395958,-0.24980160442712798,-0.39003918328198817,-0.31309096232522776,0.05919058939418351,1.121050317489792,-0.08436868496888443,0.5787853499978354,-0.853304877307716,0.9513100660952556,-0.2712170536722999,-0.2655741709647506,-0.6266808285209342,-0.6176151302890514,2.8472187740826205,1.826716402146097,1.7211932600350337,-0.18803641291153086,-0.1748039135661151,-0.22864900842372982,-0.045528136734146116,-0.6098198997095099,0.15266418987579247,-0.1506441370591563,-0.149825831329879,0.6781484833487759,2.165511291998747,1.1858798307225713,-0.12393887705674392,3.8561404422184435,-0.27936190018297313,-0.16720066505968476,-0.36889254259873266,-0.947115216123778,2.2666945988019127,-0.675060584737967,0.9917262272309829,-0.7834319621149233,0.44113610065361786,-0.4013342156731443,-0.6775318858458704,-0.5414091334477708,0.32561457067082356,0.8926482512187086,-0.605698349662719,-0.34917848900472936,-0.4924401694987043,-0.7453718111734436,-0.7976980172368612,-0.9448602950389028,-0.6973771213728089,-0.4361923322865085,-0.3642467620545227,-0.3508608211276413,4.277476295111466,-0.6912797951928124,-0.45442626659982593,1.2506303768950797,-0.5491809613237001,2.2871571657901377,0.6248106013920073,-0.4405692900267722,-0.43318544137662646,-0.3226428791058886,2.2634154079194966,0.3781283437965864,-0.7910632141448923,-0.2914648825657315,-0.6883810976012716,-0.354708989765921,1.5093401884706146,-0.596149671906592,3.285795502276107,-0.008842128574521355,-0.5065760642522873,-0.3273151844904684,2.108790239822434,0.27012441915658686,-0.7084944693805171,-0.33375373229954663,2.0364620437443013,-0.7495166505504289,-0.00034662001497777993,0.6833124863774531,-0.5934318916786712,-0.4088049828033701,-0.7509626217066395,3.9822661114966555,-0.27235018261241456,-0.5969470920646137,0.9367220680397651,-0.32789071854293134,0.26421561369012764,-0.3586605668743056,-0.35126843070374686,-0.4861065863028987,0.33991325512626097,-0.0915067976314013,-0.8040413439418215,0.1666278375930262,-0.7159175630197637,-0.17624295978511037,0.052820583110824194,0.1669949417821091,-0.7131673775579299,0.12866499604162684,-0.1768887366336887,-0.4462744406724269,0.5962528779536446,-0.22804334939518556,-0.37795707924491667,-0.3113992853633524,1.7768199896437427,1.7697386251654337,0.06669974096925209,0.9007683122418885,0.23781457917599513,0.29254713341799465,-0.3401112572596816,0.24259374730801608,1.8723428149875272,1.107301568338337,0.8925027100106749,0.5763281592082935,-0.1931973384456731
/Users/oksanagoncarova/Desktop/статьи написать/генерация статья/real docx_converted/13.docx,real,13.docx,0.217541793193877,0.9647188598344747,-1.9473348542822944,2.119131902678581,-1.3563277620485437,0.7559408608268641,-0.12081315307170919,0.9524330699517845,-0.666383057142343,-0.35184474777278135,2.273914837305671,0.17726566954816084,0.6830765060552518,0.8096695129569768,0.08518881596026165,-0.15552424876040158,0.9636175593823547,-1.26438387110937,-0.009023101267955354,1.4712969791918784,0.20701505338060905,-0.3072879067944256,-0.3896175927402105,1.8261623561203129,1.270670293847706,2.2212184364680585,-0.15631528000686076,-0.38744464055116556,0.38891949835592743,-0.6270141187759082,1.6420051853997175,-0.4450949645750903,1.80184683883559,3.1165515788021736,3.1576223816395927,-1.0720730364973643,-0.07645994413180504,0.02526883539044413,-0.9840070948464386,0.07797376622992053,-0.8293488033164473,2.132072820814455,-0.31919285713903967,-0.5764063297642656,0.7652469052158318,0.8340563720556583,-0.4618574495898806,1.0004585696518438,0.18005769848054606,-1.0827051986354574,0.2166032674505982,-0.7814985160169347,-0.24331673225486197,0.4609328211102075,-1.1732094114869465,-0.541265361370661,-1.1668568975145228,2.377559981970091,0.22734975409547853,-0.5738582398200799,-0.3082098843932139,-0.3974916989517305,-1.0356353016204265,0.42354714415572736,2.452408221718263,-0.9227542815648311,0.3843194243124431,0.7494502912101532,-0.9859687122032763,-1.3640807205019188,3.492576868200266,1.961258838058322,-0.3379510239826843,-0.9005018574867075,-0.2820886513275058,-0.1637942700395958,-0.24980160442712798,-0.11053676289169265,0.3367622422749527,-0.09372111340041309,-0.6473765890410336,-1.0493881160195078,5.380456797842278,0.010556950631161624,-0.9435384509457813,-0.9048368882599652,0.9619471019761507,-0.9685497199301623,-0.07419613828200662,-0.9291353031516743,-1.2148809127661182,-0.8451228248249796,-0.3073771948537867,-0.7599959700576459,0.041399635156573585,-0.5627877258890048,-0.006163260806025472,3.7639992762309267,-0.1506441370591563,2.3909988684787815,-1.1413080422449269,-0.9379061637386741,0.04320550450420219,-0.9295929458619132,-0.5070158824261367,-0.27936190018297313,-1.0568157474130395,-0.5585938714942067,-0.947115216123778,0.17848810151829167,-0.675060584737967,2.118965151681781,-0.10776386254723579,0.8076419811883632,1.235484692526524,2.556529806191113,0.13454210354793988,-0.913535245090684,0.07783940066463231,-0.605698349662719,0.6391158635780068,-0.4924401694987043,-0.7453718111734436,1.11038790230055,6.050707242138753,-0.6973771213728089,-0.006929266919485805,-0.6402434556677445,-0.3508608211276413,-0.48777768967830387,0.1160894901524952,-0.45442626659982593,-0.7260180068101599,3.570251952347887,-0.7554699426776713,1.070677516042626,2.7337581488797937,0.20508212997633182,6.101675122290781,0.13989702125064507,-0.5386866985732379,-0.7910632141448923,-0.2914648825657315,0.269564493232231,-0.354708989765921,-0.853600130263927,0.22135350886400593,0.23859248578148687,-0.5708432913657452,0.17628920952063962,-0.7248989742406267,-0.7719636252888739,0.16284317554563196,-0.7084944693805171,0.44807056607117673,-0.8724407772553341,0.28973046510801664,3.4587385473564276,-0.6753935194689803,0.8251636628719387,-0.4088049828033701,-0.7509626217066395,0.17020601271781424,-0.27235018261241456,0.32816477889718043,0.3428771058433477,-0.32789071854293134,-0.4734548242517995,2.1467300547661154,-0.8522128784833958,-0.4861065863028987,-0.6328614875211894,-0.21071902854022595,-0.8040413439418215,0.06986670681138035,-0.7159175630197637,-0.7058481522497109,0.010541431488757998,2.9115042387213164,1.5187676041513365,2.6443920037413724,-0.468715451687348,5.856208290688629,4.8050936256101755,-0.6641114293129019,-0.37795707924491667,4.521726399723779,-0.6810179654612449,-0.7785409311448866,-0.2704016887956423,-0.6124354686926344,-0.8075931738604872,0.8854437790161038,-0.8438164588390366,-0.7432843691516248,2.688370816579736,-0.5779449645973369,-0.6817071861811528,0.4341791374264298,-0.5014334615900439
/Users/oksanagoncarova/Desktop/статьи написать/генерация статья/real docx_converted/14.docx,real,14.docx,-0.10813341725302368,0.6962501358981759,0.0022323602255793036,0.5554651099163371,-0.01594208640232028,-0.2808537712549348,0.29092528009423657,1.7518955293762415e-06,-0.3462008940922501,0.624103769896399,-0.5097773877746674,-0.36107598165034327,0.708089130780398,0.19621336420602736,-0.8095111616400535,0.9375390388395155,-0.9726304855749572,-0.07488312144711415,0.333372225436611,-0.5698517899124634,0.956922109903049,0.8318786919002803,-0.054432108744771265,-0.9874545736973963,-0.03269032545013792,0.8576578409338145,-0.4718733501881634,-0.38744464055116556,0.7177156453237217,0.33836576481334696,1.1398494798204672,-0.10139645165330728,-0.452223670730859,0.5017330246326532,0.673454525295993,-0.6827810180523999,0.5131738262137564,0.4706706266652246,-0.7963236667826977,1.4480208002771275,-0.5460931478482915,0.5860461589351069,-0.31919285713903967,-0.3250538570877924,-0.5567131932673384,-0.16962828862015597,0.8393931600573905,-0.7611072767844257,-0.10055303297508317,0.06770664145131523,0.5165305381523657,-0.23776740530711757,-0.24331673225486197,2.973987970657873,0.10147412953001901,0.06199745591783289,0.6789613533380109,0.020454199778597634,0.29527435695718945,1.832768949639174,-0.9567941238680456,-0.3974916989517305,0.2271840912199787,0.7647358177582466,-0.2552589538134094,1.6744773736262746,1.5397609940088914,0.8279582955382409,-0.7089208010652712,0.8148948845199484,0.3900353705766099,-0.746482688457655,-0.20328837615065748,-0.03177538853872056,-0.2820886513275058,-0.1637942700395958,-0.15804185973839996,-0.4037094802516592,-0.4661751611527421,0.7086555625158745,-0.4147923827927272,1.0236342596399604,1.0840828711201942,-0.5500455953118677,1.4987315684473335,1.1368444279367291,0.08642490961287272,-0.3390714743885231,-0.6176151302890514,-0.349689790847574,3.9855361527302677,0.04087480496661698,-0.3073771948537867,-0.7599959700576459,0.9005953377046233,-0.32468207570202157,-0.6098198997095099,0.34622147147343596,-0.1506441370591563,0.5787708764883351,0.9525288246620409,0.4906632559357583,-0.8440587137687767,-0.1878733532215051,1.702283693380298,-0.27936190018297313,0.5812196378447569,-0.03465240142739936,0.5780037088272328,1.1284828725947256,4.440108748672856,0.8357519209422141,-0.7834319621149233,0.07669040508515924,-0.4319328638742286,-0.28135751669582854,-0.5414091334477708,0.9878219505812785,0.333571631207113,0.09546740237909117,0.2753505718436922,-0.338776722583915,-0.7453718111734436,0.8768891309356501,0.10762487919301691,-0.34692502048749285,0.029949012797925025,-0.13205473526446243,-0.3508608211276413,0.13895039929775482,1.576140496901797,-0.45442626659982593,-0.4227201666404725,-0.5491809613237001,-0.7554699426776713,-0.8076125180737811,-0.25484432244344607,0.6220755559737493,1.2560399622756415,0.1863110447874865,-0.5386866985732379,-0.7910632141448923,-0.2914648825657315,0.6567687060907667,-0.354708989765921,0.23411182857011886,-0.596149671906592,-0.38045061557038506,-0.5708432913657452,0.45230521016804026,0.3731989488962749,0.11208477962867945,-0.5825212856618235,-0.3379748227525559,-0.37199229324620386,0.2752993716483539,-0.38468824406464575,1.060264571303116,0.5754893398071924,0.1535665091106486,1.220760358841285,-0.031925055715623596,-0.28103600856233446,-0.27235018261241456,-0.5969470920646137,0.4029714821760898,0.4931503524088175,-0.02070085459448815,-0.18275675067013258,1.4537415387371386,-0.4861065863028987,0.26271654501752617,-0.21071902854022595,0.18701206087854186,-0.602406522723786,-0.7159175630197637,0.7568834201148174,0.02615460121078603,-0.3378627702875187,-0.32140623120105005,0.8500647902570382,0.3372890132272333,-0.4462744406724269,-0.26916428706189255,-0.6641114293129019,-0.37795707924491667,-0.3334956717020511,-0.35776214540788187,1.1765050242938506,-0.11522669195454628,-0.6124354686926344,0.15485391447272925,-0.013455703289190614,-0.38008390737265385,-0.7432843691516248,-0.34702173162078565,0.04265904911365937,-0.6817071861811528,-0.20673454005849212,-0.2176581037186874
/Users/oksanagoncarova/Desktop/статьи написать/генерация статья/real docx_converted/15.docx,real,15.docx,-0.5640979604874096,-0.05246245405840344,-0.12179866606175677,-0.6010822600924012,0.4038424568169732,-0.031699876863993406,0.37802481548207234,0.12719227117618254,-0.8168074386449782,-0.16081737043925107,-0.16224212902425372,-1.0299987457562565,0.11755463869554549,0.030780393945641988,-1.1274503638259414,-0.31386442210597065,-0.2572622224894979,0.8688801092443191,-0.153798799411849,0.037444240221631515,-0.11203238865244426,0.03704940625854208,0.6538037522428448,2.352479299637269,2.5947675433528805,0.32803658279758197,-0.5776912915584607,2.674224326881416,0.7838763767678697,0.13740331649812954,0.7575996690503414,0.6751318891400766,1.8118952749860944,-0.06640629072309584,-0.6479435964751377,-0.7381701071907738,-0.7872992507840708,0.2505142536634652,-0.5010685029139759,-0.0417697506810473,-0.707872008748096,0.516573706284298,-0.31919285713903967,-0.8237740169282183,-0.24954830625669544,-0.10590858993909032,-0.4618574495898806,-0.20377926967175755,-0.34747308791977327,-0.8853593168224381,-0.7000522467787282,-0.4705863951770689,2.210105623199455,0.2184669622488702,0.5761018432759462,-1.0995134900513606,-0.7145162441340248,-1.2546277852545145,-1.0505805648609006,0.21250687842885438,-0.7615037040092116,2.219297630373443,-0.8190066144262178,-0.6192139169460633,-0.007658192441524404,-0.7202367003086043,0.23639280030887722,0.013641710600471105,-0.27308143449765915,-1.0525894736008212,-0.4527427835384586,0.11019842386201437,-0.3379510239826843,-0.4037534030204073,0.5767690691812316,-0.1637942700395958,-0.24980160442712798,0.25386417196891803,-0.3452918794662147,-0.19644623248945717,-0.4478848345299226,-0.03334843232357306,0.08566053800192175,-0.593193809522897,0.5527329395251307,-0.6546672249855308,-0.02318958143562436,0.11128043410543152,0.2005093063627759,2.0528711819247705,1.1869232434537906,-0.08518635058685226,1.2004262723318304,-0.5289468586947895,2.6717369976514913,-0.3585601272871501,0.29899310627325926,-0.4741260708675834,-0.1506441370591563,-0.6739376507691095,-0.06375459101863093,-0.01892345022355346,0.22457164242090097,-0.6114996727246729,-0.16247826255810413,-0.27936190018297313,1.0506439006047041,-0.10919962925073004,-0.2930539299250038,0.8711374228166121,-0.47563445364028434,-0.6633367339925962,-0.7834319621149233,-0.7363262304761065,-0.7869153121634443,-0.776587895188661,-0.5414091334477708,-0.913535245090684,-0.5548437018089665,0.1961720113802899,-0.21431067665322462,-0.4924401694987043,-0.488664447871967,-0.22316832984434132,-0.3430363581194632,-0.3967879042224477,-0.49184260128052515,-0.42230204620726147,0.6215086485782819,0.5873347445490743,-0.4481787805214093,0.357460318954254,0.8348468322310427,-0.5491809613237001,1.3039163444786575,0.8890616857718283,0.6745287712798177,-0.5159313491932708,-0.22592392700682937,-0.20746978988950063,-0.5386866985732379,2.19511211485592,-0.2914648825657315,0.4653786470836933,-0.354708989765921,0.7013174812301768,0.6346121142408306,-0.7153234551588263,0.5386204121088719,0.1102615240158782,0.21695982539651656,-0.01369903710153228,-0.5825212856618235,-0.3906929488949143,-0.05461382367810215,-0.21614887701283786,-0.12367657241854059,-0.49347106092287074,-0.6753935194689803,0.04728238550385611,-0.2340914595062796,0.4825008873831227,-0.3157670092260246,-0.27235018261241456,-0.03983985849135345,-0.1068747209421704,-0.32789071854293134,1.4682222402772762,0.2448431960992988,-0.06106906019187219,-0.4861065863028987,-0.3768102335192737,-0.21071902854022595,-0.37901897090340236,-0.602406522723786,0.6816123510809455,0.548763639568465,-0.1063089633886828,-0.3991321748170855,0.2948948597280618,-0.7288319676966448,-0.468715451687348,-0.4462744406724269,2.634158888868543,-0.3197692898698197,-0.37795707924491667,0.06977577122776758,0.1507694341035473,-0.10778937136967941,1.8591415248506118,-0.6124354686926344,0.843423989968122,1.5856610252477772,2.3381990978726135,-0.35403393385733906,0.6308309105902696,0.48666200548789623,0.5613711966471691,-0.2560641066953663,-0.014634766683497339
/Users/oksanagoncarova/Desktop/статьи написать/генерация статья/real docx_converted/16.docx,real,16.docx,-0.37114109752361546,0.5191336452190712,0.1771933038584888,0.4020253579109584,0.3789744307627391,1.3672947372315267,0.806584114305662,-1.085189538808518,-0.9957200885365198,0.020682526357339522,0.15072738248442055,0.009532827999145805,-0.4928772421056753,0.7479159683799029,-0.8409754114817781,-0.28138204040260345,-0.18266960069075944,-0.25331916939229926,-0.5848355871041322,1.2703276127125316,-1.267662943386358,0.005156145333316276,-0.7085233996662507,-0.41966425173850325,1.2251349463264387,-0.5067624860963401,-0.5636835762344794,-0.38744464055116556,0.5707296604249429,-0.15697465976317024,0.5465420921557662,-0.12374033070774271,1.8721506052242658,-0.5400783748304807,-0.11753100861106378,-1.0720730364973643,0.5756393512423656,0.279657589470549,-0.10659655856463403,-0.14422976889586017,-0.8293488033164473,-0.23738033727098518,-0.31919285713903967,-0.6879831374743464,0.12114350218320431,-1.052808594218704,0.16436263321791864,0.0597675190731287,-0.13103456821782197,-1.0827051986354574,-0.5568501347646138,-0.3578459410730436,-0.24331673225486197,-0.2646621803094215,-0.27934724620287377,-0.029147913798625795,0.37405506531589344,-0.6585334045022534,1.0466873379626283,-0.30598061069107285,-0.9567941238680456,-0.3974916989517305,-1.0356353016204265,-0.15023609108021804,-0.15799116606650393,-0.6468014028579934,-0.517867866852053,-0.32358809265800564,-0.9859687122032763,-0.5151973224172174,-0.2931355757524549,-0.7025264581533276,1.0785163826411048,-0.5620641644409011,-0.2820886513275058,-0.1637942700395958,-0.24980160442712798,0.364462818536516,-0.4661751611527421,-0.7202296783715226,-0.37554673805160876,1.0273136240744078,0.3170041477700718,-0.4988744249317535,-0.5357709919766497,-0.22306853691513265,-0.008679295503890749,1.9742292494034754,0.7201282421177734,-0.5905254942423872,1.1227812824567922,-0.499956648141265,-0.3073771948537867,-0.13033540421700426,1.704285676004149,-0.5627877258890048,0.8762114679465683,-0.3929291358941203,-0.1506441370591563,-0.5499461866901668,-0.16244989412141506,1.5665275126192046,-0.4800265872308888,-0.49615524689767593,4.422430480077543,-0.27936190018297313,0.85761740293882,-0.3544772148034394,-0.5014993499415447,1.0813621235596622,-0.4033201529966577,1.9870119273652418,1.4343055735941,-0.4195919252805637,0.8726096844616669,-0.6417472088820705,-0.2640757741487505,0.8642145050377389,1.2622236309236459,-0.33253881320802164,-0.5819883729907089,-0.13325574721016195,-0.7453718111734436,0.7680240317334501,1.1052709434124675,-0.6973771213728089,-0.13142105964608297,1.4385435449417514,-0.3508608211276413,-0.24361751247439772,0.6337296069341298,-0.45442626659982593,0.33740854345252586,-0.5491809613237001,-0.7554699426776713,-0.42229442381702037,-0.2235055818861903,0.4432456043428612,-0.3226428791058886,0.3414895646612909,0.20117588834930447,0.11315861330175651,-0.2914648825657315,2.4558725608409673,-0.354708989765921,0.8413993394399027,0.07467062089563223,0.06743334122097412,1.8479863304019724,0.3339342120472412,-0.7248989742406267,-0.7719636252888739,-0.5825212856618235,-0.2754543160693057,0.22133149543120226,-0.4253051803839657,2.66159205614704,1.815108259542238,-0.3099051370815115,-0.5934318916786712,-0.4088049828033701,0.5095864772966799,-0.5251364543595959,-0.27235018261241456,-0.5969470920646137,-0.7877356953935943,-0.32789071854293134,0.055695654587791445,0.05251015635359363,-0.8522128784833958,-0.2300393261669723,-0.6328614875211894,-0.21071902854022595,-0.8040413439418215,-0.602406522723786,0.04579882818496841,-0.7058481522497109,-0.2832040174675377,-0.26520096502863044,-0.7131673775579299,-0.7288319676966448,0.4732920780958018,-0.4462744406724269,-0.6523307978831814,-0.6641114293129019,-0.37795707924491667,0.6085615052643142,-0.30321681200390505,-0.7785409311448866,-0.2704016887956423,-0.6124354686926344,-0.8075931738604872,-0.21556134361010598,-0.8438164588390366,-0.7432843691516248,1.601418487127815,-0.5779449645973369,-0.6817071861811528,-0.553438319878907,-0.16977459924111676
/Users/oksanagoncarova/Desktop/статьи написать/генерация статья/real docx_converted/17.docx,real,17.docx,-0.9944127091466205,0.5602049300961488,-0.35403104619293696,2.743350751195245,-1.3748181399126045,-1.1124743223874625,1.1968786642839575,-1.4188385613179888,5.290767672136208,-0.7776376809714555,0.2132917718870329,-0.22129753844934222,-0.5253716971508117,3.283528449473098,-0.8875417038124795,-0.8889929472929743,0.815321339191777,-0.5841165824929662,-0.9552081901154722,0.05948496676092209,0.741765028652643,-0.3230025039008345,0.6124476925059601,0.5069942037398436,0.04826465447560123,-0.8896685398071914,-0.8257099476130321,-0.38744464055116556,0.3531941280113926,0.24228391629590923,-1.5467229607039958,-0.4450949645750903,-0.596676042141938,0.783284625396992,-0.5989264952857631,-0.25575047837923015,-1.0935467676063455,4.601492391939896,-0.9840070948464386,-1.1604262902440357,-0.8293488033164473,-1.3951002459097206,-0.31919285713903967,0.1750330948419253,-1.2718306560658534,0.7991687702945808,-0.4618574495898806,-0.9305804137721969,9.101955168215893,-1.0827051986354574,-0.612224374585558,-0.7814985160169347,-0.24331673225486197,-0.4675686290493341,2.5689019896426935,-0.7520308132816461,0.4919599931094494,0.8843899978285087,-0.5802174096203464,-0.3335460380534927,-0.47935004918983876,-0.3974916989517305,-1.0356353016204265,-1.0684617041925872,2.794609634033902,-0.4276413146366996,-1.1455532923560139,-0.0027277614527652884,-0.40501547189574383,-1.3640807205019188,0.1831957111557305,1.1780367622743066,-0.3379510239826843,-0.9005018574867075,-0.2820886513275058,-0.1637942700395958,-0.24980160442712798,-0.5623019597378126,3.3757700092140923,-1.156115108189737,-0.6473765890410336,0.1926137368343098,-0.5523316798527136,-0.853304877307716,-0.2119245704418081,2.764836928232205,-0.28010668265590233,-0.3085602167637729,-0.6176151302890514,0.2859279924782301,-1.2148809127661182,-0.8451228248249796,-0.3073771948537867,0.9346037331884354,-1.0962260986590935,-0.5627877258890048,-0.6098198997095099,0.3968379764576819,-0.1506441370591563,-1.0158774572848233,-0.263177391478863,3.555533418363253,-0.1909144991769519,0.6257495902865836,-0.5070158824261367,-0.27936190018297313,-1.0568157474130395,-0.5585938714942067,1.4514485674791917,-0.6802222558010773,-0.675060584737967,1.3029002693616465,1.703474988082371,-0.7363262304761065,-0.7869153121634443,-0.23932905667607973,-0.5414091334477708,3.0734994135371485,7.828453394730788,3.3151110051105626,-0.5819883729907089,-0.17021692285779058,3.6477974357463845,-0.7976980172368612,-0.9448602950389028,-0.6973771213728089,-0.7007555062540312,-0.10742246706451072,-0.3508608211276413,-0.48777768967830387,-0.0969488541921194,-0.45442626659982593,3.0899688158535574,2.4832683582271833,-0.7554699426776713,-0.8076125180737811,-0.4405692900267722,-0.8265621563597865,-0.3226428791058886,-0.09052014906321992,-0.5386866985732379,-0.7910632141448923,-0.2914648825657315,-0.6883810976012716,-0.354708989765921,-0.09331071027365292,4.218176991418443,-0.01311472725045686,-0.5708432913657452,8.038974847556139,-0.7248989742406267,-0.7719636252888739,-0.5825212856618235,-0.7084944693805171,-0.8156072495245584,0.7320551281586691,-0.7495166505504289,-0.028648737593091323,-0.01963649953998624,-0.5934318916786712,-0.4088049828033701,-0.7509626217066395,5.6172355720784894,-0.27235018261241456,-0.5969470920646137,0.8768264381019554,0.36077929327662794,-0.4734548242517995,-0.3586605668743056,-0.8522128784833958,-0.4861065863028987,-0.6328614875211894,-0.21071902854022595,-0.8040413439418215,1.3771227379085336,-0.7159175630197637,-0.7058481522497109,-0.06696838371018163,1.9404758506339002,-0.7131673775579299,1.7543085400493297,3.4749542258755297,-0.4462744406724269,0.954624657038657,-0.6641114293129019,-0.37795707924491667,1.0227839325261743,-0.00316944699786837,0.041382437413920364,-0.2704016887956423,-0.6124354686926344,0.20150440838623657,1.5396075644065303,-0.8438164588390366,-0.7432843691516248,0.09423817458421285,-0.5779449645973369,2.357358471371137,-0.553438319878907,-0.5014334615900439
/Users/oksanagoncarova/Desktop/статьи написать/генерация статья/real docx_converted/18.docx,real,18.docx,-1.8819543777731242,-1.0108475285498255,-1.8837526362875538,-1.0954487517419083,-1.0643805807550575,-1.7211750207326262,-1.6295616217128859,-1.0927950972875902,-1.160590130627304,-0.6253109924427219,-2.0481005059067696,-1.2112383993386422,-1.1979951913541134,-0.7278337289508454,-0.8927356590446764,-0.8013897470839373,-1.4226369142732562,0.6756892321129161,-1.506308611019276,-0.03508486502281033,0.3741226979141947,-1.1571979390821758,-0.8171161142398405,0.8935431523781491,-1.702873815041058,-0.8896685398071914,-0.9589972550072396,-0.38744464055116556,-1.2312244576682871,-0.2077257810964058,-1.5467229607039958,-0.4450949645750903,-0.9321007507285137,-0.9432671788232596,-0.6910320952216261,-0.8034469336979987,-0.8471695432232258,-0.2758718440305082,-0.9840070948464386,-0.8604385590613305,-0.8293488033164473,-1.0533339030405067,-0.31919285713903967,-0.5957130945135077,-0.9428587310095593,-1.052808594218704,-0.3562207723662225,1.1743904330513475,-0.09189693074186352,-1.0827051986354574,-0.14183093683385745,-0.2812386859654823,8.520297876710025,-0.7694857481760914,-0.46954582589655053,-1.3400208755873415,-1.1668568975145228,-1.2546277852545145,-0.7410170962634837,-0.5738582398200799,-0.9567941238680456,-0.3974916989517305,-0.6870781918258553,-0.34561879574679855,-0.56652476962919,-0.9227542815648311,-0.03377271013021624,-0.7275956506834029,-0.6036217996979095,-0.8628890724686279,-0.8929025812654376,-0.28796203594026526,-0.3379510239826843,-0.9005018574867075,8.54086386745826,-0.1637942700395958,-0.24980160442712798,-0.34343243414194424,-0.4661751611527421,-1.156115108189737,-0.6473765890410336,-1.0493881160195078,-0.5523316798527136,-0.853304877307716,0.9824706592448215,-0.09978732701654472,-0.41817608916716587,-0.9685497199301623,-0.6176151302890514,-0.5292961531567775,-0.6628066133688822,-0.8451228248249796,8.032226680073828,-0.7599959700576459,0.5572319791487336,-0.5627877258890048,0.5600094107551068,-0.3377557346434501,-0.1506441370591563,-0.465693858674074,-0.5633776344224304,-0.9379061637386741,1.305233660758057,-0.9295929458619132,2.541983361564661,-0.27936190018297313,-1.0568157474130395,-0.31756768629913834,-0.4209205682709259,-0.6802222558010773,-0.675060584737967,-0.9737443925137791,-0.7834319621149233,1.1337137392983279,-0.7869153121634443,-1.1484473496166372,-0.5414091334477708,-0.913535245090684,-0.5548437018089665,-0.605698349662719,0.8970017463606867,-0.4924401694987043,-0.7453718111734436,-0.7976980172368612,0.5076482446295091,-0.6973771213728089,-0.028470784415031276,-0.6402434556677445,-0.3508608211276413,-0.48777768967830387,-0.6912797951928124,-0.45442626659982593,-0.3074442219291005,-0.5491809613237001,-0.7554699426776713,-0.3526190263567395,0.07205950142635231,-0.8265621563597865,-0.3226428791058886,-0.7333342587796998,-0.5386866985732379,-0.7910632141448923,-0.08479143304254635,-0.22427917369012404,-0.354708989765921,0.14714930075704782,-0.596149671906592,-0.7153234551588263,-0.5708432913657452,-0.5065760642522873,-0.7248989742406267,0.4480895299112294,0.1397015290188907,-0.7084944693805171,-0.20338531225197437,-0.8724407772553341,-0.7495166505504289,0.7377701332999251,0.18776259888177335,-0.5934318916786712,-0.4088049828033701,0.24136319010968907,-0.5251364543595959,-0.27235018261241456,-0.5969470920646137,-0.7877356953935943,-0.32789071854293134,-0.4734548242517995,-0.11590009722371548,-0.21573484247813732,-0.18373579567497608,-0.6328614875211894,-0.21071902854022595,-0.12017730052688302,-0.602406522723786,0.1835366948988913,-0.032955031561149886,-0.2832040174675377,1.0143832977483784,0.3681521973404521,0.3606660510550862,0.27284898833982857,-0.4462744406724269,-0.6523307978831814,-0.6641114293129019,-0.37795707924491667,-0.5898412876687616,-0.23490067030059897,-0.7785409311448866,5.5117331730263635,-0.6124354686926344,-0.8075931738604872,-0.4997175184791023,-0.20383073018618164,-0.11697762986542509,-0.1941312653896952,-0.5779449645973369,-0.6817071861811528,-0.553438319878907,-0.5014334615900439
/Users/oksanagoncarova/Desktop/статьи написать/генерация статья/real docx_converted/19.docx,real,19.docx,-0.9163726596983539,0.07482086640718442,0.14619423204501725,1.6214189675113195,-1.0362632248759078,0.5048385405139747,-0.8038427010346159,0.4078055834417044,0.1104676014990443,-0.9221833057665603,0.2760329096552163,0.09101050053523063,-0.1069836188288253,-1.263781466486148,-1.2935012447609857,-0.4034433249548585,-1.3583333704267697,-0.5673131673956684,-0.6592387210404412,-0.7737393810284682,0.975734427962672,1.407205239347796,1.1268213725912517,0.3441888738081496,-1.0299761840255928,-0.1856909292397244,1.7807744318261933,0.01624113146007523,-0.08578483526296177,-0.5682389236156623,-1.5467229607039958,-0.4450949645750903,-0.9321007507285137,0.017447461191590255,1.2022338116118365,-0.4447080107563759,-1.0935467676063455,0.1701436678241687,-0.37908321714298726,-0.45981749335438715,2.3660232622536053,-1.3951002459097206,-0.31919285713903967,0.20895492461028012,1.0330698515197982,-1.052808594218704,-0.4618574495898806,0.16187988760714087,-0.34747308791977327,-0.3411249766193624,-1.0949705811857804,0.3868373898641865,-0.24331673225486197,2.4789499965000874,-1.1732094114869465,1.371292662709916,0.5329347529575318,2.033153333125686,2.564282090354355,0.5342586618717448,-0.22293785290847504,1.5691662256853243,-1.0356353016204265,1.4637923571475797,-0.831703839758683,0.5992742653743972,0.5854580683365829,2.057803071081338,-0.9859687122032763,-0.1935685927046473,-0.06589317645251598,-1.0069835670249103,-0.3379510239826843,-0.9005018574867075,-0.2820886513275058,-0.1637942700395958,0.3417014509767044,0.9711799036601718,0.44232771762600426,1.2480274776283347,-0.6473765890410336,2.7686542332315107,2.3245811163886825,-0.853304877307716,-0.9435384509457813,-0.9048368882599652,-0.6839803657741793,-0.9685497199301623,-0.0027506134364589097,0.9384799137966011,-1.2148809127661182,2.0105428425112817,-0.3073771948537867,1.8446915419437009,-1.0962260986590935,-0.5627877258890048,-0.6098198997095099,0.14340012123429582,-0.1506441370591563,-1.0158774572848233,0.20842424885287178,0.21320206386751692,1.163774258259319,-0.9295929458619132,-0.5070158824261367,-0.27936190018297313,-1.0568157474130395,0.004312701260172054,0.28179037180985517,1.262994807774228,0.07433673339483919,-0.9737443925137791,0.7455699524446244,6.251513962555118,-0.7869153121634443,-1.1484473496166372,-0.5414091334477708,-0.913535245090684,-0.5548437018089665,3.914166936407595,-0.5819883729907089,-0.4924401694987043,0.2192751412805516,-0.7976980172368612,0.18589734898981325,-0.6973771213728089,-0.7007555062540312,0.17873000012160847,3.3030789550740596,-0.48777768967830387,-0.6912797951928124,-0.45442626659982593,-0.7260180068101599,-0.5491809613237001,-0.7554699426776713,-0.8076125180737811,0.7566538077812819,0.34071663774163824,-0.3226428791058886,2.2307814806061717,-0.5386866985732379,-0.7910632141448923,0.19121231309359574,1.479400159743069,-0.354708989765921,1.483608301865537,0.3288340067342439,-0.7153234551588263,-0.5708432913657452,-0.5065760642522873,-0.7248989742406267,-0.7719636252888739,1.9475604711061123,0.48573020839645714,-0.8156072495245584,-0.8724407772553341,0.4263645480431908,0.3937668886793899,-0.6753935194689803,-0.5934318916786712,-0.4088049828033701,-0.7509626217066395,1.0483875348833083,-0.27235018261241456,1.496533157761279,-0.7877356953935943,-0.32789071854293134,-0.4734548242517995,-0.3586605668743056,0.6342549490316741,-0.4861065863028987,1.2915014031131293,-0.21071902854022595,-0.8040413439418215,0.1582532270291512,-0.7159175630197637,0.8656655822030161,9.023026301657815,-0.7684835031659645,-0.7131673775579299,1.8156450784876772,0.3972309123443869,-0.4462744406724269,1.817642965100266,-0.6641114293129019,-0.37795707924491667,-0.5898412876687616,-0.6810179654612449,-0.7785409311448866,-0.2704016887956423,3.8777405314668587,-0.8075931738604872,0.2839195502233649,-0.8438164588390366,-0.7432843691516248,-0.7492856064173085,-0.5779449645973369,-0.6817071861811528,-0.553438319878907,-0.5014334615900439
/Users/oksanagoncarova/Desktop/статьи написать/генерация статья/real docx_converted/2.docx,real,2.docx,-0.229405676967454,0.10898505359317166,-0.2824392044057083,1.338706626388059,0.1976845022594911,0.9633922064749323,-1.3424655014961795,-0.902748237749668,-0.1560223498283667,0.19322956326591728,-0.3684118108747193,-0.047312369631899456,-0.8665105794549148,2.2495583353462196,-0.8240192576568679,0.2980475030012666,1.225494367692866,0.046802779311336626,-1.1876417309463032,0.24773298861965734,0.32602847481548297,-1.1571979390821758,-0.865890013660563,-0.13384237189443907,1.8411343914762452,-0.8896685398071914,-0.764702711144242,-0.38744464055116556,0.6499407327558194,0.4482588778942019,-0.460873088409686,-0.1116991648703871,-0.15628029165956353,-0.2852271659090465,-0.8683491633616259,-1.0720730364973643,-0.6606141269187414,-0.6076123588786597,-0.9840070948464386,1.4752572831867463,-0.48589283018434604,-1.3951002459097206,-0.31919285713903967,0.38991792793880437,1.6185072106607585,0.018074000549319364,-0.4618574495898806,-0.5195978963168406,-0.19777410376940288,-1.0827051986354574,2.8130162459861623,-0.3419716689303619,-0.24331673225486197,-0.07116665609513845,-1.1732094114869465,0.6999662290667705,0.751523067721474,2.455952523708752,0.03734572585735959,-0.5738582398200799,0.6996620273086829,-0.3974916989517305,-0.4231527543734913,-1.0684617041925872,-0.36573270393761353,-0.9227542815648311,-1.1455532923560139,-0.3084499197703634,-0.3141109181066156,-0.4833896411340678,-0.2706622916729817,2.151667673396395,-0.3379510239826843,0.5039739885942706,-0.2820886513275058,-0.1637942700395958,-0.24980160442712798,0.20689058165486152,-0.4661751611527421,-1.156115108189737,-0.6473765890410336,0.38695575337798244,-0.1915677350802364,-0.853304877307716,-0.09744542007517934,-0.9048368882599652,-0.21691062072912165,0.5579727640122417,-0.6176151302890514,-0.22654025001315956,-0.24477913127133497,-0.12892370162214026,-0.3073771948537867,-0.10674200771518176,0.8407385800198597,-0.5627877258890048,-0.09591556683004485,-0.06494416050293232,-0.1506441370591563,0.9176814486241768,0.8897639305701055,0.7942770804409056,-0.8440587137687767,-0.9295929458619132,-0.5070158824261367,-0.27936190018297313,-0.0637322442104338,3.676704382742875,-0.947115216123778,0.05081413951876904,-0.675060584737967,-0.9737443925137791,-0.7834319621149233,1.235287852764493,-0.7869153121634443,-1.1484473496166372,-0.5414091334477708,-0.913535245090684,-0.016228590590435243,-0.605698349662719,-0.5819883729907089,-0.4924401694987043,-0.7453718111734436,-0.7976980172368612,-0.09408041299091817,-0.6973771213728089,-0.7007555062540312,-0.02404939870393288,-0.3508608211276413,-0.48777768967830387,-0.003951027093090224,-0.45442626659982593,0.009497438925082934,-0.5491809613237001,-0.7554699426776713,-0.008100573096173912,-0.4405692900267722,0.05169616893834764,0.4977286642379308,-0.7333342587796998,-0.5386866985732379,-0.7910632141448923,-0.2914648825657315,0.12713613200518725,-0.354708989765921,-0.853600130263927,0.09980627335374903,-0.7153234551588263,-0.5708432913657452,-0.5065760642522873,1.0504032236365781,0.29997156592560525,-0.5825212856618235,-0.7084944693805171,2.4117713442631104,2.8386774500151835,-0.7495166505504289,1.0040457845594544,0.08297296221149292,0.6142453789819197,-0.4088049828033701,-0.7509626217066395,-0.5251364543595959,-0.27235018261241456,-0.5969470920646137,-0.7877356953935943,-0.32789071854293134,0.07552293571937076,-0.3586605668743056,0.26620266320210323,0.0452176267249437,-0.6328614875211894,-0.21071902854022595,-0.8040413439418215,0.5422313501058735,0.07434035962998974,-0.7058481522497109,-0.2832040174675377,4.452921965938691,-0.7131673775579299,-0.7288319676966448,-0.468715451687348,-0.4462744406724269,0.2768709624718024,-0.6641114293129019,-0.37795707924491667,1.2751191738156697,-0.6810179654612449,2.066121259412557,-0.2704016887956423,-0.6124354686926344,-0.8075931738604872,-0.4997175184791023,-0.8438164588390366,-0.7432843691516248,2.177256432345164,-0.5779449645973369,-0.6817071861811528,-0.553438319878907,-0.5014334615900439
/Users/oksanagoncarova/Desktop/статьи написать/генерация статья/real docx_converted/21.docx,real,21.docx,-1.8470768080247733,-0.3048827714914577,-0.7256621453823701,-0.3059744468980548,-0.9405601903373503,0.23228946170310913,0.46237666393062865,0.21814934386647525,-1.2178699452442918,0.15585814439880782,-0.08774809895212475,4.903942534948789,-0.10508135728465628,0.31787763568685734,-1.0983128214086257,0.8150996844452107,0.43462220639489235,-0.8282803151967602,-0.44641557819431343,-0.21806960281208176,-0.3349545087492388,-0.1544792236878542,-1.2188685302090494,-0.37859971501589956,-0.43993284755689727,-0.008819186604628156,0.2840832821898393,2.769494815294467,0.28039920449276196,-0.44115281324288746,-1.5467229607039958,0.2479561245418651,0.6806466641855057,-0.05781146883850956,-0.8683491633616259,-1.0720730364973643,1.426354285568363,-1.0766579203933397,-0.9840070948464386,-0.2837921525605773,-0.8293488033164473,-1.3951002459097206,0.376234660567932,-0.7580626942055388,-1.2718306560658534,-0.16236384443153398,0.6185751060421198,-0.9305804137721969,-0.34747308791977327,-1.0827051986354574,-0.6307545131240512,0.6803774180616364,1.4870431623098281,0.3918265604889431,0.36899245992291174,-0.7746007209573883,0.42828656311042357,-0.22617182723677995,-1.0505805648609006,0.5815810353737056,-0.4976766662138777,3.2936683639887034,-1.0356353016204265,0.515775009158315,3.430329260961648,-0.446646149359265,1.0203682008336257,-0.030551703362415982,2.3659519275371927,-0.6317812586945531,1.6940784831418823,0.043590763787200594,-0.06641044049287957,-0.9005018574867075,0.8051347196915309,-0.1637942700395958,-0.24980160442712798,-0.2425080517011774,0.10220525403535684,-0.404071502705769,0.2906125577928639,-0.4522242141862541,-0.5523316798527136,-0.2417975015982414,-0.24000745618398464,-0.31670122923592103,-0.6839803657741793,-0.9685497199301623,1.3057521893769592,0.23928797564697235,1.2050539399756044,-0.8451228248249796,2.572745405040774,-0.7599959700576459,-0.2909277227776145,-0.5627877258890048,-0.6098198997095099,-0.1716187624478418,-0.1506441370591563,0.5918873757441957,0.5475394406341728,1.942733568356579,-0.21598533891950958,-0.1817724692341839,-0.5070158824261367,-0.27936190018297313,-1.0568157474130395,-0.5585938714942067,1.359380067310982,-0.6802222558010773,1.6691408964601184,-0.2439923897291836,-0.7834319621149233,-0.7363262304761065,-0.07111072426220942,-0.2742254218587433,-0.06291922490644028,-0.14673665521101412,0.7887405536932921,-0.605698349662719,-0.14979295526200107,-0.4924401694987043,-0.7453718111734436,-0.1223535492051754,-0.2374321578225327,-0.6973771213728089,-0.7007555062540312,0.3844940189241177,2.588268204096558,-0.06652226928811489,-0.6912797951928124,-0.45442626659982593,0.4971522459180406,-0.5491809613237001,-0.7554699426776713,2.51638031398666,-0.4405692900267722,-0.8265621563597865,-0.09526173349314511,-0.1151944693265146,-0.5386866985732379,-0.7910632141448923,-0.2914648825657315,-0.6883810976012716,-0.354708989765921,-0.853600130263927,-0.596149671906592,1.3104402080544009,2.037447249803893,-0.5065760642522873,-0.7248989742406267,-0.7719636252888739,-0.5825212856618235,-0.7084944693805171,-0.8156072495245584,0.6704668007823588,0.721800302824439,-0.8151941544654414,-0.04480763141163765,-0.5934318916786712,-0.4088049828033701,-0.02601073874710343,-0.0329199522409906,-0.27235018261241456,-0.5969470920646137,0.012598391224779255,-0.32789071854293134,0.43950121127353653,-0.3586605668743056,1.0077244331132267,-0.4861065863028987,-0.6328614875211894,-0.21071902854022595,1.1943689364661392,-0.602406522723786,0.5982900291834155,-0.7058481522497109,0.132666907276171,-0.7684835031659645,-0.7131673775579299,-0.7288319676966448,-0.468715451687348,-0.00013658032682871722,0.8929419202345782,-0.6641114293129019,0.5260464595100498,-0.5898412876687616,-0.0291885576268216,0.7983605423844639,1.6070146488580965,0.792143514408104,-0.8075931738604872,-0.4997175184791023,0.09127734508993529,-0.7432843691516248,0.8730048956284885,-0.5779449645973369,-0.6817071861811528,-0.553438319878907,0.0707855426919285
/Users/oksanagoncarova/Desktop/статьи написать/генерация статья/real docx_converted/22.docx,real,22.docx,-0.4584541229218852,0.2716288875025931,-0.060783030151140734,0.6600907929203464,0.1963727159552305,1.391123207296458,-1.0843776837750763,-0.8208255887325743,-0.15677684968717853,-0.07408013817859624,0.5043746792131086,-0.7823899244360616,0.01428555461195972,0.8715333960385243,-1.1426738267159802,1.5659436055559828,1.0075122317473908,2.4424963541478144,-0.8920524215411726,-0.42841091054616054,0.3813937179566723,-0.6923010801266266,-0.31167567103666793,-0.3419980251892368,-0.07635893267509329,0.47164409696040654,-0.34646338387225534,-0.38744464055116556,0.21822915986432143,2.349400513999133,-0.8490351382899323,-0.12377127780268368,0.31411316079595575,-0.9094949252612149,0.13264530258278687,-0.7687821631133349,-0.25903408116537047,0.731588604891298,-0.9840070948464386,0.1943719225394911,0.49472953994475083,-0.23749182801719454,-0.31919285713903967,-0.5179584085959131,-0.15755864642795142,-0.36473765120134527,3.8318095896749527,-0.13837836548768098,-0.05891618626782659,-1.0827051986354574,1.0573039161913278,-0.4990906651153926,-0.24331673225486197,-0.09645247838158268,-0.7759755961238012,-0.9031053015551049,0.8874945290479082,-0.4599118176953559,0.34746338962142476,0.14041331211789662,-0.24724896203887686,-0.3974916989517305,-0.642098749691348,-0.2523397609512133,-0.2329058008145043,-0.9227542815648311,-0.30871998816910756,-0.4582832164912034,-0.9859687122032763,0.3335225773242473,0.7063220767318146,0.21072758914367298,2.1799707501955052,-0.4492950563959772,-0.2820886513275058,-0.1637942700395958,0.03615229947572625,-0.5623019597378126,-0.24657363710279476,-0.5749905039521254,-0.6473765890410336,0.7963912169196402,-0.08873055513738844,-0.853304877307716,-0.3999008640843929,-0.45036842446865827,-0.6839803657741793,0.012282138011259231,0.8686232530892295,-0.47769903634310623,0.03175219319173902,0.07523167248036415,-0.3073771948537867,0.07947060096487363,0.7706019545206992,-0.5627877258890048,-0.6098198997095099,0.11552470615480873,-0.1506441370591563,-0.3946955899781568,0.8162197220013028,-0.3814189427657274,-0.8440587137687767,-0.9295929458619132,0.11888527909067441,0.03647109252198174,0.8574330391916754,0.8020527941582302,-0.35301794614815796,1.6683307245408021,-0.3127749012800812,0.15405415724423224,-0.41384463492458573,0.5304889817139244,0.8724498688803278,-0.47291222362190094,-0.5414091334477708,0.2715171210869878,0.8294552281024515,-0.24152070880381782,-0.24801918656398012,0.22585949471969616,-0.27902669355797216,-0.2758409283032857,0.1484377352045784,0.39474826235685484,-0.3212357605471535,0.15159913833505823,-0.3508608211276413,-0.48777768967830387,0.633602005874603,-0.45442626659982593,1.164336020133423,-0.5491809613237001,1.1151128250860514,0.7335114313360599,-0.4405692900267722,-0.8265621563597865,-0.3226428791058886,0.2219726885570411,-0.2098905489406083,-0.18830671476260194,-0.2914648825657315,0.3596025225709731,-0.354708989765921,0.841236107595748,0.7453617110220472,-0.19353584493723747,1.0415544977209403,0.9875205285944864,-0.7248989742406267,-0.08321636067186636,1.048322373682686,-0.7084944693805171,3.3317482931856355,-0.8724407772553341,1.5243368228470944,0.3537165613641143,-0.6753935194689803,3.2863941627548146,-0.4088049828033701,-0.7509626217066395,0.9962600067342752,-0.27235018261241456,-0.09091517497457222,-0.7877356953935943,-0.32789071854293134,-0.4734548242517995,-0.3586605668743056,-0.1336007353665188,0.538063815080508,0.7625981201903304,-0.21071902854022595,-0.8040413439418215,1.2362452221528244,-0.7159175630197637,0.05387824865097184,-0.2832040174675377,0.5734740195561565,-0.7131673775579299,-0.11378599447605088,-0.468715451687348,-0.4462744406724269,0.5417435752078149,-0.03856538554804222,-0.37795707924491667,0.6084460966748562,-0.6810179654612449,-0.7785409311448866,-0.2704016887956423,-0.6124354686926344,-0.0577668117056605,-0.1208791050655444,-0.12124397398483093,-0.036156074526104226,-0.7492856064173085,1.8395658553766419,-0.1171504013758402,-0.553438319878907,-0.5014334615900439
/Users/oksanagoncarova/Desktop/статьи написать/генерация статья/real docx_converted/23.docx,real,23.docx,-0.3016036653921672,1.935504383730909,-0.015756165219255613,0.8679912453990035,0.7210861715998487,0.04323145729200373,1.4340698674736234,-0.22238490588978363,0.03439397719680831,-0.23634891425552337,0.32785514367134233,-0.6069176532594238,0.7093880391265469,-0.5602467574609926,0.45661161574010184,0.09666563767111369,-0.6645279225210626,-0.37569661678115446,-1.2903247199336527,1.1196019693474153,-0.31013992673921076,-0.8302651892924954,0.45580727605674853,0.7108099469561511,1.0423079059647409,-0.3511728665470303,1.840433966824606,-0.38744464055116556,1.0581015804516227,-0.8161147494460697,-0.07480293877233474,-0.4450949645750903,-0.669185568744156,0.3534775741199677,-0.4459872562357916,-1.0720730364973643,1.253894580356023,-0.4408448390390233,-0.05855467731149581,0.26869039418751056,-0.5965635277437756,-0.17399035040017266,-0.31919285713903967,-0.8394470873706598,-0.880031910702181,-0.6899007989986586,-0.4618574495898806,-0.3734744900700154,-0.14454915003857227,-0.7045324320242429,-1.0949705811857804,-0.7814985160169347,-0.14928715217909963,1.3603732949606957,0.08386371084063406,-1.3400208755873415,-0.7334480146737207,2.51777039964028,0.055470462923368956,1.874865483747863,-0.9567941238680456,-0.3974916989517305,-0.6205110071027963,-0.20757077991196693,-0.831703839758683,-0.9227542815648311,0.17855434133102926,-0.44350988101133876,-0.9859687122032763,1.0235547453828038,-0.8929025812654376,0.7056959190450569,-0.3379510239826843,-0.9005018574867075,0.6041243036762275,-0.1637942700395958,-0.24980160442712798,0.21970524813072492,3.0085437931361443,-0.5431124781203182,-0.6473765890410336,2.8446737680195233,0.18121678810400163,-0.853304877307716,-0.9435384509457813,0.053960455910886225,-0.6839803657741793,2.1353586545711747,0.00949171136068732,-0.9291353031516743,0.7576462366040142,-0.8451228248249796,0.23438437193161846,-0.7599959700576459,0.8730082069299928,-0.5627877258890048,-0.26150928319469974,-0.2689472915251996,-0.1506441370591563,-1.0158774572848233,-0.45300490314385533,-0.9379061637386741,0.6917988928313411,-0.9295929458619132,-0.5070158824261367,-0.27936190018297313,0.9624405914840914,-0.2715366797807791,0.306258626100285,-0.18474533284556988,0.0892576877176784,2.595249961616815,-0.7834319621149233,1.045416850030636,-0.7869153121634443,-1.1484473496166372,-0.5414091334477708,0.33652405706178884,0.17527414094805116,-0.605698349662719,-0.22969905646743058,-0.23987265923038958,-0.7453718111734436,-0.24721406645605593,-0.9448602950389028,-0.6973771213728089,-0.7007555062540312,-0.6402434556677445,-0.3508608211276413,-0.48777768967830387,0.24042632848889153,-0.45442626659982593,-0.22750530323990995,-0.5491809613237001,-0.09773828005886827,-0.8076125180737811,-0.4405692900267722,0.3639578652552382,-0.3226428791058886,-0.22947874571871257,-0.5386866985732379,1.1164002629738714,-0.2914648825657315,-0.13564532393870618,-0.354708989765921,-0.853600130263927,0.34725099180267166,-0.7153234551588263,-0.5708432913657452,1.0694803173122085,-0.7248989742406267,-0.7719636252888739,0.2776311197949718,-0.0994932623061154,-0.8156072495245584,-0.8724407772553341,-0.7495166505504289,-0.19867805972884522,1.8946091043486333,-0.5934318916786712,-0.0740024733076047,-0.16004288289443738,-0.5251364543595959,-0.27235018261241456,-0.5969470920646137,-0.7877356953935943,-0.32789071854293134,-0.4734548242517995,-0.06953787831441954,1.421883574419586,-0.4861065863028987,-0.6328614875211894,-0.21071902854022595,2.4538302712539277,-0.602406522723786,-0.7159175630197637,-0.7058481522497109,-0.2832040174675377,0.6470881055242532,-0.06925277495184344,0.5687375946606585,-0.027121511476122004,-0.4462744406724269,-0.6523307978831814,-0.6641114293129019,-0.37795707924491667,-0.5898412876687616,-0.14970151193997175,-0.7785409311448866,-0.2704016887956423,-0.6124354686926344,1.5652827743157787,-0.4997175184791023,-0.08160671861899686,-0.7432843691516248,-0.08810829087406,-0.06791992691733292,2.295922666225575,0.5862746336957196,0.8978408040616871
/Users/oksanagoncarova/Desktop/статьи написать/генерация статья/real docx_converted/24.docx,real,24.docx,-0.511252518012174,1.5805808813114248,-0.05786858195767003,0.1293796638982566,-1.4939346137540932,1.6313152789798273,1.2112242931511368,-1.1323914381087612,-0.06604127010208274,6.213809642848312,-0.2012273813825744,-0.7749348835191361,0.9766152602563569,0.6261231808849753,-0.6820260070022649,-0.8852278164586423,-1.2210693988323085,-1.0366837843939365,0.1538778209277893,-0.1771181977665088,-0.2768436643999392,0.09930622109336332,-0.6058876185975184,-1.1660219094284399,0.05555726652980895,-0.42975604565718045,0.7419497443195979,-0.38744464055116556,0.8371787192182665,-1.0740618152977786,0.33895906635160955,-0.4450949645750903,-0.9321007507285137,5.183956424961915,2.648731652535515,0.15751016075137111,0.03419656086880848,0.9596981353236996,-0.588806956107328,-0.7027146608340884,-0.8293488033164473,0.1692680273068318,-0.31919285713903967,-0.278916531329693,0.7359084638508518,-1.052808594218704,-0.4618574495898806,0.8536955860079551,0.17246008347599526,-0.11374821932239218,-0.6102139791390189,-0.7814985160169347,-0.24331673225486197,4.687654392541903,0.9740451115379888,1.6121728521265737,-0.6116152209548069,1.9672607911904239,-0.5782585833621868,-0.5738582398200799,-0.47736173445926844,-0.3974916989517305,1.6234508222939097,0.03442875111954527,1.595906325414281,-0.4255794178457443,3.9434038442975203,0.0002909491739109222,0.18077652522850932,-0.5993786276411298,1.2682568212128895,-0.45845360668938334,-0.3379510239826843,-0.29075024081230055,-0.2820886513275058,0.06644224342746868,-0.24980160442712798,-0.5623019597378126,1.0176498165507022,1.1998445054503042,-0.6473765890410336,1.4449602173016938,0.07416937155852224,-0.853304877307716,-0.9435384509457813,1.5518005547431222,0.5326864766024311,-0.30581169202388164,-0.6176151302890514,-0.31907359121255785,1.3121307033712557,-0.8451228248249796,-0.3073771948537867,-0.7599959700576459,-0.2552950512784339,-0.5627877258890048,-0.6098198997095099,-0.6980484548860343,-0.1506441370591563,-1.0158774572848233,1.5040548291674682,-0.9379061637386741,-0.18819448162529417,-0.14868306761348785,-0.5070158824261367,-0.27936190018297313,1.5300608012729775,-0.5585938714942067,-0.14426435050341907,2.493564072656767,2.262452067807598,-0.9737443925137791,-0.7834319621149233,-0.16567686541531867,-0.7869153121634443,2.503169906150849,-0.04174710505947872,-0.11280751406589594,1.315869479893293,-0.605698349662719,-0.1306692642120582,3.066776421065349,0.5150466431001263,-0.09247105061970252,-0.9448602950389028,-0.6973771213728089,0.8378700947689582,-0.6402434556677445,-0.3508608211276413,-0.48777768967830387,-0.6912797951928124,-0.45442626659982593,-0.08737159166888704,3.0034099775879413,-0.7554699426776713,1.2750307784738224,-0.4405692900267722,-0.8265621563597865,2.2892219616493423,-0.08784315120911698,-0.5386866985732379,-0.7910632141448923,-0.2914648825657315,-0.6883810976012716,-0.354708989765921,-0.853600130263927,-0.596149671906592,1.4000757683735703,-0.5708432913657452,-0.5065760642522873,-0.7248989742406267,-0.7719636252888739,-0.5825212856618235,0.07169916446128538,1.98671835924058,-0.8724407772553341,-0.7495166505504289,-0.02537317104703266,-0.01690560096662244,0.9795033145643265,-0.4088049828033701,1.5201255780073055,-0.5251364543595959,-0.27235018261241456,0.08689406189985667,1.7195056025082132,-0.32789071854293134,-0.4734548242517995,-0.3586605668743056,0.11890483288121251,-0.4861065863028987,-0.6328614875211894,-0.21071902854022595,-0.8040413439418215,3.3731394884784462,-0.7159175630197637,-0.7058481522497109,0.36820442217526267,-0.7684835031659645,-0.7131673775579299,0.10232854582790582,0.09701213126935537,0.019604032962799552,-0.6523307978831814,-0.6641114293129019,-0.37795707924491667,4.268181694771682,-0.00034654843060813147,-0.7785409311448866,-0.2704016887956423,-0.6124354686926344,0.2057067929036617,-0.4997175184791023,1.1091228130834179,-0.7432843691516248,-0.7492856064173085,-0.5779449645973369,0.844153733500879,-0.553438319878907,0.6936433969103586
/Users/oksanagoncarova/Desktop/статьи написать/генерация статья/real docx_converted/25.docx,real,25.docx,0.052913792219107865,-0.05789405526945187,-0.868626408472508,-1.5423036986751542,-0.8440624187983815,0.7775624932203204,-0.639551150933326,-0.3915750230378001,0.4045694382402982,0.12614129328553697,0.7170998319784742,-1.3332027552596653,-0.48491983731350374,-0.6923219839985693,-0.8765172434352837,1.3024194559741982,0.5873386481312679,1.5305801325989221,0.7579570160806975,-0.15498961105711193,-0.24544276725102054,-1.1571979390821758,0.035163771394519414,-1.586455479295769,-1.702873815041058,0.05121740402898645,-0.4146487398977941,-0.38744464055116556,0.40469515456282884,0.2780313243423831,1.346563919466785,-0.4450949645750903,-0.9321007507285137,2.062632482978373,5.219914514914978,-0.2335819744047761,0.44453980250424796,-1.0766579203933397,-0.9840070948464386,0.7123405683214784,-0.8293488033164473,0.7384826102131032,-0.31919285713903967,-0.2578667410283688,0.7818790613782313,-1.052808594218704,-0.4618574495898806,-0.9305804137721969,-0.34747308791977327,1.8907234870840286,-0.10325872545433337,-0.0007415608088372918,-0.24331673225486197,2.3316757150588123,-0.0749996301421912,-0.1321051884865042,-0.03094714174113182,-0.15607472253695556,-1.0505805648609006,-0.08018173587146783,1.9856647261455678,-0.3974916989517305,-1.0356353016204265,0.05968130148079219,-0.831703839758683,0.09436277190094705,-1.1455532923560139,-0.7275956506834029,-0.9859687122032763,-1.3640807205019188,0.21241882772307843,-1.0069835670249103,-0.3379510239826843,0.3469239738567811,-0.2820886513275058,-0.1637942700395958,-0.24980160442712798,2.170420423740314,0.7480645756601723,-1.156115108189737,-0.6473765890410336,0.2263422216562185,-0.5523316798527136,0.45306764204607114,-0.9435384509457813,0.3516062768116351,5.953483614930028,0.387275361654465,-0.6176151302890514,-0.9291353031516743,0.5083669802405896,-0.8451228248249796,-0.3073771948537867,1.5608296086159008,-1.0962260986590935,-0.5627877258890048,-0.6098198997095099,-0.6980484548860343,-0.1506441370591563,-1.0158774572848233,-1.1413080422449269,-0.9379061637386741,-0.8440587137687767,-0.9295929458619132,-0.5070158824261367,-0.27936190018297313,0.7072559068382346,5.460130292993505,-0.947115216123778,-0.6802222558010773,2.329711409692294,-0.9737443925137791,0.2383451426626232,-0.7363262304761065,2.2714531720322477,-1.1484473496166372,-0.5414091334477708,2.3627117651300145,-0.5548437018089665,1.4079441544261146,0.34131727979287796,-0.4924401694987043,-0.7453718111734436,0.6450506546178372,0.5664292078961755,0.8122914069350756,2.446954589129529,-0.6402434556677445,-0.3508608211276413,-0.48777768967830387,0.529662042070592,-0.45442626659982593,-0.7260180068101599,-0.5491809613237001,0.9683613903413643,-0.8076125180737811,-0.4405692900267722,-0.8265621563597865,-0.3226428791058886,-0.7333342587796998,-0.5386866985732379,-0.7910632141448923,-0.2914648825657315,3.6575701451577487,-0.354708989765921,3.8320174133822027,-0.596149671906592,-0.7153234551588263,-0.5708432913657452,-0.5065760642522873,-0.7248989742406267,-0.7719636252888739,-0.5825212856618235,-0.7084944693805171,-0.8156072495245584,-0.8724407772553341,-0.7495166505504289,0.8006163984065109,-0.6753935194689803,1.5518350811241677,-0.4088049828033701,-0.7509626217066395,-0.5251364543595959,-0.27235018261241456,-0.5969470920646137,2.631796099614835,-0.32789071854293134,-0.4734548242517995,-0.3586605668743056,-0.8522128784833958,-0.4861065863028987,-0.6328614875211894,-0.21071902854022595,-0.8040413439418215,4.480809589842434,-0.7159175630197637,-0.7058481522497109,-0.2832040174675377,-0.7684835031659645,-0.7131673775579299,-0.7288319676966448,-0.468715451687348,0.506816664602621,-0.6523307978831814,-0.6641114293129019,-0.37795707924491667,1.6187167881253681,2.1040082158291775,-0.7785409311448866,-0.2704016887956423,0.887876267249901,-0.8075931738604872,-0.4997175184791023,1.153838675007095,1.2116730886203149,-0.7492856064173085,-0.5779449645973369,-0.6817071861811528,-0.553438319878907,-0.5014334615900439
/Users/oksanagoncarova/Desktop/статьи написать/генерация статья/real docx_converted/26.docx,real,26.docx,-0.13265447149345463,0.6927347569123633,0.7347664467682165,0.1277576026692349,-0.7822771992511103,-1.5349549384452283,0.9088620527947704,-1.3003054194477988,0.18570013468174693,1.1446403292742247,-0.3870179918059751,0.5348508310822384,1.3976374860694138,-0.587139693794098,-1.1074927045021572,0.14009422214130185,-0.7383856183310803,0.190192407305088,-1.2537972780208348,-0.4820904119783445,-1.3353747935277194,0.37169801765398297,-0.10006916564301514,-0.43540623314592664,1.1053949205745535,-0.26010186432345905,-0.5010215966448234,-0.38744464055116556,-0.6743121570096393,-1.0740618152977786,-0.2560833500244882,-0.31300370711488956,-0.9321007507285137,-0.8405725168966763,0.613027539873545,-1.0720730364973643,-0.06438052817605043,0.03835585149238927,-0.9840070948464386,0.5103842372552685,-0.012886242958710917,-0.44334998372476503,-0.31919285713903967,-0.35927666101210126,-0.8137704601798686,-1.052808594218704,1.7444686853926032,-0.9305804137721969,-0.34747308791977327,-1.0827051986354574,-0.6525870027858617,0.26334345206915105,-0.24331673225486197,-0.7694857481760914,-1.1732094114869465,-0.26236497992208146,-0.6601494102597892,-0.2745410148110107,-0.18850880575493476,-0.13341905957518993,-0.9567941238680456,-0.3974916989517305,-1.0356353016204265,-0.5652188147259348,-0.09323366916529212,0.8921111116976215,-1.1455532923560139,0.2687963861284023,-0.4535892345057798,-0.6662219459719542,-0.8929025812654376,-0.00581867029849961,0.3089734540227175,0.2124034685290034,-0.2820886513275058,-0.1637942700395958,-0.07347468411078369,-0.5623019597378126,0.07547382358232986,-0.439440774412616,0.24649810385625778,-1.0493881160195078,0.019406334285521083,-0.27055723090714306,1.0677914903732175,1.3370636001053222,-0.31387474357220485,2.055487694815598,-0.6176151302890514,-0.37239965059345925,1.0912422770675616,-0.8451228248249796,-0.3073771948537867,0.27527966812499566,0.438622872379621,-0.5627877258890048,0.20461471049756638,0.30529402780376536,-0.1506441370591563,-1.0158774572848233,0.46811145925411074,-0.2516159852846268,0.3530103503144821,-0.9295929458619132,1.8086697450764402,3.4209104352515145,-1.0568157474130395,-0.5585938714942067,-0.21444228840087567,-0.6802222558010773,-0.675060584737967,0.4171178569740105,-0.7834319621149233,-0.7363262304761065,-0.7869153121634443,1.350872156914007,-0.5414091334477708,-0.913535245090684,-0.5548437018089665,-0.605698349662719,-0.5819883729907089,0.3934058772048432,-0.7453718111734436,-0.7976980172368612,-0.9448602950389028,-0.6973771213728089,-0.7007555062540312,2.777657641296372,-0.3508608211276413,1.5194393490454947,-0.6912797951928124,0.0003073601784449157,1.0224472143105792,0.840271470366004,-0.7554699426776713,0.45945249306412755,-0.4405692900267722,0.565299968673266,0.11073154189094132,-0.7333342587796998,-0.13319748030895934,-0.7910632141448923,-0.2914648825657315,1.2502641361045341,-0.354708989765921,1.9332849835816568,-0.596149671906592,-0.07182671590217808,0.4234048465128854,-0.5065760642522873,-0.7248989742406267,-0.7719636252888739,-0.5825212856618235,-0.7084944693805171,-0.8156072495245584,2.803417419352281,-0.04845683856230895,-0.8151941544654414,-0.6753935194689803,3.234417395659791,-0.4088049828033701,-0.7509626217066395,-0.5251364543595959,-0.27235018261241456,-0.5969470920646137,-0.02504202425038414,-0.32789071854293134,-0.4734548242517995,-0.3586605668743056,1.8064813593285938,-0.4861065863028987,-0.6328614875211894,3.374595895153775,-0.8040413439418215,-0.14890154127963584,-0.7159175630197637,-0.7058481522497109,-0.08504794263716249,0.8864911899393207,-0.7131673775579299,-0.7288319676966448,0.04756135917242736,-0.021118835991538548,-0.6523307978831814,-0.6641114293129019,-0.37795707924491667,0.39535397749546053,0.561328630373295,1.475566685885905,-0.2704016887956423,-0.6124354686926344,0.11713330412237738,-0.03251347039283332,-0.8438164588390366,-0.7432843691516248,-0.7492856064173085,1.8071792496173704,0.014534815412477312,-0.553438319878907,0.5891806216305135
/Users/oksanagoncarova/Desktop/статьи написать/генерация статья/real docx_converted/27.docx,real,27.docx,-1.327578732445494,-0.1808633304199976,-0.62387577434889,-0.64118804366052,-1.5661293467023234,-0.21815314892402207,-0.23089432460034004,-1.102803840360853,-1.6250335749348122,-0.32606000312380584,-0.9634213247790168,-1.3332027552596653,-2.014951947630508,-0.1740770389916674,-1.2935012447609857,-0.8225814450723822,1.9458361690238684,-0.53414703207707,-0.6189357296140694,-1.143571356842029,-0.5487228652161529,0.1860099027081474,-1.2188685302090494,1.110215264327401,1.1167806988968683,-0.15219616813593012,0.03997867564682748,-0.38744464055116556,-1.5432554379414982,-1.0740618152977786,-1.5467229607039958,0.9474864892832859,-0.9321007507285137,0.07560955711057563,-0.8683491633616259,1.5567854186109504,-1.0935467676063455,1.5355891467401712,-0.9840070948464386,-1.1604262902440357,-0.8293488033164473,-1.3951002459097206,-0.31919285713903967,-1.1982538844898523,-1.2718306560658534,0.4382032322195791,2.6395225264622915,-0.9305804137721969,0.4862427904201861,2.024751157391919,-1.0949705811857804,-0.7814985160169347,-0.24331673225486197,-0.7694857481760914,2.269925762745859,0.5535230813203149,-1.1668568975145228,-1.2546277852545145,-1.0505805648609006,2.5217159652399985,-0.9567941238680456,-0.3974916989517305,-1.0356353016204265,-1.0684617041925872,-0.831703839758683,-0.9227542815648311,-1.1455532923560139,-0.7275956506834029,-0.9859687122032763,-1.3640807205019188,-0.8929025812654376,-1.0069835670249103,-0.3379510239826843,-0.9005018574867075,-0.2820886513275058,0.5745769192262321,-0.24980160442712798,-0.5623019597378126,-0.4661751611527421,-1.156115108189737,-0.6473765890410336,-1.0493881160195078,-0.5523316798527136,-0.853304877307716,-0.9435384509457813,-0.9048368882599652,-0.6839803657741793,-0.9685497199301623,-0.6176151302890514,-0.9291353031516743,-1.2148809127661182,-0.8451228248249796,-0.3073771948537867,1.0590818416071792,-1.0962260986590935,-0.5627877258890048,-0.6098198997095099,-0.6980484548860343,-0.1506441370591563,-1.0158774572848233,1.686595171991696,-0.9379061637386741,1.2593055432389526,-0.9295929458619132,0.8492774525468528,-0.27936190018297313,-1.0568157474130395,1.8001632196802346,-0.947115216123778,-0.6802222558010773,0.8950456494134048,1.4701329323374708,0.8183187914512138,-0.7363262304761065,-0.7869153121634443,-1.1484473496166372,-0.5414091334477708,-0.913535245090684,-0.5548437018089665,-0.605698349662719,0.8653972830423262,0.5452370304517505,-0.7453718111734436,-0.7976980172368612,-0.9448602950389028,-0.6973771213728089,-0.7007555062540312,-0.6402434556677445,-0.3508608211276413,0.9229708467202257,-0.6912797951928124,-0.45442626659982593,5.418421543205124,-0.5491809613237001,-0.7554699426776713,-0.8076125180737811,-0.4405692900267722,-0.8265621563597865,-0.3226428791058886,-0.7333342587796998,5.16117843963248,1.8212170402731807,-0.2914648825657315,-0.6883810976012716,-0.354708989765921,1.594811040289059,1.3418378350954931,-0.7153234551588263,-0.5708432913657452,-0.5065760642522873,-0.7248989742406267,-0.7719636252888739,-0.5825212856618235,-0.7084944693805171,-0.8156072495245584,-0.8724407772553341,-0.7495166505504289,-0.8151941544654414,-0.6753935194689803,-0.5934318916786712,-0.4088049828033701,-0.7509626217066395,-0.5251364543595959,-0.27235018261241456,-0.5969470920646137,-0.7877356953935943,-0.32789071854293134,-0.4734548242517995,-0.3586605668743056,-0.8522128784833958,-0.4861065863028987,-0.6328614875211894,-0.21071902854022595,-0.8040413439418215,-0.602406522723786,-0.7159175630197637,-0.7058481522497109,-0.2832040174675377,-0.7684835031659645,-0.7131673775579299,-0.7288319676966448,-0.468715451687348,-0.4462744406724269,-0.6523307978831814,-0.6641114293129019,-0.37795707924491667,-0.5898412876687616,5.867745601062226,-0.7785409311448866,-0.2704016887956423,-0.6124354686926344,-0.8075931738604872,-0.4997175184791023,-0.8438164588390366,2.3213317457863574,-0.7492856064173085,-0.5779449645973369,-0.6817071861811528,1.7878251014459312,1.414879263935226
/Users/oksanagoncarova/Desktop/статьи написать/генерация статья/real docx_converted/28.docx,real,28.docx,1.7942234940184056,1.705339928267335,3.7574939559751988,-1.1153804586377956,0.2022863904295723,-0.8759105571683686,-1.0233731891717108,-0.8191104982142848,-0.8892045288454575,-1.965507946476597,2.6391673339039294,-1.3332027552596653,-0.7206274867407177,-1.0260698747656432,-0.2352634684235959,-0.22191225173850482,-1.04677161651961,-1.26438387110937,0.648568507744449,0.11085872328234546,0.13180121644450002,0.4737105012537776,-1.2188685302090494,-0.49503265805909424,-1.702873815041058,-0.2927145524678867,-1.2155952749308185,1.3241284806451425,-1.5432554379414982,-1.0740618152977786,-1.5467229607039958,-0.4450949645750903,-0.9321007507285137,-0.16839408640161208,-0.8683491633616259,-1.0720730364973643,-1.0935467676063455,-1.0766579203933397,-0.9840070948464386,-1.1604262902440357,-0.8293488033164473,-1.3951002459097206,-0.31919285713903967,-1.1982538844898523,-1.2718306560658534,-1.052808594218704,-0.4618574495898806,0.9221732054589771,-0.34747308791977327,-1.0827051986354574,-1.0949705811857804,0.20921875552415103,-0.24331673225486197,-0.7694857481760914,-1.1732094114869465,-1.3400208755873415,0.27452048177090166,-1.2546277852545145,1.4016641012445834,-0.5738582398200799,-0.9567941238680456,4.367287635834956,-1.0356353016204265,3.2261043052424268,-0.831703839758683,-0.9227542815648311,-1.1455532923560139,-0.7275956506834029,0.5284350723281157,0.6210445773164265,-0.8929025812654376,-1.0069835670249103,-0.3379510239826843,-0.9005018574867075,-0.2820886513275058,-0.1637942700395958,-0.24980160442712798,-0.5623019597378126,-0.4661751611527421,-1.156115108189737,0.6239789707892356,-1.0493881160195078,3.5135754815019626,-0.853304877307716,-0.9435384509457813,0.6894876144457546,-0.6839803657741793,-0.9685497199301623,-0.6176151302890514,0.6545519247335185,-1.2148809127661182,-0.8451228248249796,-0.3073771948537867,-0.7599959700576459,1.0867854446088079,2.040286206560581,-0.6098198997095099,-0.6980484548860343,-0.1506441370591563,-1.0158774572848233,-1.1413080422449269,-0.9379061637386741,-0.8440587137687767,-0.9295929458619132,-0.5070158824261367,-0.27936190018297313,-1.0568157474130395,-0.5585938714942067,-0.947115216123778,-0.6802222558010773,-0.675060584737967,4.9609144625641886,3.1062249353963587,-0.7363262304761065,-0.7869153121634443,-1.1484473496166372,-0.5414091334477708,-0.913535245090684,-0.5548437018089665,-0.605698349662719,-0.5819883729907089,-0.4924401694987043,-0.7453718111734436,-0.7976980172368612,0.972843547198987,-0.6973771213728089,-0.7007555062540312,-0.6402434556677445,-0.3508608211276413,-0.48777768967830387,-0.6912797951928124,-0.45442626659982593,-0.7260180068101599,-0.5491809613237001,-0.7554699426776713,0.9945306227676364,-0.4405692900267722,-0.8265621563597865,-0.3226428791058886,-0.7333342587796998,-0.5386866985732379,-0.7910632141448923,-0.2914648825657315,-0.6883810976012716,-0.354708989765921,1.1282894523863953,-0.596149671906592,1.1151638909698827,-0.5708432913657452,-0.5065760642522873,-0.7248989742406267,-0.7719636252888739,0.8477726804389693,-0.7084944693805171,-0.8156072495245584,-0.8724407772553341,-0.7495166505504289,-0.8151941544654414,-0.6753935194689803,2.128737956242769,-0.4088049828033701,-0.7509626217066395,0.8091693608430018,-0.27235018261241456,-0.5969470920646137,-0.7877356953935943,-0.32789071854293134,-0.4734548242517995,-0.3586605668743056,-0.8522128784833958,0.7115269100895895,2.630753955378905,-0.21071902854022595,-0.8040413439418215,0.6876312961139655,1.0653665112772481,-0.7058481522497109,-0.2832040174675377,-0.7684835031659645,-0.7131673775579299,1.428815797817763,-0.468715451687348,0.7631208942644244,-0.6523307978831814,-0.6641114293129019,-0.37795707924491667,-0.5898412876687616,1.085968240100719,-0.7785409311448866,-0.2704016887956423,-0.6124354686926344,-0.8075931738604872,-0.4997175184791023,-0.8438164588390366,1.7373981346968228,-0.7492856064173085,2.814410758998582,-0.6817071861811528,-0.553438319878907,-0.5014334615900439
/Users/oksanagoncarova/Desktop/статьи написать/генерация статья/real docx_converted/29.docx,real,29.docx,0.18451935032453778,0.9057777453850097,0.03243134768992872,0.9150392618709865,-0.3495083564944728,0.5169210402561392,-0.8819347556719817,-0.16430012019155746,-0.08599034682253842,0.9951984957870452,0.2122148905448439,-0.12072951431726091,-0.9320801544609832,0.5755398118619425,-0.8508240517199069,-1.1358450027423173,0.7348092390876051,0.21920640559050933,0.8974736658002547,0.1682972967645809,1.7025614880604563,-0.24755237974650196,0.445258563072114,-0.2167784509490091,3.070933572886635,3.1057725060364305,0.059852090353539875,-0.38744464055116556,0.007727269544281757,0.0024917105265107407,-0.5228690392868626,1.1267088621842227,-0.9321007507285137,-0.3377397307815292,-0.2807671094121188,-1.0720730364973643,1.7639555007195251,-0.19212655057255246,-0.1256922655441986,-0.1663459735718947,-0.18165568496218512,-0.26257661566702345,-0.31919285713903967,2.2959036587392774,-0.7267675060715076,-1.052808594218704,-0.4618574495898806,-0.9305804137721969,0.07598294186454191,-0.5565982576347797,0.4842562687834035,-0.7814985160169347,0.01830768443982561,2.851983641733837,1.7414852880119942,0.5834943819384125,0.03904390595773722,0.4947356843188963,0.4881371170933603,-0.5738582398200799,-0.9567941238680456,-0.3974916989517305,-1.0356353016204265,1.9256770248274901,1.3651301188324534,-0.9227542815648311,-1.1455532923560139,-0.7275956506834029,0.28102823585012104,-0.5336721730821474,-0.8929025812654376,0.1843404056201402,-0.3379510239826843,-0.23835778986006215,-0.10596250400745515,-0.1637942700395958,-0.24980160442712798,-0.1996639837505372,-0.4661751611527421,-0.30331721525540145,-0.6473765890410336,-1.0493881160195078,-0.21216533735384874,-0.15987141451901846,-0.9435384509457813,-0.23790634444864098,-0.6839803657741793,-0.24886642337393564,0.6910139855673706,-0.26665449555696397,0.6145478848973056,-0.8451228248249796,0.9487705495016704,1.0878744807968996,0.7301487368618188,-0.5627877258890048,-0.6098198997095099,1.0928242919161382,-0.1506441370591563,-1.0158774572848233,-0.1837534773338263,-0.9379061637386741,2.0048167863954514,-0.08158397123487819,-0.5070158824261367,-0.27936190018297313,0.8159522382759895,-0.5585938714942067,-0.07527999121891125,1.3876726691172445,1.9832029377512128,-0.14622459738325425,-0.24106412639637267,2.362083691179556,-0.7869153121634443,-1.1484473496166372,0.001185980477559307,-0.04400558353126192,-0.04698049914502636,0.9975890822248573,-0.5819883729907089,0.5616615423786091,-0.06101232822841044,0.7339481137654696,1.4617550411782345,-0.6973771213728089,-0.14381188847276818,-0.6402434556677445,-0.3508608211276413,1.422993080932706,0.6048924887985234,-0.45442626659982593,0.6610252532083647,-0.5491809613237001,-0.7554699426776713,-0.8076125180737811,-0.4405692900267722,-0.8265621563597865,-0.3226428791058886,-0.03237981127088723,1.3913411238039384,0.09347939320187168,-0.2914648825657315,0.08057466214071446,0.07639670544154731,0.8045098653960373,-0.596149671906592,-0.7153234551588263,0.6122501683485099,-0.5065760642522873,-0.7248989742406267,-0.7719636252888739,1.2124208312085891,0.1387367180757307,-0.8156072495245584,0.002367759076947321,1.7531360982935382,0.90017736520303,-0.6753935194689803,0.5452937654507044,-0.4088049828033701,0.893190546429968,-0.5251364543595959,-0.27235018261241456,0.14565260084988454,-0.7877356953935943,-0.32789071854293134,2.632350388745076,-0.3586605668743056,-0.8522128784833958,1.5178477095262504,-0.6328614875211894,-0.21071902854022595,0.329031302326796,-0.06276379466277074,-0.7159175630197637,0.4090471200726023,-0.2832040174675377,-0.7684835031659645,0.18263467841356734,2.8814774647073382,0.14562185009887418,-0.4462744406724269,0.22381874212366593,0.25387473779482866,-0.37795707924491667,2.3409614726063768,0.05813963324754711,0.1155417019528739,1.1488925163422508,-0.6124354686926344,-0.8075931738604872,-0.4997175184791023,-0.8438164588390366,-0.7432843691516248,0.1705320157149325,-0.5779449645973369,-0.6817071861811528,-0.553438319878907,-0.5014334615900439
/Users/oksanagoncarova/Desktop/статьи написать/генерация статья/real docx_converted/3.docx,real,3.docx,-0.12308037261290015,-1.2956227231195165,0.970849416839352,-1.1104186926354305,-0.7532684848079968,-0.19418609368459108,-0.7599766564063093,0.12948663539153216,0.3867157875262311,-0.9576781865542632,1.1931640531671701,-0.892959495155578,-0.24561678557673094,-1.341391021265431,0.39420555370812715,-0.36122894764329244,-0.42217292511751386,1.1596966702841827,-0.5244064756220124,0.28542842655088546,-0.4315924135116485,2.806257712308975,2.406551208724914,0.4028373475888109,-0.14286175791468708,-0.617657486462927,-0.7524864101549503,0.860401772931857,0.14620786842694047,-0.6831703565163403,-0.431453510588904,-0.4450949645750903,-0.5336806381278336,-1.2049769407548065,1.3718074173208699,-1.0720730364973643,1.129764946269651,1.332110542065055,-0.5165320538871828,-0.07758880244045332,-0.8293488033164473,-0.7782793401525372,-0.31919285713903967,-0.11078648583180668,-0.08437165072102853,-1.052808594218704,-0.4618574495898806,0.3357721215397508,-0.19371821996237312,-1.0827051986354574,0.6252586661020804,-0.33006330607826256,-0.24331673225486197,-0.05224668069393025,0.09676470758044914,1.4536560460572059,0.14671362055347495,0.015743305745224274,0.06682156132016977,-0.28841351247540825,1.8787650511758613,0.9051942768150728,-0.40655839964512597,-1.0684617041925872,-0.831703839758683,-0.9227542815648311,-0.47670499873864663,0.5639100374254946,-0.9859687122032763,-1.3640807205019188,-0.25380356461505793,-1.0069835670249103,-0.3379510239826843,-0.9005018574867075,-0.2820886513275058,-0.1637942700395958,1.5786130126462947,0.2277307736630375,-0.4661751611527421,-1.156115108189737,-0.06806432655679759,-1.0493881160195078,-0.1817933424878786,-0.09795771248431319,-0.07452171726834025,1.2745968531234695,1.7146413544695285,2.9511539488135723,-0.6176151302890514,1.2357573359524685,-1.2148809127661182,-0.8451228248249796,-0.3073771948537867,-0.7599959700576459,-1.0962260986590935,0.03027714788337628,-0.6098198997095099,-0.6980484548860343,-0.1506441370591563,-1.0158774572848233,-0.09825753403819214,-0.04834900508980116,-0.8440587137687767,1.8415792390800048,-0.5070158824261367,-0.27936190018297313,-1.0568157474130395,3.3564490714003177,0.0025624395761663097,-0.6802222558010773,-0.09593888876711004,-0.07233890138945723,-0.19263842677864484,-0.7363262304761065,-0.7869153121634443,-1.1484473496166372,0.04963197279232103,0.9807972318780572,-0.00163557033574589,-0.023552317846396668,-0.04813122522975568,1.4212563907547515,0.7455542052425218,-0.7976980172368612,-0.9448602950389028,-0.6973771213728089,-0.09408477974229817,-0.6402434556677445,5.296546098987054,0.03256613624701585,0.014671180909611711,-0.45442626659982593,-0.7260180068101599,-0.5491809613237001,0.2412527307859213,0.8347346792447521,0.48462466794681647,-0.8265621563597865,-0.3226428791058886,-0.7333342587796998,-0.5386866985732379,-0.7910632141448923,2.6925739378897147,0.14923142640339193,-0.354708989765921,0.049477635229446565,-0.596149671906592,-0.7153234551588263,-0.5708432913657452,-0.5065760642522873,-0.7248989742406267,-0.7719636252888739,-0.5825212856618235,-0.7084944693805171,0.2893327123879686,0.08047566410661548,-0.7495166505504289,-0.8151941544654414,-0.6753935194689803,0.6469656991229703,-0.4088049828033701,-0.7509626217066395,-0.5251364543595959,4.581172450360766,-0.5969470920646137,0.20085431554018499,-0.32789071854293134,-0.4734548242517995,0.07947424626970895,-0.8522128784833958,-0.4861065863028987,3.8284847459998756,-0.21071902854022595,-0.8040413439418215,-0.01458140822875141,-0.7159175630197637,-0.7058481522497109,1.257874323115984,-0.7684835031659645,-0.7131673775579299,-0.7288319676966448,-0.468715451687348,-0.4462744406724269,-0.6523307978831814,-0.6641114293129019,-0.37795707924491667,1.3256476592253463,-0.6810179654612449,0.19537050847945983,-0.2704016887956423,-0.6124354686926344,-0.8075931738604872,0.10586408325833385,-0.8438164588390366,-0.7432843691516248,0.25265858911959704,3.2864996712723977,2.0256624197694473,-0.553438319878907,-0.5014334615900439
/Users/oksanagoncarova/Desktop/статьи написать/генерация статья/real docx_converted/30.docx,real,30.docx,-1.8651173933877,1.7619162232726564,0.9102824352685407,1.1527146815814397,-1.556447560273271,-1.4685899515410374,-1.737444802231855,-0.7491992447456263,-1.2799679893162301,0.2472042192878237,-0.9467185618537098,-0.5780748988918605,1.6268735316791676,-0.8809445207004214,-1.1280817359967972,0.6629152043742407,1.991803074254399,-0.5252003196427917,-1.281747412894342,-0.9474838495982525,-0.8135035723228432,-0.6473237329779911,-0.9701282828060601,-0.5628143034844392,-0.9893237289198845,-0.5164146736212298,-0.8978560284601764,-0.38744464055116556,-1.5432554379414982,-1.0740618152977786,-1.1641294695787512,-0.4450949645750903,-0.9321007507285137,-0.8809079453085183,0.44905597407396103,-1.0720730364973643,-0.7884636900115318,-0.41559497438025444,-0.6632722124983899,-0.41749089514770377,-0.8293488033164473,-0.9718990837003139,-0.31919285713903967,0.6670260642011762,-1.2718306560658534,-0.6754887446046222,-0.4618574495898806,1.675955096172801,0.17998340883311603,-0.6895141641486813,-0.30813709362192,-0.7814985160169347,-0.24331673225486197,-0.03133857099546431,-1.1732094114869465,-0.8608350580175543,-0.2656154436309452,-1.2546277852545145,-1.0505805648609006,-0.5738582398200799,0.21049310053532685,-0.3974916989517305,-0.6040252936745507,-1.0684617041925872,-0.174973924634438,-0.9227542815648311,-1.1455532923560139,-0.43222806337332687,-0.9859687122032763,-1.3640807205019188,-0.8929025812654376,-0.5618099067779533,-0.3379510239826843,-0.9005018574867075,-0.2820886513275058,-0.1637942700395958,-0.24980160442712798,0.521781824835893,-0.4661751611527421,0.11857815129555224,-0.6473765890410336,0.46887650638544387,0.46457454723726027,-0.853304877307716,0.24892726556639796,0.09203690303892173,3.92396753717985,1.7207611199683692,-0.2916096513494639,-0.9291353031516743,-0.5312603924732164,-0.34042483686455033,-0.3073771948537867,-0.7599959700576459,-1.0962260986590935,-0.5627877258890048,-0.6098198997095099,-0.6980484548860343,-0.1506441370591563,-1.0158774572848233,-1.1413080422449269,-0.3275805086285053,-0.8440587137687767,-0.29582535983942687,-0.5070158824261367,-0.27936190018297313,-1.0568157474130395,-0.5585938714942067,-0.947115216123778,-0.6802222558010773,-0.675060584737967,-0.3552895899848823,0.4325993450918144,-0.7363262304761065,0.42635380767591124,-0.4075562693114681,-0.1358955058457813,-0.2636839686654124,0.20426910386277852,-0.605698349662719,-0.5819883729907089,3.4465246135831866,0.2775533475335812,-0.7976980172368612,-0.9448602950389028,-0.6973771213728089,-0.7007555062540312,-0.6402434556677445,-0.3508608211276413,-0.13076950492852812,0.2774269096574932,-0.45442626659982593,0.31060198768615205,-0.5491809613237001,-0.7554699426776713,-0.8076125180737811,-0.4405692900267722,-0.20766275348809748,-0.3226428791058886,-0.7333342587796998,-0.1780805285494498,-0.7910632141448923,-0.2914648825657315,-0.6883810976012716,-0.354708989765921,-0.853600130263927,-0.596149671906592,-0.7153234551588263,-0.5708432913657452,-0.0969145987864841,-0.7248989742406267,-0.7719636252888739,-0.5825212856618235,-0.7084944693805171,-0.8156072495245584,-0.21864428347763826,-0.7495166505504289,0.46680509280685534,1.4622580081069039,0.2576055766195399,-0.4088049828033701,-0.13657585482162496,0.30915700001296204,-0.27235018261241456,-0.5969470920646137,-0.7877356953935943,-0.32789071854293134,-0.08659597185132967,-0.3586605668743056,-0.06407721159222023,0.2627305808542126,-0.6328614875211894,-0.21071902854022595,-0.8040413439418215,0.2042077450750616,-0.7159175630197637,-0.7058481522497109,-0.2832040174675377,0.7033042995322298,-0.7131673775579299,-0.7288319676966448,-0.468715451687348,-0.4462744406724269,-0.6523307978831814,-0.6641114293129019,-0.37795707924491667,1.162449403645719,0.4238149809822306,-0.7785409311448866,-0.2704016887956423,-0.6124354686926344,2.4818858901934715,-0.08422764893047692,-0.8438164588390366,-0.7432843691516248,-0.06185114357322967,-0.5779449645973369,-0.6817071861811528,-0.553438319878907,4.3480440313953235
/Users/oksanagoncarova/Desktop/статьи написать/генерация статья/real docx_converted/31.docx,real,31.docx,-1.5414043852984347,0.2588892098134616,1.3594939989638402,0.18799916080651768,-1.302835239002857,0.5628137094168586,0.5083550031280323,2.166481259798541,-0.23133110838230642,-0.7998080363131462,-0.4183173110249932,-0.3784441693584353,1.182689164293968,-0.2696437381763104,-0.3348927983569847,-0.36983352879476783,1.5702753488198002,-0.48555125756768697,-0.559882871492512,-0.42045230330939376,-0.32896235335484064,0.27539764913487946,0.22258480200364394,2.5479795123463873,0.9285108671182396,0.8800681865136498,0.4583170250825578,-0.38744464055116556,0.08516709164814185,0.056243511318835614,-0.3373766974142725,-0.4450949645750903,-0.6440819379693308,-0.00989588454524784,-0.17431445151875152,-0.19588440161539197,-0.7720993406457741,-0.03187537429075377,-0.8150377054589845,1.775020093341015,-0.8293488033164473,-1.3951002459097206,-0.31919285713903967,-0.21558804016497693,1.5180240647042267,-0.25769078069853335,-0.4618574495898806,-0.9305804137721969,-0.23632334139726366,-0.46128308960127146,1.8066639737765167,-0.6183267419371654,-0.24331673225486197,-0.7694857481760914,0.8924417930856168,0.9319790068273428,-0.45466954340509874,1.2708461931139845,0.5649645523597167,-0.4706839159367622,-0.9567941238680456,-0.3974916989517305,0.5560286693689381,2.232354666290886,1.2441649015265446,-0.49761610519965604,-0.4202853452151697,1.4508800021724393,0.5105709724883285,1.5784820401190875,0.7241189235824403,-0.53793123949117,-0.3379510239826843,2.4886205825778296,-0.1433986203418972,-0.1637942700395958,-0.24980160442712798,-0.2767437226928581,-0.08552600261702215,1.1942513080590675,-0.6473765890410336,1.0835489631302933,0.11732585395597997,0.7848217138427929,1.2552112104041293,-0.9048368882599652,-0.6839803657741793,-0.11848088956650879,0.06936903944164395,-0.9291353031516743,1.306131417688609,-0.8451228248249796,-0.3073771948537867,-0.032445819253797505,0.3419475421316897,-0.5627877258890048,-0.6098198997095099,0.007060356396637096,-0.1506441370591563,1.8554123313252038,1.1207627683418577,1.3128140186606998,1.118862792937969,-0.26183070410129655,-0.5070158824261367,-0.27936190018297313,2.2612722895505746,1.1709688342423161,1.112457247072362,2.3051006423357,-0.675060584737967,0.0036977514340722013,-0.7834319621149233,0.4835907851946851,0.49143234270401837,-0.7581314833619442,1.1676507490964696,-0.2288265999544196,0.2449871510844324,1.4984751550550808,1.1546811288285863,-0.21575704340463683,-0.4759233523864942,-0.7976980172368612,-0.31316617384769935,-0.06636054087821576,0.39565364114754276,-0.18272656850298244,0.08655240126272473,-0.48777768967830387,-0.6912797951928124,0.18471080286484812,1.1853726774552966,1.6207109955772772,-0.7554699426776713,-0.8076125180737811,0.8970803763423425,1.4557757484212095,-0.3226428791058886,0.3705948911362492,-0.15873797636255174,-0.4427979409651848,2.6746418105466705,-0.6883810976012716,-0.015236043039007318,-0.5271816367938094,0.9540677997527656,-0.4138410077661611,-0.5708432913657452,0.7883298187980881,-0.7248989742406267,1.2177847599167253,-0.5825212856618235,1.6265297447905753,0.781920013458699,0.16085744271248653,-0.7495166505504289,0.8732613420255037,-0.3938543938417759,0.7515975012404469,5.459516234158685,-0.4272916942156915,0.13414663260897008,1.481961136316685,0.8649479188031224,2.070880245414699,1.7417979459572928,-0.4734548242517995,0.2747967547779353,2.8846342418777686,-0.4861065863028987,-0.09534191757993193,-0.21071902854022595,0.08819347076958949,-0.602406522723786,-0.7159175630197637,-0.7058481522497109,0.088145670952618,0.7822495166366734,0.6976261563958461,4.2462917471329265,0.015042699596795009,0.7488547129264201,0.03759065160362618,-0.6641114293129019,-0.37795707924491667,-0.5898412876687616,0.48307710875718674,0.277523287383895,-0.2704016887956423,0.014670126700217048,1.7918493849918564,0.5947233019322,-0.008829514400346232,1.2995656785312724,-0.024977850551768908,3.612478864905745,-0.6817071861811528,-0.553438319878907,1.2869260438912504
/Users/oksanagoncarova/Desktop/статьи написать/генерация статья/real docx_converted/32.docx,real,32.docx,1.2059833236331723,0.8020053909931493,0.5648748871653932,-0.9577446439808994,-0.18503216069268733,0.6106458654181528,1.2566627116077083,-0.1535369035150009,-1.1107871557843996,0.7726561891699205,-0.45375059600609335,0.4995206707753749,1.2156204385623035,0.014004121635805777,-1.0821963460859536,-0.06759209083131865,-0.5931927218623929,0.2699804746932528,-0.6457532586797421,-0.6426116918166446,-0.7596701431608854,-0.7229931375536255,-0.4245240002537397,-1.1505931545709231,-0.7913934837680856,-0.8896685398071914,0.813786258787503,-0.38744464055116556,2.1584288706693284,-0.046310500034331334,-0.8136424478922409,-0.4450949645750903,0.46462728567408657,0.8648323205008974,-0.8683491633616259,-1.0720730364973643,-0.11927309698178581,-0.6544409767309077,-0.7791556467844225,0.9748614487922782,-0.8293488033164473,-0.8545081514954379,-0.31919285713903967,-0.4834480066887193,0.029055356265498083,-0.8118166665240111,-0.37831155079264855,0.3642473989122988,0.2589168608296494,-0.5804476818355657,-0.341151828461688,0.00979212719990668,-0.24331673225486197,-0.6123356880585752,-0.8949528047188068,-0.7279146531439058,1.1356131740909046,-0.419597030350207,0.17355668076649966,-0.5738582398200799,-0.7082810045873491,-0.3974916989517305,-0.7599685750127934,0.9324244200090112,-0.831703839758683,-0.4073344687184383,0.9061108743580258,-0.5389461420047871,-0.9859687122032763,1.014212944450443,3.027916426441803,0.1303354333037971,-0.2644606825794802,0.36375378809509057,-0.1980176436078162,-0.1637942700395958,-0.24980160442712798,-0.3892025049289917,-0.4661751611527421,0.8792322644503598,-0.6473765890410336,1.5364959359556831,-0.5523316798527136,-0.5223054721071746,0.19889261394264088,-0.9048368882599652,-0.4737611712962634,1.4361556932527184,-0.40939738375640056,0.019538643395850847,0.5316164121483974,-0.8451228248249796,-0.3073771948537867,-0.7599959700576459,1.955042059497337,-0.5627877258890048,-0.6098198997095099,-0.4131002727405906,-0.1506441370591563,0.7246386004897114,0.6869855630737319,1.0111505357294446,0.17584025272957457,-0.9295929458619132,-0.06858106987955231,0.2737293363672581,1.6249920507660427,0.013274246805910913,0.3013547079372389,-0.02217114549697372,-0.675060584737967,-0.578741014859732,-0.7834319621149233,-0.4405309173941384,-0.012007593151098147,0.2711607349076493,-0.2824100086409955,-0.913535245090684,0.8996787032301757,-0.605698349662719,-0.5819883729907089,-0.15700107464154156,-0.41870372554749546,3.588943114565282,-0.17902066025420843,-0.31486801503683925,0.3626371109667507,-0.08556904281526853,-0.3508608211276413,-0.48777768967830387,-0.6912797951928124,-0.45442626659982593,0.9291894452761665,-0.5491809613237001,0.5548465346873106,-0.447767422492926,-0.4405692900267722,0.3592998673293295,-0.3226428791058886,1.6087917324511767,-0.5386866985732379,-0.7910632141448923,-0.2914648825657315,0.4127652102645462,-0.354708989765921,-0.4578639480833445,3.4759249953964937,-0.34981869635277,-0.5708432913657452,1.324962203773318,-0.7248989742406267,-0.7719636252888739,0.27426570968187863,-0.7084944693805171,0.15278049907012262,-0.45486487310751805,-0.7495166505504289,1.6412215646064905,-0.3340672130893177,0.22189690788765334,-0.4088049828033701,-0.3585574740496429,-0.25870733853392874,-0.27235018261241456,-0.5969470920646137,0.07868102222996622,-0.32789071854293134,-0.4734548242517995,-0.3586605668743056,0.1545421800872533,-0.24696767984568305,-0.3070283213385033,-0.21071902854022595,-0.2631871854827862,-0.602406522723786,-0.3602375265978023,-0.17367067336731143,-0.2832040174675377,-0.29847247658924747,-0.7131673775579299,-0.29800105931006576,-0.468715451687348,-0.4462744406724269,0.6023172347170181,-0.6641114293129019,-0.37795707924491667,0.24954188819633055,1.788757680737075,-0.35176484427226423,-0.2704016887956423,-0.23229712005527856,-0.8075931738604872,-0.23434662770155337,1.180790309300756,-0.7432843691516248,-0.3102253329278496,-0.2392586133478793,-0.6817071861811528,-0.553438319878907,-0.1917002390887927
/Users/oksanagoncarova/Desktop/статьи написать/генерация статья/real docx_converted/33.docx,real,33.docx,0.19475225760823967,0.9087288813704418,-0.33282155066806884,-1.126210980126829,-0.9778793767437721,0.3541262234859222,-0.7593100395554845,-0.5770757767814183,0.44860652358760744,0.08771942104976328,0.05141202865598499,-0.8527222079417636,2.9199500067476785,0.6993058259913827,0.28532124412947485,0.03009644893315357,-0.2956927960556638,-1.06841081260563,-0.3155909677358558,0.10411447553974146,0.41731276173153936,0.284704385707078,0.10005657194792987,-1.2246038270936457,-0.9461654575819104,1.8811393942587575,-0.8786379288752587,-0.1604618251953828,-0.7237547182454575,2.907707094583397,-1.1409887342284337,-0.32051965231983826,1.0971285682878538,2.2317224867602645,-0.1698057134713851,-1.0720730364973643,0.5241316478661536,1.026481855430549,-0.9840070948464386,-0.3725552865733288,-0.059342670004155565,-0.9463022392118416,-0.31919285713903967,-1.1982538844898523,0.024159548692208224,-0.6526669795069963,-0.4618574495898806,0.2979479717395135,-0.34747308791977327,-0.2487596980707628,-0.6777584698363947,-0.7814985160169347,-0.24331673225486197,1.317962720625037,2.060900307500095,0.692654447329659,-1.1668568975145228,-0.33030760076366517,1.3884799901364897,-0.15847989106761867,-0.9567941238680456,-0.3974916989517305,-1.0356353016204265,0.35536394409679906,1.257650607955145,-0.9227542815648311,1.2877120052125441,-0.414363088334411,-0.48388143596975025,-1.3640807205019188,-0.427895053021613,-1.0069835670249103,-0.3379510239826843,-0.3757111515586001,-0.14249763223737602,-0.1637942700395958,-0.24980160442712798,0.012524724421228876,-0.2107604853312084,-0.48021928713201306,-0.6473765890410336,0.5607070279018728,0.7956841352917577,-0.853304877307716,0.32105220809737656,-0.9048368882599652,-0.6839803657741793,0.17223858796227953,-0.6176151302890514,1.6961526642207332,-0.4899123771329199,-0.8451228248249796,-0.3073771948537867,0.2163728553789404,-0.37246779130324803,-0.5627877258890048,-0.22577311331033975,-0.22492212736317846,-0.1506441370591563,-0.2933917370661377,1.894380175188294,-0.9379061637386741,-0.27958058207180986,-0.2574926429429055,-0.5070158824261367,-0.27936190018297313,-0.3146726993207695,-0.24208502346251076,1.1258370861029823,-0.6802222558010773,0.16767564667482127,0.3379782934950907,-0.7834319621149233,0.7370842940961696,-0.7869153121634443,-0.36274430880913927,-0.11136847191824162,-0.913535245090684,-0.5548437018089665,1.0885761228636384,2.1370474942792357,0.8999627040907276,-0.2029739951654849,-0.7976980172368612,0.9625333114880309,-0.6973771213728089,0.6234827462393215,4.425136722276707,-0.3508608211276413,-0.48777768967830387,0.8496669590952747,-0.45442626659982593,2.571938346647865,-0.11238326587763875,-0.7554699426776713,1.582326414224873,3.5984494942450236,-0.1702293218627937,1.1078616221011657,0.9333168402029477,-0.5386866985732379,-0.0900077157593969,-0.2914648825657315,-0.6883810976012716,-0.354708989765921,0.4605560446117349,-0.596149671906592,2.3190865720258618,-0.5708432913657452,-0.5065760642522873,-0.061546808904789224,-0.7719636252888739,0.3658815234014262,-0.7084944693805171,-0.8156072495245584,1.9009217689306983,-0.7495166505504289,-0.8151941544654414,-0.6753935194689803,2.5653583888394875,1.4369588520287953,-0.09941536488906356,-0.5251364543595959,-0.27235018261241456,-0.5969470920646137,1.3701543284726123,-0.32789071854293134,-0.4734548242517995,4.741919623418738,-0.0164077156108991,-0.4861065863028987,-0.6328614875211894,-0.21071902854022595,-0.8040413439418215,-0.602406522723786,-0.12534847028688337,-0.7058481522497109,-0.2832040174675377,1.5727273362067684,-0.0031880598995164436,-0.013482798126455826,-0.468715451687348,-0.4462744406724269,-0.6523307978831814,-0.6641114293129019,-0.37795707924491667,3.12671074310308,-0.09518920555270849,1.34730877040073,-0.2704016887956423,-0.6124354686926344,-0.8075931738604872,0.8221433971413229,-0.8438164588390366,-0.7432843691516248,-0.020272446223789403,-0.5779449645973369,-0.6817071861811528,-0.553438319878907,-0.5014334615900439
/Users/oksanagoncarova/Desktop/статьи написать/генерация статья/real docx_converted/34.docx,real,34.docx,-1.061017441811917,-0.32886743144695363,0.6534430215965052,0.40132516703451454,0.2819099566682489,1.484508091114594,1.820504913694871,0.35171453860823154,-0.29726030783906543,0.6952000681070277,-1.6629548892981576,0.5762220300872771,-0.23548125360645822,0.48521818427238084,-1.2025704558049164,1.5820653266316491,-1.1536227750741723,1.07200092483768,0.7156269224946435,0.5810515122560428,-0.5775774053969425,-1.0637723123714926,-0.39847628831001236,-1.211326409293382,0.6505489260395056,-0.787080070083298,0.8803326295634035,-0.38744464055116556,2.704597804886099,0.25275415347823227,-1.1261011337214344,-0.4450949645750903,-0.03052026369158217,0.7545642655700898,-0.38556576650297364,-0.8892251249077358,0.08037833984104546,1.1036523348964509,-0.9840070948464386,-0.5478410323969557,-0.8293488033164473,-0.6972016270409335,-0.31919285713903967,0.03215511835780173,0.7434852777613595,-0.430572585832825,-0.030429998206868248,0.5022271923680282,1.1602244375408084,-0.866568835739452,2.3651963766658826,2.112886824435192,-0.24331673225486197,-0.09322225212927895,-0.9337252069623934,0.24042431278379586,1.3101966572258725,0.1827265936007403,1.0565502443797616,-0.5738582398200799,0.5404021929874645,-0.3974916989517305,-0.0866145038425463,0.4076083594311517,-0.47070065603850464,-0.700953790806734,1.6292506828368911,2.844390355258283,-0.9859687122032763,2.729721565756072,0.7943425699843338,0.46128311268416633,0.1680502862639932,-0.356455013254689,-0.2820886513275058,-0.06108076739904054,0.35358371161126806,-0.11536286578415006,-0.4661751611527421,-1.156115108189737,-0.6473765890410336,-0.2148009443445145,-0.4125838257234771,-0.2835492824757577,0.03970574935066382,-0.630847075904593,-0.322126053310103,-0.37722610097616077,-0.43841053933456836,-0.9291353031516743,-0.46331111641995065,-0.8451228248249796,-0.3073771948537867,0.5052474219386737,0.40440422369877665,-0.5627877258890048,-0.21168128974994285,1.0186551543144067,-0.1506441370591563,0.8566122402629082,-0.7479234567066693,2.4170423398511303,-0.8440587137687767,-0.9295929458619132,0.05899877687401713,-0.184157249804192,-1.0568157474130395,-0.23047136856492415,-0.5889460306020153,1.018851651389128,-0.675060584737967,0.38610931634446405,-0.5606152641618075,-0.7363262304761065,3.881606760901647,0.8878847301352617,-0.3184990645824876,-0.913535245090684,1.1142877529286281,-0.605698349662719,-0.5819883729907089,0.2293069772387812,0.9415282241211648,1.719238355956937,1.3620848751404444,0.6194633320234787,-0.2431460033023106,0.07583528586660612,-0.3508608211276413,-0.48777768967830387,-0.1587835642637196,-0.45442626659982593,0.1287240485681856,-0.5491809613237001,-0.7554699426776713,-0.4979084019050284,-0.2661016881051386,-0.8265621563597865,-0.3226428791058886,0.4185360780926548,-0.5386866985732379,0.2991057633723574,-0.2914648825657315,4.681987356351527,-0.354708989765921,-0.853600130263927,0.4822103064438484,-0.08617313647083528,-0.5708432913657452,-0.28138593681207447,-0.7248989742406267,0.0584998670222044,-0.0909200153810122,-0.012371863430631964,0.8512970683072519,1.6432940358897292,1.6494885351543895,1.6512997526472717,1.0872009414363093,-0.3595250538405539,-0.21745594056716977,0.5999463213651949,-0.2958316928059678,-0.27235018261241456,-0.5969470920646137,0.7036439402371141,-0.32789071854293134,-0.4734548242517995,-0.3586605668743056,-0.4189762032554783,-0.4861065863028987,-0.6328614875211894,-0.10761955155358799,0.12694124372616958,0.06268496771276962,-0.4097981447708577,-0.7058481522497109,-0.2832040174675377,-0.3639640269715118,-0.7131673775579299,-0.7288319676966448,-0.468715451687348,-0.4462744406724269,1.5073188114137714,-0.6641114293129019,-0.37795707924491667,-0.5898412876687616,0.22996888459624695,0.6906947195285353,-0.2704016887956423,-0.6124354686926344,0.5485721091078802,0.18546445171708648,-0.4081921739617681,-0.3169710730884916,1.5180028843656936,-0.5779449645973369,-0.34134735957767126,-0.553438319878907,0.831440809879576
/Users/oksanagoncarova/Desktop/статьи написать/генерация статья/real docx_converted/35.docx,real,35.docx,1.8143862041721164,-0.1599312686586682,0.8054239667015068,0.9127540094882353,-0.7517864247642425,-0.5325408103885014,-1.4287700677421162,0.11412742247092955,-0.5175485021765971,0.03183981908609168,-1.2194427587204266,-1.0908451096972795,1.23182805595744,0.13837661022547476,0.03378003403506247,-0.6107134036430338,0.09852672485476008,-0.07818219902707094,-0.4252177175378141,-0.5142301641016647,1.9239302327967343,1.2974574762031232,-1.2188685302090494,-0.4913329196820206,1.15979237792304,5.100107061970239,0.8239675627532765,-0.38744464055116556,-1.5432554379414982,-0.21330557250312643,0.9091381741935082,-0.4450949645750903,-0.49343345387190046,-0.1648802462173638,-0.5159991113491925,-0.004489162185580693,-1.0935467676063455,-0.5462389396431794,-0.9840070948464386,1.8201297778797232,-0.8293488033164473,2.0005511132416887,-0.31919285713903967,-0.5995938657031858,-0.6181244104116175,-0.44730616436342824,-0.4618574495898806,-0.46582187877861425,-0.34747308791977327,0.8102097409513883,-0.4636367286218286,-0.2844606984302204,-0.24331673225486197,-0.3746395632299796,-0.4740778964478106,0.9668933553028677,-0.443725195364547,0.14407231764960476,-0.4354412248886774,5.083172451528694,-0.9567941238680456,-0.3974916989517305,-0.3430109702252481,0.36791291591223096,1.2760652573248263,1.667273957633449,0.3272733230129414,0.2203841176731395,-0.9859687122032763,0.627773815614116,-0.8929025812654376,-0.29259302207267474,-0.3379510239826843,-0.9005018574867075,-0.2820886513275058,-0.1637942700395958,-0.24980160442712798,-0.12738224480798863,-0.4661751611527421,1.9122228021848522,1.2661212705001172,-0.2372452095262826,-0.14436269010322741,-0.853304877307716,-0.9435384509457813,-0.9048368882599652,-0.6839803657741793,-0.10541768494171128,-0.6176151302890514,0.6599203560144855,0.9791933537197106,-0.03521086719627704,-0.3073771948537867,-0.7599959700576459,-0.0010203074602817643,-0.5627877258890048,-0.6098198997095099,2.881673453693675,-0.1506441370591563,-1.0158774572848233,-1.1413080422449269,0.04151134517371219,-0.8440587137687767,1.104478750565511,-0.5070158824261367,-0.27936190018297313,4.558314026627456,-0.5585938714942067,-0.947115216123778,-0.6802222558010773,1.2378078239196704,-0.9737443925137791,-0.7834319621149233,-0.7363262304761065,0.18657892738223536,-1.1484473496166372,-0.5414091334477708,-0.913535245090684,0.05424782735205746,-0.605698349662719,5.295869308119719,0.7717672395256803,-0.7453718111734436,-0.7976980172368612,0.017241971575360712,-0.6973771213728089,-0.7007555062540312,-0.6402434556677445,-0.3508608211276413,1.8038517972443247,-0.6912797951928124,-0.45442626659982593,0.1057377650450166,-0.5491809613237001,-0.7554699426776713,-0.8076125180737811,2.106066282429343,-0.8265621563597865,-0.3226428791058886,1.788676082189296,-0.5386866985732379,0.2697882247679388,-0.2914648825657315,-0.6883810976012716,-0.354708989765921,0.14070379594708235,-0.596149671906592,0.20302273883117014,-0.5708432913657452,0.1508264366002932,-0.7248989742406267,-0.7719636252888739,0.852621134561345,-0.7084944693805171,-0.8156072495245584,-0.8724407772553341,-0.7495166505504289,2.2707301353245852,-0.6753935194689803,0.08941749390162237,1.8256329178585382,-0.7509626217066395,-0.5251364543595959,-0.27235018261241456,0.29366908201385933,1.3891730202083823,-0.32789071854293134,-0.4734548242517995,1.570914854267063,0.4125444934023078,-0.4861065863028987,1.0044777855269937,-0.21071902854022595,0.554877646735592,-0.602406522723786,-0.7159175630197637,-0.7058481522497109,-0.2832040174675377,-0.7684835031659645,0.3611877661800898,1.436129858039846,1.00486107286835,-0.4462744406724269,-0.6523307978831814,-0.6641114293129019,-0.37795707924491667,1.5191445087760056,-0.6810179654612449,-0.7785409311448866,-0.2704016887956423,0.3426782398158679,-0.8075931738604872,0.8337936967366216,2.9713662611911684,0.5012614293892914,1.4570294763649758,-0.5779449645973369,-0.6817071861811528,-0.553438319878907,-0.5014334615900439
/Users/oksanagoncarova/Desktop/статьи написать/генерация статья/real docx_converted/36.docx,real,36.docx,-0.4058700565731576,2.8714399168697238,0.5502003212303559,-0.06197293637329486,0.18972052366767583,-0.602417726423064,-0.1287721888598321,-0.1485470064816643,0.5397768553280693,1.7090638704301264,1.1108470183903565,-0.3299917341057303,-0.44699107124858245,0.6001345824901361,-0.5609512405611088,1.1978843096135927,0.29628543195367807,0.7815088631298617,-0.5118533145520753,0.3760609666014369,-1.3402041659870352,-0.7808735718078991,-0.6681031741726832,2.5689148503892327,1.457038353057759,0.7632629873437365,0.8950374558344104,-0.38744464055116556,1.878869176392577,-0.18331196161060953,2.6890057272915815,-0.18499010306552763,-0.32683015871401,-0.4874172473765428,-0.6252638842604383,-1.0720730364973643,2.6218171666014,-0.7107234037392302,-0.2738298576922465,0.484595300207805,-0.5613953125847612,1.4160797848189952,-0.18869448477980816,-0.3722262626841152,1.4341096030735225,-0.635074223761954,-0.4618574495898806,-0.2893092827006025,0.0028981546847418912,-0.21209418027231508,-0.6594151871110242,-0.438593567027036,-0.24331673225486197,0.5925304417105195,-0.6908806066774398,0.7820237084869077,1.3275754239803652,0.19281093208662822,0.6469508223402763,-0.1402172321421129,-0.5260225522804587,-0.3974916989517305,0.39788325143086606,2.3998656935113996,-0.831703839758683,-0.9227542815648311,-1.1455532923560139,-0.7275956506834029,-0.9859687122032763,2.071355950184647,-0.8929025812654376,3.428720120646244,-0.3379510239826843,1.2909534383627512,0.15509631772184354,-0.1637942700395958,-0.0761962876516814,0.037797740469381294,-0.19953084102474244,-0.450502632698231,-0.20733771426348485,0.6314969921341501,-0.5523316798527136,1.4417069013138109,-0.9435384509457813,-0.353012691813645,-0.3195873186576422,-0.37307743199378945,-0.6176151302890514,0.1671495879942964,0.2988045610723276,-0.8451228248249796,-0.3073771948537867,2.29789254964459,1.9260910987557747,-0.5627877258890048,-0.6098198997095099,-0.20412050211193972,-0.1506441370591563,0.49262406519235746,-0.3490189752066962,-0.9379061637386741,-0.8440587137687767,-0.9295929458619132,-0.5070158824261367,-0.27936190018297313,-1.0568157474130395,0.432679863968953,0.49561304660466865,2.1714351515738146,-0.675060584737967,-0.28904723742215205,-0.3346720456574321,1.3145950609771644,-0.7869153121634443,2.95279022541221,-0.5414091334477708,-0.19407875711191042,0.2855772575105005,1.1630671427034316,-0.5819883729907089,0.08900851410309409,0.38711829671221015,-0.16404927875624295,-0.9448602950389028,-0.6973771213728089,-0.7007555062540312,0.32122678475848365,-0.3508608211276413,-0.09253055529910875,3.598577586249046,-0.45442626659982593,-0.15219211182120518,-0.5491809613237001,0.7587280196281045,0.4398953623964237,-0.4405692900267722,-0.8265621563597865,-0.3226428791058886,-0.7333342587796998,-0.13945620070312265,-0.7910632141448923,-0.008134723280205008,-0.6883810976012716,0.001991653275244357,-0.853600130263927,-0.596149671906592,-0.08175907904318339,0.40805864045582524,-0.053035985319847566,3.4302049538124755,0.9006162614704819,-0.5825212856618235,0.6935185994783253,-0.8156072495245584,0.5752077735134274,-0.05927768692321068,-0.8151941544654414,0.5079135819744524,0.3487597301463362,-0.4088049828033701,0.6094241670836594,-0.5251364543595959,-0.27235018261241456,-0.5969470920646137,-0.03681419036251035,-0.32789071854293134,1.6680206285824195,-0.3586605668743056,0.020339564702484735,-0.4861065863028987,-0.0680636793485819,-0.21071902854022595,-0.8040413439418215,-0.1559013843047326,0.5171509262036122,0.21662599963905071,-0.2832040174675377,0.8609466787735238,-0.7131673775579299,0.7647689176921876,0.03959263384110251,-0.027681106784087316,-0.6523307978831814,-0.6641114293129019,0.8943285372722461,-0.5898412876687616,0.5421530280989546,-0.03876909861451311,-0.2704016887956423,-0.6124354686926344,-0.8075931738604872,1.3402535221599925,0.03354470611957789,2.69114978023631,0.011779582334765674,-0.5779449645973369,0.0037883298874119642,-0.553438319878907,-0.5014334615900439
/Users/oksanagoncarova/Desktop/статьи написать/генерация статья/real docx_converted/37.docx,real,37.docx,-1.9117998587855278,0.1668909207720565,1.8537248681780807,2.8985667892960243,-0.5093068911919747,-0.6472156105554829,-1.390706393616041,-0.6845968634986684,-0.07976647566238243,-0.9204253092985316,-0.5886251035798123,-1.206392706588321,-0.6558883065401288,-1.1491586933702786,-0.4601249185924843,-0.7619889003007034,-1.0087960139595604,1.0631003426917003,-1.1291987451365384,-0.6496311692088059,-0.9473488083858781,0.9834055477014453,-0.5922972294610442,-1.586455479295769,0.9932520247317979,0.6773621470714374,-0.9488025128180091,-0.38744464055116556,-0.8943992455464777,-1.0740618152977786,-0.26172999370370564,3.796210522835363,-0.47304841808324627,-0.660761749395201,-0.49962527069164425,-0.7927743109546398,-0.8373808773378376,-1.0766579203933397,-0.44539094265216306,-0.84851992625095,-0.8293488033164473,0.02627918076593149,1.264378736214842,-0.8850138959441507,2.1485904590104066,-0.4191682366191782,-0.35202378483552027,0.04213166727148439,-0.1703195543526801,-0.4224120601961533,-0.43429840485954496,-0.5214308392023184,1.070095380218788,-0.5628883296604777,-0.8073992005317406,-0.13296217017298936,0.3466149161374306,0.5749949992289686,-0.4068554662734376,1.3994467784463127,-0.6300862061474848,-0.3974916989517305,-0.6732298781341235,-0.6926808307171338,0.8225846055400982,-0.9227542815648311,0.01039877806037955,-0.7275956506834029,0.604182122210672,0.19923185883711164,0.21163463374720864,0.48819352244589115,-0.14472278330139718,-0.4849882513740662,0.27053134620560815,-0.1637942700395958,0.14519821884272457,-0.3347366601558721,-0.4661751611527421,-0.6209609852380379,-0.6473765890410336,-0.1995046203987153,-0.12540421629791257,-0.41815631552225796,0.057726661145147545,-0.9048368882599652,-0.6839803657741793,-0.5169286657946656,4.583322934397031,-0.9291353031516743,0.507144385069957,-0.4213483879671094,1.1115038436622282,-0.7599959700576459,1.7690249513910077,-0.5627877258890048,-0.6098198997095099,-0.32344116044438326,-0.1506441370591563,-1.0158774572848233,0.0604755869340282,-0.9379061637386741,-0.397121789346063,-0.3974440008050756,-0.21882159095794912,0.15691113053469066,1.2936110469707085,-0.5585938714942067,1.7883876445656675,2.3476532148461478,-0.34143389645961597,-0.9737443925137791,-0.7834319621149233,-0.34745874899977675,-0.27754886898150843,-1.1484473496166372,-0.5414091334477708,-0.913535245090684,-0.2361455799528082,-0.605698349662719,-0.5819883729907089,-0.4924401694987043,-0.7453718111734436,-0.3171229896130365,-0.44145453297574616,-0.6973771213728089,-0.35125807459207503,-0.6402434556677445,-0.3508608211276413,0.11175290507353665,-0.6912797951928124,-0.45442626659982593,-0.7260180068101599,1.1800358819462695,-0.7554699426776713,-0.8076125180737811,-0.17407142061401804,-0.8265621563597865,-0.16083848815194626,-0.7333342587796998,0.672458820328935,0.8741611977704242,-0.2914648825657315,-0.2058402182172441,0.45688303735931296,-0.853600130263927,-0.596149671906592,-0.7153234551588263,1.2852158876290378,-0.5065760642522873,-0.7248989742406267,0.49656273082730307,-0.2070627773558332,-0.7084944693805171,-0.17906148927413493,0.22549203634651482,-0.7495166505504289,-0.27697276065672793,-0.6753935194689803,0.4784405918945103,0.7603315562091573,0.2807886923883087,0.8759083178999605,-0.27235018261241456,-0.5969470920646137,-0.7877356953935943,0.1433559834080902,6.672798414450601,-0.3586605668743056,1.7948493755519537,1.4001980337689877,-0.6328614875211894,0.26173185606899335,-0.09300710795417173,-0.602406522723786,1.154462309246698,-0.7058481522497109,-0.2832040174675377,-0.7684835031659645,-0.7131673775579299,-0.7288319676966448,-0.0832019054440606,0.5061404736801131,-0.6523307978831814,-0.6641114293129019,3.160131265233106,-0.2220094265175222,3.029715747531599,0.3435819336652862,0.1749213776976059,0.38706273638011535,-0.8075931738604872,-0.4997175184791023,-0.17840384064765033,0.5590959450362796,-0.7492856064173085,0.7578176651264905,-0.6817071861811528,0.4415363444514074,-0.5014334615900439
/Users/oksanagoncarova/Desktop/статьи написать/генерация статья/real docx_converted/38.docx,real,38.docx,-1.2320080422940716,0.19917192791611582,0.6969244462532638,0.6639710968167378,-0.6947567022556489,0.9678107486714194,-1.0550735158142173,0.0050054216517507345,-0.3109378234720331,-0.09825898715406008,0.8981678294954692,-0.5489168245784041,-0.3338635736797494,1.5922452765932962,-0.9498873989998324,-0.7727569235163033,3.864152887928802,-0.880520890345572,-0.8066117843913003,-0.12527576744751695,-0.7812707817798813,-0.09807354606014375,-1.2188685302090494,-0.8776771662504514,1.2615369859222028,1.0486638455859,-1.2155952749308185,-0.38744464055116556,0.06194474315684586,-0.7955152031604131,-1.5467229607039958,-0.4450949645750903,-0.3642777907780929,0.4779351088752153,0.9560170559217057,-0.7265955870436827,-1.0935467676063455,-0.733363494501946,-0.9840070948464386,0.3828190631504511,-0.5779733916515306,-1.3951002459097206,-0.31919285713903967,-1.1982538844898523,-0.42565539293290233,-1.052808594218704,-0.4618574495898806,0.8742081051805046,0.5290443515284684,-0.2659582230933783,-1.0949705811857804,-0.7814985160169347,-0.24331673225486197,1.0193632468079386,-0.720721923692859,-0.3446432273313641,3.04532973962498,-1.2546277852545145,-0.6524539626410546,-0.5738582398200799,-0.14855400095952348,-0.3974916989517305,-1.0356353016204265,0.7908209326258476,-0.14961533203639785,-0.5036788479516825,0.28429703081371555,-0.7275956506834029,-0.4942360221843074,-0.07492519581075988,-0.8929025812654376,-0.08225688531841858,-0.3379510239826843,-0.3865339524267971,-0.2820886513275058,-0.1637942700395958,-0.24980160442712798,3.9414739386140276,-0.4661751611527421,0.1677984263436898,-0.6473765890410336,1.5787619214475985,1.031927012241605,0.22320569370870005,-0.3242829987772143,0.13052961634927804,0.3415646119377421,-0.9685497199301623,-0.6176151302890514,1.1277818511002655,-0.5048634614570797,-0.32093671797884704,-0.3073771948537867,2.1087033081886823,1.0302704463407932,-0.1401737043855617,0.1424332176603434,-0.6980484548860343,7.088144312997104,-1.0158774572848233,-1.1413080422449269,-0.9379061637386741,0.26161499395182874,-0.2713534214585674,-0.5070158824261367,-0.27936190018297313,-1.0568157474130395,0.6813319710801596,-0.947115216123778,-0.6802222558010773,-0.2623823775169615,0.9532619930753812,-0.7834319621149233,0.2256899435315928,0.4732022861953774,0.39055149819585533,-0.5414091334477708,-0.23859098388023298,0.23358105072504862,2.2981349498932055,0.1788576190793113,-0.4924401694987043,4.566747211774182,-0.2032526452001952,0.30051122164037625,-0.6973771213728089,-0.7007555062540312,-0.1892510524138446,-0.3508608211276413,0.25380929874005437,1.320943785659029,-0.45442626659982593,1.9656006054899393,0.30639820167376275,-0.04521210077118851,2.1182012691632726,-0.4405692900267722,-0.8265621563597865,-0.3226428791058886,-0.18924105226671623,-0.5386866985732379,-0.7910632141448923,-0.2914648825657315,-0.6883810976012716,-0.354708989765921,-0.853600130263927,0.4225905796899406,-0.7153234551588263,-0.5708432913657452,0.34438373281445783,-0.7248989742406267,0.797135013540219,0.346322536114909,-0.7084944693805171,-0.028234499131428184,-0.8724407772553341,-0.7495166505504289,-0.14944333869239917,2.0998484538592987,-0.15148242097619954,-0.4088049828033701,1.1633684145594811,-0.5251364543595959,-0.27235018261241456,-0.02052811147411453,-0.7877356953935943,-0.32789071854293134,-0.4734548242517995,-0.3586605668743056,-0.8522128784833958,1.4582742547028962,-0.10300729099945406,-0.21071902854022595,-0.8040413439418215,0.2353538861747977,-0.13752782410805292,-0.7058481522497109,-0.2832040174675377,-0.7684835031659645,-0.017830020377772465,-0.028235501491878784,0.008143998448600746,4.266068944250452,-0.6523307978831814,-0.6641114293129019,-0.37795707924491667,-0.13485312769274413,-0.10727079910940057,-0.7785409311448866,-0.2704016887956423,-0.6124354686926344,0.9006553879244449,-0.4997175184791023,-0.8438164588390366,-0.7432843691516248,0.6786717200872413,-0.02718953777395393,-0.6817071861811528,0.06192666010072357,-0.5014334615900439
/Users/oksanagoncarova/Desktop/статьи написать/генерация статья/real docx_converted/39.docx,real,39.docx,-0.6950932836184519,0.859478958595132,0.707249656827199,-0.17795056896324757,-0.3478052263029808,-0.0010981612699976038,-0.5390030706081113,-1.1728234567495353,-1.111583792656526,-0.4221646837572477,-1.9416999416135396,0.18367501222768495,-0.4344237280621174,0.6178117148490538,-1.2935012447609857,1.2218572695732859,1.3727104905615986,0.17921964895778422,-0.2532761830095665,-0.4870803672437,-0.0956370102548037,-0.20884633932686744,-0.3860988476024362,-1.586455479295769,-0.5084091376373681,-0.6813960501178536,-1.2155952749308185,4.031496619076832,-0.6808671275400069,0.7217167676189284,1.4420519353140058,-0.4450949645750903,4.864057191000192,-0.48166594384640116,-0.13324827691418728,-0.7008598788807021,-0.41261169484168386,0.02994462077566517,-0.9840070948464386,0.08322864624324697,0.7912581646732133,1.4386116379648644,-0.31919285713903967,-0.7819297318682903,1.4557979502707739,0.21043904939732366,-0.4618574495898806,-0.6073749262118319,-0.34747308791977327,-0.20511615702282265,0.22216864446037057,0.9467682943093346,-0.02511136066933515,-0.4948991744865512,-0.20081998698649836,-0.27049439733398345,0.3417983509596132,-0.28193440864745384,-0.6227962525275536,-0.3552999007310904,-0.5225698805609919,2.5948166810274613,0.8910424707659722,0.429878157656498,-0.0988044012395468,-0.4724605931139279,-0.6334318266159835,0.26127999169700716,1.1274849427768843,0.7137024766488246,-0.4035594398037608,1.9738539260572603,-0.20954215776850504,-0.3482468571889537,-0.2820886513275058,-0.1637942700395958,-0.07480482589534827,-0.2598471839143848,-0.4661751611527421,0.266420933866689,-0.20381076430062847,0.08018358325206881,0.5825184095022926,-0.853304877307716,-0.27815270106734463,0.20765734276524242,-0.3166666766015455,-0.3683046696670953,-0.6176151302890514,4.596223247697183,-0.4519720152963876,-0.28188843656362356,-0.09784156451292829,-0.24626300957333175,-1.0962260986590935,-0.10869184894117508,1.8150525960272592,0.2977252019088871,-0.1506441370591563,-1.0158774572848233,-1.1413080422449269,-0.2567930917699001,-0.8440587137687767,-0.9295929458619132,-0.5070158824261367,-0.27936190018297313,-0.27583352990151355,1.772916850640266,-0.947115216123778,-0.10531951775604957,-0.675060584737967,1.0968107950193164,-0.7834319621149233,-0.21948632935315815,-0.10992143977783503,-0.3216254792336408,-0.08886280787779952,-0.913535245090684,-0.5548437018089665,0.2857728013695369,-0.1732264644740715,-0.4924401694987043,-0.17458825373366813,-0.1589705288485718,-0.9448602950389028,-0.6973771213728089,-0.7007555062540312,-0.6402434556677445,0.26686591412299976,-0.48777768967830387,-0.6912797951928124,-0.45442626659982593,-0.14759284722204807,-0.0895239805431207,0.007697252845607478,1.0786476293415639,-0.4405692900267722,-0.8265621563597865,-0.3226428791058886,1.6051634642624306,-0.5386866985732379,-0.0533188141465775,-0.2914648825657315,-0.6883810976012716,-0.354708989765921,-0.16213464645381923,-0.596149671906592,1.2006038943959751,-0.5708432913657452,-0.5065760642522873,-0.026831066164441322,0.07102925493071659,0.4155150508912992,-0.7084944693805171,0.030419387979422625,-0.8724407772553341,-0.053745361425019865,4.192218747009024,-0.07899781393242705,1.7809265329581343,-0.4088049828033701,-0.06531741792689906,-0.5251364543595959,-0.27235018261241456,-0.5969470920646137,-0.03079548900205377,-0.32789071854293134,-0.4734548242517995,-0.3586605668743056,-0.8522128784833958,1.1852725505767643,0.50578793621576,-0.21071902854022595,-0.8040413439418215,-0.602406522723786,-0.7159175630197637,-0.7058481522497109,-0.2832040174675377,-0.7684835031659645,-0.7131673775579299,-0.7288319676966448,-0.468715451687348,-0.4462744406724269,-0.6523307978831814,0.8671639404311581,-0.37795707924491667,1.3656853819877097,-0.06453055758012598,-0.7785409311448866,0.32147276874536035,-0.6124354686926344,-0.8075931738604872,4.137078904064962,0.9249701236046387,-0.7432843691516248,1.5522099714496427,-0.5779449645973369,-0.6817071861811528,1.4301780724458146,0.03975999554792721
/Users/oksanagoncarova/Desktop/статьи написать/генерация статья/real docx_converted/4.docx,real,4.docx,-0.2636117574491884,0.296150537476219,-0.7399608327546723,-0.5311502043688311,-0.5278513016079108,0.29289407914301496,0.1754066918185812,-0.20141108957112186,-0.03399275915325398,0.40137465452008486,-0.425923311568445,0.5080047937334986,0.973429904919116,-0.07682549082291787,-0.16880915481445313,0.1646584613237698,0.698223241920046,-0.09460173980297258,-0.7165854197132359,-0.04022952725561405,-0.8001917934981589,-0.758732459074052,-0.11084603155070592,-0.7064850192257874,0.3046218908014353,-0.7146503343273636,-0.24717665833532235,-0.36235422633394554,0.8119974228647935,0.309235534082494,-0.38063893580156827,-0.3073908753547444,0.5419273837663956,-0.5211772369124654,0.8818841080749361,-0.6821447939731268,-0.16370213798372188,-0.30172923912701,-0.8336149659799903,-0.46370359603127115,-0.6591176534003385,-0.3036889285121052,-0.31919285713903967,0.11368677672795623,0.25624654257122703,0.0972022112958474,0.21283195420725903,-0.18367993533807656,-0.0754171290062435,-0.9905218410056833,0.38080981902314,-0.20057079736368313,0.0317309657242797,-0.48105561604677544,-0.45822002036382076,-0.2165731436264795,2.6364605929929765,-0.6415881700256391,0.11773330637200141,-0.3442810621221071,1.0501166963769766,-0.3974916989517305,-0.2261100331514186,0.9251198493156103,-0.7547189096329359,-0.9227542815648311,1.1137971638173905,0.9343736341730549,-0.7639681574185635,-0.054558683708121086,1.779969534329415,-0.06764774251610219,-0.23004484124089578,0.02765412954303562,-0.2203677411434389,8.816820843460535,0.3016566472555752,-0.30813928956289566,0.2114225683642903,-0.5584132569215754,-0.5541908606065646,0.7303921738143476,-0.07550580039115096,-0.12429311284265691,1.572616180478442,-0.3205460146455472,1.1680140908070162,1.3012755107496488,-0.5411833782436865,-0.6969783006486944,0.7084112087076915,0.6931162587259683,-0.08727761484538699,-0.7599959700576459,0.3438350025853821,-0.4673898103772826,-0.6098198997095099,0.24333047412338812,-0.1506441370591563,-0.05752476659854785,0.033156911924463094,0.206817152937847,-0.34488470824277434,-0.33524751158488264,-0.42654641851480346,-0.27936190018297313,-0.40053076986076275,-0.20872870271115135,0.2749739382793199,0.6483292280864568,-0.675060584737967,0.7662110562808706,-0.213236616600195,0.023729436319893334,0.06643492753339242,0.5885665044664999,-0.4463367526500381,-0.30410657183449624,0.6019837617075384,-0.605698349662719,-0.49611436269318643,-0.30774267263747535,0.09401244767247038,-0.1267684397450021,-0.3826174886775563,0.14508251496699107,-0.6031690106265496,-0.5384396039427408,-0.3508608211276413,-0.3203770610525671,-0.6912797951928124,-0.3596150260720664,1.7043301775923465,-0.5491809613237001,0.5271589176273005,0.6453832393003414,-0.2917464901308621,0.18914150907018737,-0.23228499913378808,-0.4876947148725901,-0.3695989797843499,-0.01612468779959427,-0.23146489439690662,0.793701918327741,-0.354708989765921,1.4706443882166413,1.0135931206567486,-0.044483203507060934,0.36200293348125656,-0.026351872117998373,-0.28494195174768217,1.3532200897813536,-0.5825212856618235,-0.11469416406748119,0.7840166097576816,-0.7191586555465578,-0.3110070712412988,-0.36434844057476296,0.9534118280705783,-0.19438163663471997,-0.4088049828033701,-0.462877543018678,-0.32953694896143376,-0.27235018261241456,0.4439870258163274,-0.15165400848533062,-0.32789071854293134,-0.29205726014088185,-0.14723100965980096,1.180343416964855,-0.13497790669495843,-0.39365037146076254,-0.16674652973827833,-0.20843748758806221,-0.22418624303284457,-0.3242326734655475,5.349989985516071,-0.2832040174675377,0.9568145004922299,0.22859599626155036,1.3270883477004038,-0.3610725548113746,-0.4462744406724269,1.0363571873578294,-0.6641114293129019,-0.37795707924491667,-0.1790179847427141,0.22557757186155358,-0.7785409311448866,0.22696983435985163,2.5969774236559138,-0.03637715319728194,-0.30489491126404755,-0.4722241112396868,-0.3796343983022089,0.05655699141942618,0.16799696353092564,0.7699463531954237,-0.13671383809198803,-0.3877378076092953
/Users/oksanagoncarova/Desktop/статьи написать/генерация статья/real docx_converted/40.docx,real,40.docx,1.189408518413807,0.47566561745273045,-0.038831412955874375,-1.2981176202702531,-1.0733397137369385,-0.7144194945360548,-0.8288056292336579,2.9040747760544456,0.14606199678730616,-0.5458775625686505,-1.8840246091638289,-1.3332027552596653,-0.6303475369930742,-0.2110614436775089,-0.7274759794992086,-0.32241797796737154,2.458037661155538,-0.4739757276681924,-0.73791489079995,1.5402833863225163,2.1601827581898476,1.1690225082829233,0.05782427557962185,-1.002680352649481,0.7387207694892172,0.8664592003236147,1.2306639110337965,-0.38744464055116556,0.10936979368261002,0.7613056702419567,-0.23758122815111613,0.3588142423745953,-0.6982611183239222,0.18112951428921928,0.6342639966480282,-0.50297791014757,0.2113532046866137,-0.5111588263517883,-0.43526877426976246,1.3817176637755058,-0.4152652737289193,-1.0330774230150095,2.201637646150055,-0.8791272029899126,0.12204966535084019,-1.052808594218704,-0.4618574495898806,-0.6828323692779669,-0.1669903227858247,-0.4100032263693214,-0.42188244780534756,-0.2515883021098848,-0.24331673225486197,-0.34852577506766,-0.055154856355694,1.529379128501492,-0.3958997159668436,-0.5090250921632331,-0.06684670892411446,-0.5738582398200799,-0.9567941238680456,-0.3974916989517305,-0.2972031449107134,1.228595648161522,1.1345697351769177,1.1482386635837754,-0.7529946986319067,-0.7275956506834029,0.6340656940897922,0.22861106162917144,-0.517804351037676,0.13547330374257865,-0.3379510239826843,0.36946509838413,-0.2820886513275058,-0.1637942700395958,-0.24980160442712798,-0.33046004447887145,0.1519154312943088,0.4795185809329661,-0.6473765890410336,-1.0493881160195078,0.31756967161890487,0.03334766745065492,4.666911469695275,0.8006927568462621,-0.4024218783382717,1.7921002654864586,0.7767740432743808,0.3414775070778624,-1.2148809127661182,-0.8451228248249796,-0.3073771948537867,-0.36620211057545204,-0.5124066038928314,-0.21470772769372223,-0.6098198997095099,-0.6980484548860343,-0.1506441370591563,-0.43308449467979754,-1.1413080422449269,-0.9379061637386741,0.9772859771566009,0.15470620564891094,-0.5070158824261367,-0.27936190018297313,-0.4581662051860982,-0.5585938714942067,0.16764915890817686,-0.6802222558010773,-0.33516407795926384,-0.9737443925137791,-0.7834319621149233,1.6407263830730947,-0.7869153121634443,-0.5146601479244307,3.6212974362692183,0.7541893352836758,-0.5548437018089665,-0.2640268080401287,1.6113213688764814,0.4061050314703199,-0.7453718111734436,0.1815148507584853,1.1066046030543948,0.32725515046029807,2.503834063205849,0.10266343772989767,-0.3508608211276413,5.314798780416262,-0.27694499750927903,-0.45442626659982593,1.4908951906715624,-0.5491809613237001,-0.17047622323246914,0.6382703054419206,-0.4405692900267722,1.2911608455878651,-0.3226428791058886,0.1629349263616733,4.705415822419609,1.4709618995470857,-0.07254190441160946,-0.6883810976012716,0.19652048245815676,-0.853600130263927,-0.596149671906592,-0.22578220610380476,0.1855326863120711,-0.15613562740459802,-0.7248989742406267,3.105133372786481,-0.20000681695398587,-0.7084944693805171,-0.8156072495245584,-0.31315769060126614,-0.7495166505504289,0.8298142761237489,0.696079510646339,-0.5934318916786712,2.568965078161858,-0.7509626217066395,-0.16829283193461492,0.38502276414595565,1.7768491796479766,0.37270534382321635,1.8325718899137664,0.18841355567730214,-0.3586605668743056,-0.8522128784833958,-0.4861065863028987,5.040427374188046,-0.21071902854022595,0.6447519421074628,0.4326075567195853,-0.7159175630197637,0.006927321815403807,-0.13245644337359486,-0.13897108376108083,0.4322419733734607,2.1563493595181393,6.600937010718467,-0.4462744406724269,1.028090455754816,0.5096634384959711,-0.05026804803016009,-0.5898412876687616,0.7366579927417041,-0.2069355180802178,-0.2704016887956423,-0.6124354686926344,-0.10410591829347234,-0.4997175184791023,-0.1658987968652318,-0.07985644979931132,-0.16122728565405056,0.7829205407121931,-0.6817071861811528,-0.553438319878907,5.306372290580144
/Users/oksanagoncarova/Desktop/статьи написать/генерация статья/real docx_converted/41.docx,real,41.docx,1.6114914304557741,1.035806438146189,-0.8753171788943279,-0.360731181138774,0.2815015552148738,-0.3399519699443807,1.2120518265866864,0.053904204820876815,-0.9507134583947224,-0.3439941085928867,1.3391898855342232,-1.0011802841718769,-1.273620600062052,0.6507868057154864,-1.2935012447609857,-0.5332301934645112,0.6292038009707588,0.22525406461317657,-0.518934575177074,1.0118735176750846,-0.6287201192624082,-0.7835532809247128,-0.30746270110243085,1.4141125245994857,0.12728274485704183,-0.2058512787683593,-0.517060789114091,-0.38744464055116556,-1.2601090592477577,-0.8775269146596808,-0.9859806737111447,1.1044213651979762,-0.3311401350658161,0.4574067080221432,-0.8683491633616259,-1.0720730364973643,-0.19926609309622326,-0.5922195324017072,-0.7489670123331781,-0.8882083211739091,-0.29725787775823215,-0.7748419481080699,2.358569100515805,-0.6514900902419681,-1.2718306560658534,-0.4997955390877246,-0.4618574495898806,0.3428291944919536,-0.1928613816889263,-0.5064307846229502,-1.0949705811857804,-0.32754756806622043,-0.028387819035247865,-0.5891767318307308,-0.8539465679319231,-0.9888652006066336,-0.1761888535474509,-0.9352651456595338,-0.4887659973940095,-0.5738582398200799,-0.9567941238680456,-0.3974916989517305,-1.0356353016204265,-0.41253211761221364,-0.831703839758683,-0.9227542815648311,0.8721735723522295,-0.7275956506834029,0.4018440438997951,0.9099018187946379,-0.8929025812654376,0.950402291435549,-0.3379510239826843,-0.5378601065171917,-0.2820886513275058,-0.1637942700395958,0.09493663142355754,-0.3636931115887444,-0.1131810085622385,-1.156115108189737,-0.6473765890410336,0.06322252213297544,-0.17972842296076805,-0.853304877307716,-0.5066086752516128,0.19095270802693817,0.5220139604412329,0.21391444564999096,-0.37871266321474684,-0.20348295105567257,0.2880259957787411,-0.4752713890657424,-0.3073771948537867,0.25204205705123667,1.4044372790781314,-0.2646027862585568,-0.6098198997095099,-0.04416736322596353,-0.1506441370591563,-1.0158774572848233,-0.09244486866738058,-0.4906489421765163,1.8864076421548799,-0.4651570709036391,-0.25549275312309616,0.48215740235145044,0.9945319718958726,-0.33987939817942486,-0.4696302276232487,-0.3027087241003021,-0.3838860849680996,-0.5205299907843987,-0.7834319621149233,0.6212185748263993,-0.7869153121634443,-0.6055095207985767,-0.24424171656420757,-0.4373129629548889,-0.5548437018089665,-0.31300325502813464,-0.5819883729907089,0.4697403920652624,-0.7453718111734436,-0.7976980172368612,-0.5055101887676834,-0.6973771213728089,-0.7007555062540312,0.9507963075143576,-0.3508608211276413,3.436549121325036,0.7284903412658089,-0.45442626659982593,-0.7260180068101599,0.35632905994776326,-0.25433136010650276,-0.39473761893364206,-0.4405692900267722,-0.3730219437909667,-0.040211561397428215,-0.7333342587796998,1.5753809285383569,-0.30661867160729916,-0.2914648825657315,-0.2672409307332922,0.3536123490780525,-0.3995449317619955,-0.23675198871951797,0.9621510168352848,1.0490424131501352,-0.20636903986914293,0.6502731926599203,0.33514962483233446,-0.5825212856618235,-0.7084944693805171,-0.2600584884886625,-0.3933273714436294,0.6211312481198428,0.594012758054772,0.10786053096014017,4.707635706905186,-0.4088049828033701,-0.7509626217066395,-0.2194441004122515,-0.27235018261241456,-0.5969470920646137,0.703413076516428,-0.32789071854293134,2.078017043453219,-0.3586605668743056,-0.27465339751391815,5.001502003978471,0.48869056870763555,0.33905973047458904,-0.8040413439418215,0.8753457774928335,-0.7159175630197637,-0.09524451858464203,-0.2832040174675377,-0.7684835031659645,-0.7131673775579299,-0.23451018860046466,0.2042026206716782,0.1078757437568425,0.3073648902110064,-0.6641114293129019,2.9906455809578008,1.3363222106321864,-0.6810179654612449,-0.7785409311448866,0.11825643022741242,-0.6124354686926344,0.39770047081686893,-0.19523933853433564,2.059895879677245,1.5300345817435472,0.2582421790637656,-0.18934694053216974,-0.6817071861811528,0.7491159736569241,-0.1460553431412399
/Users/oksanagoncarova/Desktop/статьи написать/генерация статья/real docx_converted/42.docx,real,42.docx,0.1585124262278155,-0.9074818577084881,1.1791086734603915,1.925691869805173,-0.376490265115649,-0.7019651161463788,-1.7015549476349594,-1.064563230287397,2.6222455448167645,-0.04126631034905377,0.16577078129060474,-1.3332027552596653,0.8001964389306,-0.7330912732796527,-1.2049758146807608,0.04699693479130944,-0.7897997981005479,0.2190386924685671,-1.2659575570008637,0.11568018187653818,-0.3080826774248837,-0.6114723022526006,-0.952638294801916,-0.12563180719061076,2.1157403695594805,-0.5900443363495255,-0.3653931537506127,-0.38744464055116556,-0.7161581707646667,-0.6434890847567052,-1.3419753248248518,-0.4450949645750903,-0.3469465451092467,0.355873570208855,3.009253997774524,-1.0720730364973643,-0.6037446120556399,-0.015340267298399931,-0.9840070948464386,0.4299224144297311,-0.8293488033164473,-1.1686211251885663,-0.31919285713903967,-0.5993231625520276,-1.0538300428304932,-1.052808594218704,-0.4618574495898806,1.7042421647862667,-0.34747308791977327,-0.8722862118323376,-0.8844308044433365,0.21302662204375278,-0.24331673225486197,-0.7694857481760914,-0.24061254539359336,-0.05782233366140161,0.28006048074170253,-0.5549615004533923,-0.4351630700887805,-0.5738582398200799,-0.12388467774165089,-0.3974916989517305,-0.11171860362550183,-0.828957683770407,0.22265725617106236,-0.7068209980006517,-1.1455532923560139,-0.7275956506834029,-0.9859687122032763,0.29654862653128927,-0.8929025812654376,-0.5305078474659922,-0.3379510239826843,-0.9005018574867075,-0.2820886513275058,-0.1637942700395958,8.813314394830776,7.269792838851487,7.267293838625643,0.8903684630526412,-0.22196256495132108,1.658979026366898,4.209458755557013,0.25606323996400554,0.013696350428058291,0.9623575327248027,-0.155556896589131,-0.3928681682195744,-0.44315097278283305,-0.9291353031516743,-0.48319211713722443,-0.575030096472654,-0.106416276041686,2.196262521971918,1.8256432968068748,-0.5627877258890048,-0.6098198997095099,-0.6980484548860343,-0.1506441370591563,0.0778969905072451,-0.7583295151529673,-0.9379061637386741,-0.5592033689920121,1.105398520719898,-0.5070158824261367,-0.27936190018297313,-1.0568157474130395,-0.5585938714942067,-0.947115216123778,-0.1288459467829883,-0.675060584737967,-0.3118033942836644,-0.7834319621149233,-0.488481457633743,-0.7869153121634443,-1.1484473496166372,-0.5414091334477708,0.8253274852943693,-0.35172138539193953,1.318029075394339,-0.5819883729907089,-0.07084714930630831,-0.7453718111734436,1.0400695652251264,0.3385227872636416,-0.6973771213728089,-0.2552509799799844,-0.4078645981014687,-0.3508608211276413,0.08538874032580139,-0.6912797951928124,1.7097480141332972,0.38349116206742107,0.3325124198525232,-0.7554699426776713,0.09692236157079198,0.23884060721451555,0.16706313411994755,-0.21951681577801987,-0.452984175658947,-0.5386866985732379,-0.7910632141448923,4.228109175365771,0.8493565679917352,-0.354708989765921,-0.19043110871238345,-0.596149671906592,-0.7153234551588263,-0.5708432913657452,-0.5065760642522873,-0.7248989742406267,-0.36771585252248196,-0.5825212856618235,-0.7084944693805171,-0.8156072495245584,0.17721079459983616,-0.7495166505504289,-0.8151941544654414,1.0405756753440825,-0.137993119926045,-0.036230270676271464,-0.42216916088438555,0.3678197321653169,3.291801187927239,-0.5969470920646137,0.30121084163316864,0.27280765486874836,-0.4734548242517995,-0.3586605668743056,-0.8522128784833958,-0.4861065863028987,-0.35984821284946555,-0.21071902854022595,-0.8040413439418215,-0.1707411435965257,-0.41789580968949264,-0.7058481522497109,0.754169691032878,2.7758863318871256,-0.7131673775579299,-0.7288319676966448,-0.468715451687348,0.16074740955588193,0.39892979646824056,-0.6641114293129019,-0.37795707924491667,-0.3554035719587585,-0.3853883493373803,-0.42094830669317096,-0.2704016887956423,-0.6124354686926344,0.07260091890638144,-0.05501278358351277,-0.41971558371321294,-0.7432843691516248,-0.38140015004110805,0.5571865006800674,-0.6817071861811528,-0.553438319878907,-0.5014334615900439
/Users/oksanagoncarova/Desktop/статьи написать/генерация статья/real docx_converted/43.docx,real,43.docx,0.5716731656231386,1.21872644792159,0.43598896036764084,0.9272120581683241,0.1210452411436559,-1.4548797436164476,-0.03472171257359605,-0.9863723172779999,-0.390093689488268,-0.023835649760910297,1.2349211354560488,-1.0837418151309013,-0.34398177830314447,0.33905294690168825,-0.8836464186149624,0.4381379979219002,-0.23772511652791245,4.382594169181233,-1.3208458210814817,0.4758952504364726,-1.1886486358650932,3.3345340761719964,-0.8080044928029954,0.9497887598655204,-0.524246422264493,-0.2731354614665278,-1.2155952749308185,-0.38744464055116556,0.37139104464213396,1.5838909930527698,-0.2828028023041989,5.861041218953159,0.19670989627690247,-1.2049769407548065,-0.3243334689600148,-0.5226361158379502,0.16627815330594287,-0.25771026169848293,-0.719115445677621,-0.8536349294287849,-0.6294588650106745,-0.34654775014942835,3.282762566395283,-0.27394453936389307,-1.2718306560658534,-0.4295594078708104,-0.4618574495898806,-0.45220020503839764,-0.17322472395409438,-0.7579727566849344,-0.7700517282437606,-0.014090161927189199,-0.24331673225486197,-0.3630669604611474,-0.8133981816604547,3.409034938178268,-0.4225308258667809,-0.8947040846642187,-0.7339962918465848,-0.4121128674517105,-0.9567941238680456,-0.3974916989517305,-1.0356353016204265,0.7796302049618149,-0.831703839758683,1.0767005262600797,-1.1455532923560139,0.004227530575791095,-0.2039318660391241,-1.3640807205019188,0.19352114836493572,0.46367387024591633,-0.3379510239826843,-0.0831027956363685,-0.2820886513275058,-0.1637942700395958,0.13872055251554977,-0.11463512127201339,0.9262180332072171,-0.6297370647142172,-0.6473765890410336,-1.0493881160195078,-0.3423685745210695,-0.853304877307716,0.04130675177031372,-0.9048368882599652,1.2188480861260629,-0.08012002585621598,-0.34837054946211365,2.342123730023602,-0.6502857377719456,-0.8451228248249796,-0.3073771948537867,-0.37980489916189214,0.03107923422174885,0.10932487355715487,-0.31072972970150303,0.03887964213491071,-0.1506441370591563,-0.45321586359043875,1.222842725832864,-0.9379061637386741,0.035156352489164606,0.11725135010125853,-0.5070158824261367,-0.27936190018297313,-1.0568157474130395,-0.06560870135691063,1.2053991074724668,1.4470783502587692,0.30940588517480877,1.0693575161894988,-0.4486627013381905,1.1761256716204975,-0.7869153121634443,0.687235679429771,-0.5414091334477708,-0.3768297421951439,-0.24137196227215205,0.054040070204487846,-0.27948174076328813,0.15818995203338487,-0.7453718111734436,-0.7976980172368612,-0.9448602950389028,-0.6973771213728089,-0.35698953980076725,5.814959044779389,-0.3508608211276413,0.10192110536895306,-0.6912797951928124,-0.45442626659982593,0.9862496323892611,-0.5491809613237001,-0.19068361270388406,-0.8076125180737811,-0.4405692900267722,-0.8265621563597865,0.3139608586459097,0.5646298908815944,0.652597048037099,-0.7910632141448923,-0.080104142666061,-0.6883810976012716,2.040138802766565,1.1932921114126098,-0.596149671906592,1.1752008102078793,1.61990234391114,-0.5065760642522873,0.30831947169767693,-0.7719636252888739,-0.5825212856618235,-0.7084944693805171,-0.8156072495245584,1.8273783099250673,1.8250313331114563,-0.8151941544654414,-0.6753935194689803,2.5694521256201415,-0.12131406310027218,0.26386883482987794,-0.18061925155083028,0.1507600624865411,-0.5969470920646137,0.33262032537155395,-0.32789071854293134,0.16555069119266114,-0.3586605668743056,1.1005266088139658,-0.4861065863028987,-0.21152941708398257,-0.21071902854022595,-0.8040413439418215,-0.269319298041324,-0.25599076086352196,-0.7058481522497109,-0.2832040174675377,-0.7684835031659645,4.2631286912216275,0.38537553159202353,-0.08952400477184655,0.1782562975364147,-0.6523307978831814,-0.6641114293129019,2.4693701867498787,1.2191573455924802,1.6001575267157495,1.9807615425989005,-0.2704016887956423,-0.6124354686926344,-0.8075931738604872,0.1865801236853054,-0.8438164588390366,3.099782733809683,2.0894397486977203,0.29795986284892256,-0.6817071861811528,-0.553438319878907,-0.5014334615900439
/Users/oksanagoncarova/Desktop/статьи написать/генерация статья/real docx_converted/44.docx,real,44.docx,-0.1895012025743545,-0.12730775175918105,-0.5345372218382608,-0.15618889633844676,0.8253054170429189,-0.47895773167494265,-1.2000200948842359,-0.1323969813732267,-0.916646548777671,-0.12012183273155713,-1.4414008551501163,-0.71312031431514,-0.5612223926849065,0.4394576471503967,-1.1237059380633125,0.9799812210844993,-0.8314443227950251,0.8221428124915952,-0.5843027897500327,-0.9422967993199047,-0.2201969310899694,1.4596109200865262,0.057732002321036306,-0.5357361977929858,-0.23802294440027955,-0.5065410891297538,-1.2155952749308185,-0.38744464055116556,2.422758452695022,-0.24820614002320454,-0.368580558067238,0.037215697963890564,0.751422916739408,-0.8723354350213443,0.033153571622483474,-1.0720730364973643,-1.0935467676063455,0.9589916804908404,-0.6547878986114727,1.1273379077520846,-0.8293488033164473,-0.5263082676359429,-0.31919285713903967,-0.8153295446328128,2.0732403321041297,0.4963953676833454,-0.19332223628325282,-0.3360280814950639,-0.13090942307778036,-0.6791131870872358,0.11650049322683294,-0.7814985160169347,-0.24331673225486197,-0.7694857481760914,-0.27883041349672516,-0.3562976924236935,0.6833066075526308,0.9820186282142361,-0.6571154623201247,-0.37283385247933976,-0.9567941238680456,-0.3974916989517305,-0.14958075798826007,0.3096730950189956,-0.831703839758683,-0.9227542815648311,-0.20348076084291392,0.4851278170754,-0.4999935168202624,-1.3640807205019188,0.00726810654047434,1.2777650318574558,-0.3379510239826843,0.11539827749294185,-0.2820886513275058,-0.1637942700395958,-0.24980160442712798,-0.2841117691387275,-0.4661751611527421,-0.5019089188571959,-0.23939605379628115,-0.5299124928289151,-0.29138013610575264,-0.32135180025949134,0.28047124158861947,0.11840693828143341,-0.6839803657741793,0.6877205553620733,-0.6176151302890514,-0.9291353031516743,0.8902315393587282,-0.8451228248249796,-0.3073771948537867,-0.7599959700576459,-0.3956933397613281,-0.5627877258890048,0.13362539711871885,-0.2401048455924462,-0.1506441370591563,1.0820255707222535,-0.4067399480004616,0.9415051445602457,-0.8440587137687767,-0.2790604757338885,-0.15470898405284064,-0.27936190018297313,-1.0568157474130395,0.05411016042838238,-0.2783049330115883,-0.15144137661915894,-0.675060584737967,1.5655140941920291,1.7129653528532889,0.689802256447276,0.45844809055110664,0.3725319973758477,-0.5414091334477708,-0.913535245090684,-0.1652469951686759,-0.605698349662719,-0.20601959243399257,-0.4924401694987043,-0.2203796492784897,-0.7976980172368612,2.1321146469733225,-0.6973771213728089,1.0082354041623682,-0.6402434556677445,-0.3508608211276413,-0.48777768967830387,-0.6912797951928124,-0.45442626659982593,-0.19399729411007965,-0.5491809613237001,0.6484135106656714,-0.8076125180737811,1.839917465013071,-0.1912911734468256,-0.3226428791058886,-0.7333342587796998,-0.5386866985732379,-0.7910632141448923,-0.2914648825657315,2.2610610944706573,-0.354708989765921,1.0543768313508675,1.4174748149871614,-0.7153234551588263,2.151913426198675,-0.08607793382836879,-0.7248989742406267,1.5541264427238122,-0.5825212856618235,0.5913771443316272,-0.8156072495245584,1.140832814381881,-0.7495166505504289,0.5007174753235986,0.4217056058068474,1.153667577065358,-0.4088049828033701,-0.12032364633073779,0.33122634117372785,-0.27235018261241456,-0.027277162851366735,-0.09152139454517394,-0.32789071854293134,-0.4734548242517995,2.109790210388069,-0.8522128784833958,-0.4861065863028987,-0.6328614875211894,-0.21071902854022595,-0.8040413439418215,-0.602406522723786,0.42731766246140607,0.14942059741992142,0.9829840842781603,0.7422371078429798,0.6612245018987732,-0.7288319676966448,0.002560648425326374,-0.4462744406724269,-0.6523307978831814,-0.6641114293129019,-0.37795707924491667,0.7591413878542357,0.45304083082310304,1.279089829414444,-0.2704016887956423,-0.6124354686926344,0.03653051918111292,-0.07323680676115078,-0.8438164588390366,0.05277159478933407,0.6619523585019754,-0.5779449645973369,-0.6817071861811528,1.2710414581439615,-0.5014334615900439
/Users/oksanagoncarova/Desktop/статьи написать/генерация статья/real docx_converted/45.docx,real,45.docx,-1.6333410176147478,2.5703184090783044,0.1491763611455275,1.1240381384792493,-0.594513988557863,-1.2701686823974492,-0.9362711743398511,-0.5392258837424663,-1.287246047573694,-0.7471092888235921,-1.0602555821196744,-0.6679219974348783,2.1442296326480976,0.5220247903679168,-1.2935012447609857,0.37069265160284204,-0.41187137614415065,0.3636999995370856,-0.8468342239699972,-0.8556438570616204,-0.8311100888467261,0.3401621674297416,1.7030578499541047,-1.0854301147082137,0.3926262517688895,-0.3415966407611796,-0.7490389496231201,-0.38744464055116556,0.15878451835027887,-1.0740618152977786,0.13863459542526194,-0.4450949645750903,0.6734433258558647,-0.25327556082755603,1.0660788517190407,-0.5836467912709745,0.6983431695324228,0.8647018726748649,-0.9840070948464386,-0.6149771338566233,-0.8293488033164473,0.4691376280660843,-0.31919285713903967,-1.1982538844898523,-0.6736813307929019,-0.4987663584640318,0.3064331234685359,1.1957187149980713,-0.03767419764332436,-1.0827051986354574,0.6380643428808984,-0.7814985160169347,-0.24331673225486197,-0.7694857481760914,0.7459326195603089,-0.6364024945776107,0.1564920611346262,-0.6147138113762343,0.0751396912917409,-0.2862886137606837,-0.9567941238680456,-0.3974916989517305,-1.0356353016204265,-0.41131140498210134,-0.349545121055492,-0.9227542815648311,-0.47172597918318243,-0.7275956506834029,-0.9859687122032763,-0.4527949138111151,-0.8929025812654376,-0.35330735498734994,-0.3379510239826843,-0.9005018574867075,-0.2820886513275058,-0.1637942700395958,-0.24980160442712798,0.23361191063624476,-0.4661751611527421,-1.156115108189737,-0.06375182832490506,2.666216062260601,-0.5523316798527136,-0.853304877307716,-0.06805261006974896,-0.17295095029331964,-0.6839803657741793,2.9803328843129058,-0.6176151302890514,-0.9291353031516743,-1.2148809127661182,0.6370361547064547,-0.3073771948537867,-0.0840483216784708,-1.0962260986590935,0.03469202287423762,-0.6098198997095099,2.577441504887583,-0.1506441370591563,0.9848522294746136,-0.09049289005650438,-0.04172699150184437,-0.062473608342207304,0.0010074735644050783,-0.0030334335124761916,-0.27936190018297313,-0.02923306543912735,-0.5585938714942067,2.879873649525625,-0.6802222558010773,-0.675060584737967,0.8424870188831174,-0.7834319621149233,2.663851903152223,-0.7869153121634443,2.1152422045068153,0.05403178251619263,0.04068185869257766,-0.5548437018089665,-0.605698349662719,-0.5819883729907089,4.520210175423251,-0.7453718111734436,-0.7976980172368612,-0.9448602950389028,-0.6973771213728089,-0.08956862048786846,-0.6402434556677445,-0.3508608211276413,0.03643966348715466,-0.6912797951928124,0.733184508050621,0.7961156947858514,0.05561584775546174,0.24867250254867748,-0.8076125180737811,-0.4405692900267722,-0.8265621563597865,-0.3226428791058886,3.1127836619494866,-0.5386866985732379,-0.7910632141448923,-0.2914648825657315,-0.6883810976012716,-0.354708989765921,0.056200298496146536,-0.596149671906592,-0.7153234551588263,-0.5708432913657452,1.8995497143024422,-0.7248989742406267,0.3372100092928577,-0.5825212856618235,-0.7084944693805171,-0.8156072495245584,-0.8724407772553341,-0.7495166505504289,0.12602551622113622,1.678741638303407,-0.5934318916786712,-0.4088049828033701,-0.7509626217066395,-0.5251364543595959,-0.27235018261241456,-0.5969470920646137,0.20821354639080855,-0.32789071854293134,-0.4734548242517995,0.08273579574720777,0.3050558085708303,-0.4861065863028987,0.11623138708987439,-0.21071902854022595,-0.8040413439418215,1.1741964287773357,-0.7159175630197637,1.7411118188894608,-0.2832040174675377,-0.7684835031659645,-0.7131673775579299,-0.7288319676966448,-0.468715451687348,-0.4462744406724269,0.3091509243699905,-0.6641114293129019,-0.37795707924491667,-0.5898412876687616,1.7524245756972912,-0.7785409311448866,-0.2704016887956423,0.26150542463865634,-0.8075931738604872,-0.4997175184791023,2.6471230647618027,-0.7432843691516248,4.297728579537823,-0.5779449645973369,-0.6817071861811528,-0.553438319878907,4.483119428067187
/Users/oksanagoncarova/Desktop/статьи написать/генерация статья/real docx_converted/46.docx,real,46.docx,-0.802448979209118,1.4365358478610684,-0.8484728704509368,-0.51129011701485,0.5142255051421465,-0.8437473656389378,-0.7319737302261112,-0.8721814673009268,-1.0556970064424214,-0.7333507092516007,-1.6436413991113894,-0.7351642321237074,-0.6129024479631904,0.7253307709950784,-0.6384648963798327,-1.306823460032973,-1.336052301816679,-0.5326199788795956,-0.39477294401442686,0.6035019040589191,0.004494483663056007,-0.48418957669622553,-0.9726250481501304,-0.9108779906172753,-1.702873815041058,0.2188532936459716,-0.9010453809968956,-0.38744464055116556,-0.013246566037221415,-0.8085629742015612,-1.5467229607039958,0.02006956399659095,-0.6614883446793692,0.399103595048966,-0.6509855804597693,1.2329883399704658,-1.0935467676063455,-0.7494442037030485,-0.34897617345971227,2.8847031288532454,-0.8293488033164473,-1.3951002459097206,-0.31919285713903967,-0.459631109324371,-0.8685614330043738,-1.052808594218704,0.056120134588357504,-0.9305804137721969,-0.03417584129139459,1.6420050692070327,-1.0949705811857804,-0.7814985160169347,1.5955494888921782,-0.7694857481760914,0.1206663534851051,-0.3912690310137856,-0.7207593397264784,-0.823201049206088,-0.29162571211390853,-0.5738582398200799,-0.5716039858277859,-0.3974916989517305,-1.0356353016204265,-0.625414325552979,-0.181565943857768,0.27558061580576565,-0.6912623559969155,-0.4351928572233653,0.42012764984594575,-0.7496964794372699,-0.8929025812654376,0.31513193335720663,-0.2240425316195416,-0.9005018574867075,1.1513026915001257,-0.1637942700395958,-0.09456606813858565,-0.5623019597378126,0.010684359076169,-1.156115108189737,-0.6473765890410336,-1.0493881160195078,-0.5523316798527136,-0.853304877307716,-0.35329036416528603,0.5754644065985449,-0.6839803657741793,1.693766782805022,-0.6176151302890514,2.011714254276287,1.4921534185317462,-0.8451228248249796,1.5513642185839411,-0.3042755145213723,-1.0962260986590935,-0.1599699278938786,-0.25131198367314533,3.2769250571504056,-0.1506441370591563,-0.34143658420740547,-1.1413080422449269,-0.9379061637386741,0.20982266636307592,0.32521916297558157,-0.5070158824261367,-0.10790593007380067,-1.0568157474130395,0.032328544906249354,-0.947115216123778,0.33974320416839465,0.5049816163369033,-0.3614974173628387,0.019118185426788187,-0.7363262304761065,-0.7869153121634443,-1.1484473496166372,-0.1399659061228402,-0.913535245090684,-0.5548437018089665,-0.605698349662719,-0.5819883729907089,0.027483412910599275,-0.2390431096553492,-0.2310978487418542,-0.9448602950389028,-0.6973771213728089,-0.7007555062540312,-0.6402434556677445,-0.3508608211276413,-0.48777768967830387,-0.6912797951928124,-0.45442626659982593,-0.21291061932108207,-0.5491809613237001,-0.07848222971034627,-0.24986014491499867,-0.4405692900267722,-0.8265621563597865,-0.3226428791058886,-0.2147276432869815,1.6032325095730766,-0.1366274665930623,-0.2914648825657315,-0.6883810976012716,-0.354708989765921,0.3731654834217597,0.37487041733995663,-0.7153234551588263,-0.5708432913657452,-0.1010266335715863,-0.7248989742406267,0.7236347845360958,-0.5825212856618235,-0.7084944693805171,-0.8156072495245584,0.42202706111505983,-0.13231426483943248,-0.8151941544654414,-0.14634488231171164,-0.1721843618873986,-0.4088049828033701,-0.142742848717585,-0.5251364543595959,-0.01876717080697607,0.5018892582204113,-0.7877356953935943,-0.32789071854293134,-0.4734548242517995,0.23651378406327658,-0.8522128784833958,2.1085155430626754,0.8822422940008117,-0.21071902854022595,-0.8040413439418215,-0.602406522723786,-0.7159175630197637,0.11901581125433433,0.2401567573353981,-0.7684835031659645,-0.05040123911644991,-0.7288319676966448,-0.014193207078470086,-0.4462744406724269,-0.004104726669416038,0.015067796790642846,-0.37795707924491667,0.7111850819489847,0.9595965792261493,-0.11704692112818298,6.817610557126692,-0.023228977663759223,-0.8075931738604872,-0.4997175184791023,-0.8438164588390366,0.7922280129879411,-0.06875136402837732,0.47196855922574105,-0.6817071861811528,-0.553438319878907,-0.5014334615900439
/Users/oksanagoncarova/Desktop/статьи написать/генерация статья/real docx_converted/5.docx,real,5.docx,-0.9511422886507097,1.1272792096454036,0.24844055873416707,-0.8384866355262105,-0.6073602649225055,1.2201355696941294,1.8591122793756432,-0.019139487669250867,0.46739191231898375,-0.9011348556546893,-0.3956184693203856,0.357497935036611,-0.7409051090957752,-1.098500999055686,-0.136102553525886,0.7845178373542139,0.8512229707829967,-0.23000759778900873,1.321848175061403,0.7771935899638414,0.4932856310895468,-0.20587485633620628,1.3916908797948326,0.8009311234684622,2.04152402825369,-0.7590903693575651,1.896802936580899,-0.38744464055116556,1.971174488558697,-0.3234762651221286,1.3978784961177597,-0.4450949645750903,0.5979832288482042,0.608966452024062,-0.40747154581654244,-0.37386750238124805,0.8275838271327358,1.0047230933395535,-0.5351868367809159,0.13910672792993542,-0.8293488033164473,0.08541579155653097,-0.31919285713903967,-0.15418231758434464,0.4382787953204862,-0.5248061797720402,0.6364142652521243,-0.5253076741236398,0.24300378009753176,0.8430359336173934,0.006084615422944244,0.3020527416543681,-0.24331673225486197,-0.42517707374776453,0.04608587043173556,2.3479960124009964,-0.22099293593792138,-0.9497086821236282,0.5586370404462749,-0.4368312705006159,-0.9567941238680456,-0.3974916989517305,0.47429802502439755,2.3759926574983186,0.08729096313761503,1.335768717440468,-0.5033956637218995,1.3390170574541966,1.00160232040665,2.1097418520918163,0.02749068185033238,-0.6955067553770985,-0.25744401681736523,1.1769433490723276,-0.2820886513275058,-0.1637942700395958,-0.140085917975486,-0.3726754213040289,0.5449136176240773,0.6276265088375642,-0.6473765890410336,1.4292922001325907,-0.018703899881836798,0.23450221315034447,2.393814609632792,-0.5560931306477178,-0.6839803657741793,0.16043616680465753,-0.38951729740403696,0.11011555286521257,2.611615738805383,0.5673751207881877,0.21810323311306015,-0.7599959700576459,0.8138283406175808,-0.2780885372971198,-0.6098198997095099,1.7991858650217738,-0.1506441370591563,2.3208405127703773,0.36083268373296606,0.770211868358009,-0.4716332955164474,-0.4861617084645661,-0.026720459636411086,-0.15818211167247018,-1.0568157474130395,-0.3497710075253195,-0.491225026098147,4.005498464304021,-0.675060584737967,-0.108309856548128,-0.7834319621149233,0.23578499945156725,2.6086602203931686,2.480232611830701,-0.25768144898607726,-0.458850654106759,0.24185449994614164,-0.605698349662719,-0.5819883729907089,-0.4924401694987043,-0.38751431033697775,1.2045795512992927,-0.525380294076432,0.5597131074901266,0.1729364179449529,-0.6402434556677445,-0.3508608211276413,-0.23798804341678473,1.00316948826911,0.6773671526945995,0.7245758607469023,0.027190576504032116,-0.7554699426776713,-0.41341035306560814,-0.4405692900267722,3.503721280226935,-0.3226428791058886,-0.3667991072446452,-0.5386866985732379,1.521611737667738,-0.2914648825657315,-0.2862874709434018,-0.354708989765921,-0.853600130263927,2.1489984609796013,-0.3149212570697797,-0.5708432913657452,0.6399432248491684,-0.28723949063743737,0.8136005771460225,-0.5825212856618235,2.392677210865039,-0.2851838093395321,-0.41499581693260096,-0.31329705130863383,0.08178846991928422,0.07243698094073275,-0.5934318916786712,0.32186215512368754,-0.32109165593163813,2.3935342617205766,-0.27235018261241456,-0.2086352810194621,0.16140422642518057,-0.32789071854293134,-0.4734548242517995,-0.3586605668743056,0.8021032227859621,-0.4861065863028987,-0.27591862205472917,-0.21071902854022595,0.3809456565010901,-0.03803881007824284,-0.7159175630197637,1.6261054235565826,-0.2832040174675377,2.320835204182507,0.22367792957395247,-0.7288319676966448,-0.468715451687348,-0.18173038277905706,1.6384001159094777,-0.1840885118983066,-0.37795707924491667,-0.5898412876687616,1.6380534955778094,4.83174169829622,0.28621923543335565,-0.6124354686926344,0.9185811413809525,0.08169810151592956,0.2651390071269805,1.427221161853816,2.6175786013460796,0.5351247525742474,-0.6817071861811528,0.27565821537003077,-0.16212772035751746
/Users/oksanagoncarova/Desktop/статьи написать/генерация статья/real docx_converted/6.docx,real,6.docx,0.06223896663829754,0.986351880179946,0.23912323312696943,-1.4163942627812738,-0.31606077190045306,-0.8116599039391756,0.7899075217616074,-0.7721985012408438,-0.45151311349920364,0.8564153813059371,0.6065179853244065,-0.3059684816834617,0.737347193342034,0.24234867382400122,-1.2935012447609857,-0.9578397981614807,-0.9987735134877124,-0.007453220016416838,-0.7426069501547375,0.19016177432469092,-0.7019628974075952,-0.5791939899209664,-1.2188685302090494,-1.586455479295769,0.7238116071555191,-0.8896685398071914,-1.2155952749308185,-0.38744464055116556,-0.229228421877157,3.486338537152336,-0.24557526890305553,-0.4450949645750903,-0.0024538213269268173,-1.2049769407548065,-0.8683491633616259,0.059167060205136075,-0.05600130113088053,1.1715259779011615,0.10676800072515813,-1.1604262902440357,-0.006238798741239024,-1.3951002459097206,-0.31919285713903967,0.0704580806112008,0.11353818350310879,-1.052808594218704,3.9867215869408934,0.05436044702598462,0.011288270647493713,-1.0827051986354574,0.2429855000381114,0.2718503071733001,-0.24331673225486197,0.06729316388642986,1.790063533003643,-1.3400208755873415,0.36564204023147445,1.709571427078209,0.2530552490170147,-0.5738582398200799,-0.9567941238680456,-0.3974916989517305,-1.0356353016204265,1.9755793369778243,-0.831703839758683,-0.9227542815648311,1.975738744525033,5.299430893824786,-0.9859687122032763,0.74654100419,-0.8929025812654376,2.0209648634479267,2.7925685764802366,-0.9005018574867075,-0.2820886513275058,-0.1637942700395958,-0.24980160442712798,-0.5623019597378126,-0.4661751611527421,-1.156115108189737,-0.6473765890410336,-1.0493881160195078,0.312257773998568,0.909171840613557,-0.9435384509457813,-0.9048368882599652,-0.6839803657741793,-0.9685497199301623,3.8171835401132665,-0.9291353031516743,-1.2148809127661182,-0.8451228248249796,-0.3073771948537867,-0.7599959700576459,1.224791921482066,-0.5627877258890048,0.6217784152947254,-0.6980484548860343,-0.1506441370591563,-1.0158774572848233,1.2924764769041206,-0.9379061637386741,2.7763872343565965,-0.9295929458619132,-0.5070158824261367,-0.27936190018297313,-1.0568157474130395,1.4714283951918425,-0.947115216123778,-0.6802222558010773,-0.675060584737967,1.129535086776305,0.5950862870030595,-0.7363262304761065,-0.7869153121634443,1.3712210226280972,-0.5414091334477708,-0.913535245090684,-0.5548437018089665,-0.605698349662719,0.6636783051181819,0.4006182252862417,0.9940418746451826,-0.7976980172368612,1.0940776981450604,-0.6973771213728089,6.377069636382853,-0.6402434556677445,-0.3508608211276413,-0.48777768967830387,0.9559391490461769,-0.45442626659982593,-0.7260180068101599,-0.5491809613237001,1.5702162954040446,1.108459212131174,-0.4405692900267722,-0.8265621563597865,-0.3226428791058886,-0.7333342587796998,-0.5386866985732379,-0.7910632141448923,-0.2914648825657315,-0.6883810976012716,-0.354708989765921,1.2535813225539445,-0.596149671906592,3.1770921659194626,-0.5708432913657452,-0.5065760642522873,-0.7248989742406267,-0.7719636252888739,0.9381935633533871,-0.7084944693805171,-0.8156072495245584,-0.8724407772553341,1.3707863727757097,1.364757151779908,1.1420709797307746,-0.5934318916786712,-0.4088049828033701,-0.7509626217066395,-0.5251364543595959,-0.27235018261241456,-0.5969470920646137,-0.7877356953935943,-0.32789071854293134,-0.4734548242517995,-0.3586605668743056,-0.8522128784833958,0.7872393725052065,-0.6328614875211894,-0.21071902854022595,-0.8040413439418215,-0.602406522723786,4.965764398100015,-0.7058481522497109,-0.2832040174675377,-0.7684835031659645,1.5636628480362926,-0.7288319676966448,-0.468715451687348,-0.4462744406724269,-0.6523307978831814,-0.6641114293129019,-0.37795707924491667,0.8999834488044335,-0.6810179654612449,1.493919094645255,-0.2704016887956423,3.4358194739798966,-0.8075931738604872,6.565401168457652,-0.8438164588390366,-0.7432843691516248,-0.7492856064173085,-0.5779449645973369,-0.6817071861811528,-0.553438319878907,1.147806944429549
/Users/oksanagoncarova/Desktop/статьи написать/генерация статья/real docx_converted/7.docx,real,7.docx,-0.23892791793766993,0.9449468366802685,0.8920258216891197,0.12045825406623153,-0.9489792383559726,-0.6499478579929179,-0.751128952871872,1.1599679765007571,-1.0853769900922725,-0.9922380574098756,0.1012697861615106,0.08395295219135096,-0.5910667627071512,-0.7556637042345029,-1.2935012447609857,-0.6407905037632127,0.42129830227040743,-0.39736332288271453,-0.97951341185008,0.696425192795309,-0.3427640533416719,0.8363141947939481,-0.6353520132587268,-0.7860066312133713,-0.8659198735897115,1.7371656562151205,-0.47021490189215664,-0.38744464055116556,-0.6368502811716454,0.18422902525931925,-1.5467229607039958,-0.4450949645750903,0.9916879396486057,-1.2049769407548065,-0.35326856205504603,-1.0720730364973643,0.337834093973285,-1.0766579203933397,-0.9840070948464386,1.4538374563263572,-0.261574211458821,-1.3951002459097206,-0.31919285713903967,-0.32310668160547873,-0.31621448922740175,-1.052808594218704,-0.4618574495898806,-0.2511762124683968,-0.34747308791977327,-1.0827051986354574,-1.0949705811857804,-0.7814985160169347,-0.24331673225486197,-0.7694857481760914,0.8708321835234105,0.9082107006023238,-1.1668568975145228,-0.2322875217344077,-1.0505805648609006,-0.11443084912855692,-0.9567941238680456,-0.3974916989517305,-0.023126987638377065,-1.0684617041925872,-0.831703839758683,-0.9227542815648311,2.084009528757775,-0.7275956506834029,1.2353569578725019,0.09180899246693698,-0.8929025812654376,-1.0069835670249103,-0.3379510239826843,-0.9005018574867075,-0.2820886513275058,-0.1637942700395958,0.11805584578685095,0.0734825591140112,-0.4661751611527421,0.33902807575559474,-0.6473765890410336,0.13783763926047923,-0.5523316798527136,0.3624372393158777,0.4551564702555706,1.4337163961844999,-0.6839803657741793,-0.9685497199301623,-0.6176151302890514,1.3938152392369136,0.3888155902401241,-0.8451228248249796,-0.3073771948537867,-0.7599959700576459,2.105812636758641,-0.5627877258890048,-0.6098198997095099,1.3951486968107232,-0.1506441370591563,-1.0158774572848233,-1.1413080422449269,-0.9379061637386741,-0.8440587137687767,-0.9295929458619132,-0.5070158824261367,2.564700113411893,-1.0568157474130395,0.14155255943418302,0.5814046182238032,-0.6802222558010773,-0.675060584737967,0.4770806992462789,0.1674587231042205,0.3501132445306064,0.6361808259236491,2.327646182756673,-0.5414091334477708,-0.913535245090684,-0.5548437018089665,-0.605698349662719,0.2772623782122524,0.12358425346494528,-0.7453718111734436,-0.7976980172368612,1.8680254200374864,0.707557217657026,0.2756897463277867,0.3784004363200036,-0.3508608211276413,0.34972317583479734,-0.6912797951928124,-0.45442626659982593,1.7057753796841613,-0.5491809613237001,-0.7554699426776713,4.479150313334143,-0.4405692900267722,-0.8265621563597865,-0.3226428791058886,0.4955938062778716,-0.5386866985732379,2.3105341543316698,-0.2914648825657315,0.6597682968323988,-0.354708989765921,0.5999165111248128,-0.596149671906592,-0.7153234551588263,-0.5708432913657452,-0.5065760642522873,0.7424964995250709,-0.7719636252888739,-0.5825212856618235,-0.7084944693805171,-0.8156072495245584,2.1950246355728242,-0.7495166505504289,-0.8151941544654414,-0.6753935194689803,-0.5934318916786712,-0.4088049828033701,-0.7509626217066395,0.45344263706748267,-0.27235018261241456,-0.5969470920646137,-0.7877356953935943,-0.32789071854293134,-0.4734548242517995,-0.3586605668743056,2.8455415784668765,-0.4861065863028987,4.1542057627187905,0.6692539108145075,-0.8040413439418215,1.2898194157101803,-0.7159175630197637,-0.7058481522497109,-0.2832040174675377,-0.7684835031659645,-0.7131673775579299,-0.7288319676966448,-0.468715451687348,-0.4462744406724269,-0.6523307978831814,-0.6641114293129019,-0.37795707924491667,-0.5898412876687616,0.614888666962792,2.3565079845140597,-0.2704016887956423,2.180017891168695,-0.8075931738604872,-0.4997175184791023,1.0152501126986417,-0.7432843691516248,0.8633579749027455,1.9100067058297983,-0.6817071861811528,-0.553438319878907,-0.5014334615900439
/Users/oksanagoncarova/Desktop/статьи написать/генерация статья/real docx_converted/8.docx,real,8.docx,-2.2985517119459615,-2.1713815750917664,0.843626213138042,0.9542876889240527,-2.032150954618831,-1.5488221308389978,-1.8341100857470112,-0.05671752124864707,-1.25207912691692,-1.0686775190169422,-1.7673895275626135,-0.843507512513749,-0.7028970146737344,-1.6053476371136697,1.9247013079362816,-1.7930949888869439,-1.036371031304728,-0.6651895333280718,-0.7781766165511681,-1.143571356842029,1.9606308131786527,5.455800668307442,-0.4123367965064802,1.7326659770678172,-0.546042956240498,0.9257257778548036,-1.2155952749308185,-0.38744464055116556,-1.5432554379414982,-1.0740618152977786,-1.5467229607039958,-0.4450949645750903,2.6132924704413742,-0.15419432127348615,0.5555311838119058,-1.0720730364973643,1.8741175255453952,-1.0766579203933397,-0.9840070948464386,0.044044997559401014,-0.8293488033164473,-1.3951002459097206,0.06300648546923018,2.4306099280183653,-1.2718306560658534,-1.052808594218704,-0.4618574495898806,-0.9305804137721969,-0.34747308791977327,-1.0827051986354574,-1.0949705811857804,-0.7814985160169347,-0.24331673225486197,0.028319899488997366,-1.1732094114869465,-1.3400208755873415,-1.1668568975145228,-1.2546277852545145,-1.0505805648609006,0.06115852347820326,-0.9567941238680456,-0.3974916989517305,-1.0356353016204265,-1.0684617041925872,0.2330082897612402,-0.9227542815648311,-1.1455532923560139,0.230123635841186,-0.9859687122032763,-1.3640807205019188,0.5288738612554069,0.4364767806525517,-0.3379510239826843,-0.9005018574867075,-0.2820886513275058,-0.1637942700395958,-0.24980160442712798,0.3164741765929959,-0.4661751611527421,-1.156115108189737,-0.6473765890410336,-1.0493881160195078,-0.5523316798527136,-0.853304877307716,-0.9435384509457813,-0.9048368882599652,1.4504643869248788,-0.9685497199301623,1.4965080714917798,-0.9291353031516743,-1.2148809127661182,-0.8451228248249796,-0.3073771948537867,2.2252851510032587,-1.0962260986590935,-0.5627877258890048,-0.6098198997095099,-0.6980484548860343,-0.1506441370591563,-1.0158774572848233,-1.1413080422449269,-0.9379061637386741,-0.8440587137687767,3.180346440755142,-0.5070158824261367,-0.27936190018297313,1.212312037986887,-0.5585938714942067,-0.947115216123778,-0.6802222558010773,1.9016343036364762,1.031574124727178,0.5308813274550988,-0.7363262304761065,-0.7869153121634443,1.253866605290671,-0.5414091334477708,-0.913535245090684,-0.5548437018089665,-0.605698349662719,-0.5819883729907089,-0.4924401694987043,-0.7453718111734436,-0.7976980172368612,-0.9448602950389028,-0.6973771213728089,0.648879096287139,-0.6402434556677445,-0.3508608211276413,-0.48777768967830387,-0.6912797951928124,-0.45442626659982593,-0.7260180068101599,0.786342951327819,-0.7554699426776713,-0.8076125180737811,-0.4405692900267722,-0.8265621563597865,-0.3226428791058886,-0.7333342587796998,-0.5386866985732379,1.3524379809187044,0.5383431729855774,-0.6883810976012716,-0.354708989765921,-0.853600130263927,-0.596149671906592,-0.7153234551588263,-0.5708432913657452,-0.5065760642522873,-0.7248989742406267,-0.7719636252888739,-0.5825212856618235,-0.7084944693805171,-0.8156072495245584,-0.8724407772553341,-0.7495166505504289,-0.8151941544654414,-0.6753935194689803,-0.5934318916786712,-0.4088049828033701,-0.7509626217066395,-0.5251364543595959,-0.27235018261241456,-0.5969470920646137,-0.7877356953935943,-0.32789071854293134,-0.4734548242517995,-0.3586605668743056,-0.8522128784833958,-0.4861065863028987,-0.6328614875211894,-0.21071902854022595,-0.8040413439418215,-0.602406522723786,-0.7159175630197637,-0.7058481522497109,-0.2832040174675377,-0.7684835031659645,-0.7131673775579299,1.4583726165234396,1.0200005577096756,-0.4462744406724269,-0.6523307978831814,-0.6641114293129019,-0.37795707924491667,-0.5898412876687616,1.110173530587869,-0.7785409311448866,-0.2704016887956423,-0.6124354686926344,1.858912629090102,-0.4997175184791023,-0.8438164588390366,-0.7432843691516248,-0.7492856064173085,-0.5779449645973369,-0.6817071861811528,-0.553438319878907,-0.5014334615900439
/Users/oksanagoncarova/Desktop/статьи написать/генерация статья/real docx_converted/9.docx,real,9.docx,-0.8808511508110457,0.828456791282418,-0.9933288067627477,-1.4900731800723928,0.36540031661810585,2.4949123499741237,0.1684659616833995,0.6353319970422947,-0.6721349602490979,0.32589379568282095,-0.28518403779659457,-0.26077017364610866,0.3795483050156037,-0.5336837767698205,-0.11885731302648302,2.857605913072436,1.2841035359875772,-0.38956013794867456,0.3540686348467397,-0.6794322271960104,0.6569191546534332,0.45196505538263143,1.136204132202453,0.4326767399920795,0.8305857657321687,0.6564422874016078,1.4167155124552164,-0.38744464055116556,0.28587016842006485,-0.4392540862367227,1.1700734197763678,-0.4450949645750903,-0.9321007507285137,1.8633083081306492,1.2105161435117304,-1.0720730364973643,2.5171114557282728,0.8792620711228766,-0.6044173615875229,3.235893910238509,-0.8293488033164473,1.610051206939277,-0.31919285713903967,0.12628140707564722,1.6208194809541399,0.28686553183609337,-0.4618574495898806,-0.5878209942144298,0.027073770424453483,-1.0827051986354574,-0.16375314865395163,-0.41493312554673295,-0.24331673225486197,2.1425048658014827,1.4048380502198665,-0.7729044604934984,-0.10023763684330866,1.3242255294749552,1.2177457512866723,-0.11029600261233317,3.187659166376129,-0.3974916989517305,0.4967960315914054,2.1095171427893225,0.7227758693404049,0.0323186316395346,1.5699707797304971,0.321106968061022,-0.9859687122032763,0.10491199988365679,2.2207878278552124,-1.0069835670249103,-0.3379510239826843,-0.3148354296709396,-0.2820886513275058,-0.1637942700395958,-0.24980160442712798,0.07920461978367767,1.2440815081482477,1.1067841007115227,-0.6473765890410336,0.7474780645967527,0.35029970996802445,-0.853304877307716,0.4677447245463829,0.8648633097433839,0.09509196896097695,-0.3319898441261797,-0.2317876459640496,-0.9291353031516743,0.40324885876718036,-0.8451228248249796,-0.3073771948537867,-0.21518216546403074,0.5192024433591537,-0.5627877258890048,-0.6098198997095099,-0.6980484548860343,-0.1506441370591563,-1.0158774572848233,0.5526059830828103,-0.9379061637386741,-0.8440587137687767,0.5705349302533119,-0.5070158824261367,-0.27936190018297313,2.256110819270853,-0.5585938714942067,-0.947115216123778,1.1488308052891785,4.027407586545391,-0.9737443925137791,-0.7834319621149233,2.004217345228327,-0.06896331049850565,0.605241837465698,-0.5414091334477708,-0.14443625944137506,0.7927713064597989,2.7032196951812573,0.2849956349730791,-0.18165584811354304,-0.7453718111734436,1.2344134870704815,0.4742405482171357,0.011412252667742812,0.2844777536010232,0.9014740748557124,-0.3508608211276413,-0.48777768967830387,1.0284167825926926,0.024180875584304165,-0.11259812506696731,-0.5491809613237001,-0.7554699426776713,-0.8076125180737811,-0.4405692900267722,-0.8265621563597865,-0.09457959005630687,-0.113340049958155,-0.5386866985732379,-0.7910632141448923,-0.2914648825657315,-0.008239728109484845,-0.354708989765921,-0.12030098468330769,5.2081229115646535,-0.7153234551588263,-0.5708432913657452,1.432761313262825,-0.7248989742406267,0.12203032418400182,-0.5825212856618235,2.289009471839688,2.7732377467673293,1.448863673902375,-0.7495166505504289,2.219298063828085,-0.6753935194689803,-0.5934318916786712,2.063041944803866,2.8846710713354344,-0.5251364543595959,-0.27235018261241456,-0.5969470920646137,2.4232046601193207,1.9968870738569455,-0.015607372435843455,-0.3586605668743056,-0.8522128784833958,-0.4861065863028987,-0.6328614875211894,-0.21071902854022595,0.19816141168277082,2.261477435096022,-0.7159175630197637,0.28027671611937527,-0.2832040174675377,0.102446929080692,-0.7131673775579299,2.4644867252646785,-0.468715451687348,-0.4462744406724269,0.12262347025287516,-0.6641114293129019,-0.37795707924491667,-0.5898412876687616,-0.027233069403318277,1.5939073357800213,-0.2704016887956423,0.7963572513574064,1.138956062293443,-0.007985257868304167,-0.8438164588390366,-0.7432843691516248,-0.7492856064173085,-0.5779449645973369,-0.6817071861811528,-0.553438319878907,-0.5014334615900439
/Users/oksanagoncarova/Desktop/статьи написать/генерация статья/generated_docx_converted/1.docx,generated,1.docx,1.5569522822368254,-0.35305490472276635,-0.7962418010637664,-0.06149455113717689,0.28238134628174283,-1.4622315813815057,0.34254129620054935,-1.325698618346009,1.4104190079895407,-0.00032634942735367147,-0.22565405259320195,-0.41344925473345895,0.038650327366157596,1.7033915543424687,0.7213253962930497,-1.294520706944472,-0.8423100262147014,-0.1389674047791443,-0.13871935897368737,-1.143571356842029,0.046309445244394676,-0.12214455499246274,-1.2188685302090494,0.49155366576891213,-1.702873815041058,-0.8896685398071914,-0.5705791545225768,-0.38744464055116556,-1.5432554379414982,-0.5296298006656552,0.783291087735424,-0.4450949645750903,-0.9321007507285137,0.11075429804684678,0.468828349635816,0.9536810989355867,-1.0935467676063455,-1.0766579203933397,1.6203821556435487,-1.1604262902440357,-0.8293488033164473,1.182216609020809,-0.31919285713903967,1.8309863477925938,-1.2718306560658534,-0.2868428274635311,-0.19631619663744335,0.24526665160607816,-0.34747308791977327,0.5136638899240609,0.5023148948550922,-0.7814985160169347,-0.24331673225486197,-0.7694857481760914,-1.1732094114869465,-0.3672654466099091,0.6626787125561703,0.514739840631914,-0.27242402415847433,-0.17629199864705528,-0.16692309466198993,-0.3974916989517305,4.221419014715188,-1.0684617041925872,-0.831703839758683,-0.10365229768458611,0.7175850075318151,-0.12799438210454364,-0.024854818075291697,-1.3640807205019188,-0.8929025812654376,-0.10327340081174798,-0.3379510239826843,0.10407177513039005,-0.2820886513275058,-0.1637942700395958,0.06852443954020028,0.5380523790640575,-0.4661751611527421,0.13770948237702094,-0.6473765890410336,1.0053473678184115,-0.5523316798527136,0.19873954436741784,1.4771874075313443,-0.9048368882599652,1.3204939088445762,3.3989279871297513,0.04418158381901332,2.086118252513101,0.1728804693379114,2.2285138925909798,-0.3073771948537867,-0.7599959700576459,-1.0962260986590935,-0.5627877258890048,-0.6098198997095099,-0.6980484548860343,-0.1506441370591563,-1.0158774572848233,-1.1413080422449269,-0.9379061637386741,-0.8440587137687767,-0.9295929458619132,-0.5070158824261367,-0.27936190018297313,-1.0568157474130395,-0.5585938714942067,-0.947115216123778,0.36554850525681615,-0.675060584737967,0.281729464764007,0.03942284181828093,0.20382593957687234,-0.7869153121634443,-1.1484473496166372,-0.5414091334477708,-0.913535245090684,-0.5548437018089665,-0.605698349662719,-0.5819883729907089,0.5737153069512484,-0.7453718111734436,-0.7976980172368612,1.4892749421069607,-0.6973771213728089,-0.7007555062540312,-0.6402434556677445,-0.3508608211276413,-0.48777768967830387,-0.6912797951928124,1.187450722024977,0.32616017799806063,-0.5491809613237001,-0.7554699426776713,-0.8076125180737811,-0.4405692900267722,2.9425670544394107,-0.3226428791058886,-0.7333342587796998,0.19335001192959775,-0.7910632141448923,-0.2914648825657315,1.6448654529708957,-0.354708989765921,-0.853600130263927,-0.596149671906592,-0.7153234551588263,-0.5708432913657452,0.3250437374265773,-0.7248989742406267,-0.7719636252888739,1.232946184174517,-0.7084944693805171,-0.8156072495245584,0.45477731946148064,-0.7495166505504289,0.4860460763636865,1.4943411142240377,-0.5934318916786712,-0.4088049828033701,-0.7509626217066395,-0.5251364543595959,-0.27235018261241456,-0.5969470920646137,-0.7877356953935943,-0.32789071854293134,-0.4734548242517995,-0.3586605668743056,-0.8522128784833958,0.27396956063573014,0.4027626238622024,-0.21071902854022595,0.9150028338019045,0.21631387688164802,0.41457147212585277,-0.7058481522497109,0.0745305773162872,-0.7684835031659645,3.364038034998448,-0.7288319676966448,-0.468715451687348,0.32126633793243586,-0.6523307978831814,-0.6641114293129019,-0.37795707924491667,-0.5898412876687616,-0.6810179654612449,0.5779189127229852,-0.2704016887956423,-0.6124354686926344,-0.8075931738604872,-0.4997175184791023,0.764929828194855,-0.7432843691516248,-0.7492856064173085,-0.5779449645973369,0.5752305611212412,-0.553438319878907,0.4830187876291985
/Users/oksanagoncarova/Desktop/статьи написать/генерация статья/generated_docx_converted/10.docx,generated,10.docx,-1.332289061226962,-1.606624495189617,-1.7890408927239967,-0.6860656887938185,0.6505744228667184,3.5531713580571656,-0.14347846461833655,-0.9985436431208969,-0.1744853324389944,0.44931824549468674,1.6894089236702299,-0.6006668388569626,1.3216467650730903,-1.0782998369445636,-1.1330307622835947,0.35118309090990146,0.7268691654116879,0.16975339636717998,-0.199251997998656,1.3293010552064302,-1.1084050838544528,0.49153463721373347,0.22892204094556268,-0.9244449155948351,-1.3567727794163005,0.015548572141754426,1.5585027445626611,-0.38744464055116556,-1.168434616965768,-0.29356050907516884,-1.175575914190285,-0.4450949645750903,-0.4017447975617067,-0.5762299635241803,-0.8683491633616259,-0.10402823243391306,-1.0935467676063455,0.5265551874068377,-0.6728679692243765,-1.1604262902440357,2.2229050169280136,-0.9845604299467429,-0.31919285713903967,-0.47446410767810393,-0.4814890885740519,1.5094096796565912,-0.4618574495898806,-0.9305804137721969,-0.34747308791977327,1.5872875269429827,-0.3316776037006748,-0.18057164639365314,-0.24331673225486197,-0.7694857481760914,0.9399442456497857,0.9842267272562781,-1.1668568975145228,1.281949245626931,-0.6787237917219543,-0.5738582398200799,-0.5793393615507255,-0.3974916989517305,-0.19824113046641995,-0.20016147277676485,-0.5131629157629682,-0.1399076313973182,-1.1455532923560139,-0.7275956506834029,0.3918904688047935,0.442057870136084,0.8085675876529503,-1.0069835670249103,-0.3379510239826843,-0.42044740845738954,-0.0267057377134323,-0.1637942700395958,-0.24980160442712798,-0.29938942714703787,0.2347497033148767,0.08044183656504979,1.2804986451278175,-0.5584410721352836,-0.5523316798527136,1.1576521647795073,0.7916457812167157,0.5457370445296652,-0.6839803657741793,-0.9685497199301623,2.8611572693626033,-0.44883671764550925,-1.2148809127661182,-0.8451228248249796,-0.3073771948537867,1.0262787991017481,0.8899565349698989,1.4108543950256405,-0.6098198997095099,-0.6980484548860343,-0.1506441370591563,-0.35498068370773056,0.2471460768761692,-0.9379061637386741,1.2213760238502889,-0.9295929458619132,-0.5070158824261367,-0.27936190018297313,0.9798194370237799,-0.5585938714942067,-0.3150346780677495,-0.6802222558010773,-0.675060584737967,-0.9737443925137791,-0.7834319621149233,-0.2870567918360354,-0.7869153121634443,0.28900280372953924,0.24535378174395797,-0.913535245090684,-0.5548437018089665,-0.605698349662719,5.1031526628374095,-0.4924401694987043,2.2315919396374513,-0.24247629474851617,0.21833711746604684,-0.6973771213728089,0.510596862420216,-0.6402434556677445,-0.3508608211276413,-0.48777768967830387,-0.6912797951928124,0.33017560583317423,0.2795883567032706,-0.5491809613237001,-0.7554699426776713,0.2854906985021607,0.7910003720626606,1.574970444619374,-0.3226428791058886,-0.2251422843358106,-0.5386866985732379,0.4915235665079157,-0.2914648825657315,-0.6883810976012716,-0.354708989765921,0.9495944900162845,-0.12038962408108012,-0.7153234551588263,-0.5708432913657452,-0.5065760642522873,-0.7248989742406267,5.090291781090638,-0.5825212856618235,1.134233363336822,-0.08018819290736831,-0.8724407772553341,0.4600988447241552,-0.19337197858562039,-0.6753935194689803,-0.5934318916786712,3.6434030952412786,1.0370539486419215,-0.12046993663421789,-0.27235018261241456,-0.05856231470160237,-0.12975611434586581,-0.055668494608519525,-0.4734548242517995,-0.3586605668743056,-0.08765668031478406,-0.4861065863028987,-0.6328614875211894,-0.21071902854022595,0.8389139931476741,-0.602406522723786,-0.7159175630197637,-0.7058481522497109,-0.2832040174675377,2.0870261107574994,-0.7131673775579299,-0.07446338307342275,-0.468715451687348,-0.4462744406724269,-0.017122381378216988,-0.6641114293129019,-0.37795707924491667,-0.5898412876687616,-0.1451287063973706,-0.7785409311448866,-0.2704016887956423,0.5423126624959236,-0.8075931738604872,-0.09665828847025136,-0.8438164588390366,0.009053767261429037,-0.7492856064173085,-0.5779449645973369,0.5195956116504796,0.021322659372559435,-0.030994394954946856
/Users/oksanagoncarova/Desktop/статьи написать/генерация статья/generated_docx_converted/11.docx,generated,11.docx,0.26578346340752257,-0.23715445270611257,0.5527573823579087,-1.2193673452733345,0.971748632370469,-0.8212770200654261,0.38652933558325203,1.7621257651723587,-0.2196498681817371,-1.2080390290155678,-0.5824375377189736,3.3118416530582198,-0.7362939273495652,-0.537117374043973,-0.10868180489587667,0.2764586342704875,-0.5059226723781194,0.7599501500883946,-0.27633840320468994,0.6739902046055338,0.4619584541451769,-0.8707680717869092,-0.48526633027666616,1.432538939005749,-0.9512838124383446,-0.10336389290244682,1.99731521163099,0.9201509159056793,-0.5665062711410908,-0.6220805201314874,0.5488242652509542,-0.3956018892896288,0.21961563030300021,-0.5222862036407411,-0.8683491633616259,2.571736288872598,-0.32231325603611727,-0.7981360276890014,1.3132607817650128,-0.0648676785182325,0.29235468458454866,0.7445590298816626,-0.31919285713903967,0.6878768261765764,-0.24205132640405438,2.4446200011539725,-0.29652044303458946,-0.8085585484970929,-0.3030270385137893,0.5739042328885711,0.562589818479276,0.914959325247794,1.1159613536641289,-0.5621528457924976,-0.6225406763413117,-0.9362356031816147,0.35200285424227923,-0.7037869205917584,-0.40456381408907494,-0.40883074348410736,0.6825608424086738,1.5481123939640153,0.2372992340960591,0.06289423990919632,3.318740381758996,0.7772687038469982,0.2078584915247677,0.6413053587136155,1.2082724423153304,-1.1026010621919193,-0.5234127973422562,-0.06917113038860974,-0.24099295874940757,0.141980214097073,1.2152971041811418,-0.1637942700395958,-0.24980160442712798,-0.4481142453338449,-0.26322551486094314,0.7235923158412134,2.032019962826248,-0.19647904725659776,-0.5523316798527136,4.168718494084904,0.8149133519102439,0.7751917795965428,-0.6839803657741793,-0.7419353106015817,-0.3429070602819301,0.11387693308456875,-0.9268549655369799,0.005443310812141256,1.5120917718457674,-0.5660430314340733,-0.5211358380616399,3.3802808332327428,-0.4572402579788321,1.369626446029088,-0.1506441370591563,0.4193202354244204,0.06475391954057495,-0.42361608696908715,0.052997313249827815,1.206580605031964,0.9390854127835834,-0.20639087410055384,-0.4671171773375868,0.5731308951951326,-0.6725910949317684,-0.24612873234308374,0.664196993413221,0.06853579088664724,-0.7834319621149233,-0.15094846421670452,0.2354442487691847,-0.21198106957979027,-0.37055638219573994,1.0030517607993703,-0.5548437018089665,-0.4374169050792894,-0.4276658368632992,-0.4924401694987043,-0.5298801904312286,-0.5565550832974588,-0.4396624156312707,1.3212469413984316,-0.7007555062540312,-0.6402434556677445,0.9318182871077367,-0.48777768967830387,0.5331392705142044,-0.11365934443241395,-0.5076414024160009,3.7892511151964543,-0.17922301433844937,-0.33285782806927805,-0.4405692900267722,-0.5658047895749363,-0.3226428791058886,-0.5126172033074518,-0.08289025618467981,0.044513079409624845,-0.2914648825657315,0.2801363384852885,-0.354708989765921,-0.5925466786510329,-0.1828871170136589,0.2491198599962073,-0.5708432913657452,-0.16137539185728683,1.383469887318062,1.1375998125314373,-0.3941237180372975,-0.1749409020575898,-0.17679539543201872,-0.5969804175593914,-0.7495166505504289,-0.8151941544654414,-0.6753935194689803,-0.4141505026201213,-0.4088049828033701,-0.4921065381863779,-0.34938239539734556,-0.056502200687600194,2.4428473433135847,-0.2161905982926838,0.26326469833136984,-0.4734548242517995,-0.3586605668743056,-0.8522128784833958,0.1449000262499253,-0.20297978090921542,0.026347372975151256,0.9798724254148754,-0.602406522723786,-0.4812877632725602,-0.3547891033465118,-0.2832040174675377,-0.4584335094861295,0.13304506655754478,0.12378071287330633,1.2722714087146538,-0.12767260804399325,0.4511996658207084,-0.3750552652663416,-0.37795707924491667,-0.5898412876687616,-0.2155249814399372,-0.49701152958740374,-0.2704016887956423,-0.6124354686926344,-0.46110879576260005,-0.14960554937209042,0.49174649643438306,2.851011747140003,-0.1700198984956514,0.09231399823489335,-0.42083331409952385,-0.553438319878907,-0.09279290531035829
/Users/oksanagoncarova/Desktop/статьи написать/генерация статья/generated_docx_converted/12.docx,generated,12.docx,0.234381930850992,-1.3133374165819687,0.6811540117139836,-0.2643541344523384,-0.8054125239621077,1.1743586891350113,2.898318768905999,-0.4816325340462365,-0.7924441344055729,-0.6784446200436718,-0.8996938716925981,-0.23999930815104487,-0.7596438204241582,0.08010011178884534,0.5881185672500129,-0.52324437127025,0.6485055986084324,-1.0732908756614243,3.834598416992751,-0.535263192168348,-0.49732468711937866,0.07304899858204993,-0.9616522062235205,-1.2336145497566082,1.248586305271424,-0.8896685398071914,-0.8870287409002332,-0.38744464055116556,0.8540258285874183,3.6405434245615274,-0.3598307018659164,2.227314879453697,-0.9321007507285137,0.47058293740457285,-0.4142501448222296,0.9917358948393077,-0.46258858091615446,-0.7348632517142282,0.34264990212661744,-0.7763004535920004,1.6734234255360865,-0.5198559025723106,-0.31919285713903967,-0.04094912995468443,1.2556050250350583,1.2882558462440263,0.8907904356986378,-0.33161244599977724,0.0888710021856314,0.13706305644999378,-1.0949705811857804,-0.46121420804821317,-0.24331673225486197,-0.260618886843182,-0.7226987148147205,0.14652280748957372,-0.7008808115943768,1.4492813258641957,-0.2578059676926795,-0.5738582398200799,0.25026959835248,-0.3974916989517305,-1.0356353016204265,-1.0684617041925872,-0.831703839758683,1.1634687704324727,1.7016541226757147,0.4941345007590609,-0.9859687122032763,-0.7223189378957259,-0.43947453275507653,-1.0069835670249103,-0.09998229943897599,0.1229431889366527,-0.2820886513275058,-0.1637942700395958,-0.24980160442712798,-0.5623019597378126,0.28098808450081403,0.16201461885337332,0.1746444806613685,-1.0493881160195078,-0.5523316798527136,0.21850272048451297,-0.32698835243456936,-0.9048368882599652,-0.6839803657741793,0.1438310154197416,-0.6176151302890514,-0.9291353031516743,1.6127814228097639,1.242461513318028,-0.3073771948537867,-0.7599959700576459,-1.0962260986590935,-0.14201998669881397,-0.6098198997095099,-0.6980484548860343,-0.1506441370591563,-0.3113828624713213,3.2988335706718157,0.3243400797263932,-0.8440587137687767,-0.2742290856106135,-0.15209246274556842,-0.27936190018297313,-1.0568157474130395,-0.5585938714942067,0.400439622545256,-0.6802222558010773,-0.675060584737967,-0.9737443925137791,-0.3642756923962181,-0.7363262304761065,0.467697185285116,1.9161034360230922,-0.12207721709394422,-0.913535245090684,-0.5548437018089665,-0.605698349662719,-0.5819883729907089,-0.4924401694987043,1.8990841200842319,-0.7976980172368612,-0.9448602950389028,-0.07807666349552478,-0.27033468499800045,-0.6402434556677445,-0.3508608211276413,-0.11860408841018717,-0.6912797951928124,-0.45442626659982593,-0.7260180068101599,-0.5491809613237001,1.3659948301989664,-0.2250061728476348,-0.11236592878843496,-0.18657312770216838,0.4744328362268567,4.142111682149879,-0.16579250702832468,-0.10746519212810522,-0.2914648825657315,-0.6883810976012716,-0.354708989765921,-0.853600130263927,-0.08900484154650072,2.2435245923187725,-0.5708432913657452,-0.5065760642522873,-0.7248989742406267,-0.7719636252888739,2.191836604022545,1.2557938276183067,-0.8156072495245584,1.1557850428912009,-0.7495166505504289,-0.8151941544654414,-0.6753935194689803,-0.5934318916786712,-0.4088049828033701,1.15500523834163,0.3375863968854214,-0.27235018261241456,-0.5969470920646137,-0.08635073350785494,-0.32789071854293134,1.9267939401830947,-0.3586605668743056,1.5927636923310375,-0.4861065863028987,-0.10532207560636425,-0.21071902854022595,-0.8040413439418215,0.23169394555051376,-0.7159175630197637,0.15577252784560244,-0.10097660920281956,-0.7684835031659645,-0.7131673775579299,-0.7288319676966448,-0.468715451687348,-0.4462744406724269,0.7018924753995736,0.04533266400888734,-0.37795707924491667,-0.5898412876687616,1.0327039114926915,-0.7785409311448866,-0.2704016887956423,-0.6124354686926344,0.8931925283273066,-0.4997175184791023,-0.02433276697293013,-0.7432843691516248,1.383292864817206,-0.5779449645973369,0.5988427599565418,0.05923830282689379,3.937484055316838e-05
/Users/oksanagoncarova/Desktop/статьи написать/генерация статья/generated_docx_converted/13.docx,generated,13.docx,-0.6914862381167887,0.673235051310211,-2.098791080638197,0.11563344103852599,0.10290291142345122,0.8367446357817775,-0.006093359767918006,1.1559286776799331,0.2609607143986154,-1.1556536515167406,4.340327174172241,0.25873081467634146,0.8285911529883282,3.060976940336045,0.8376356922470185,-0.9301494974298596,-1.250012740661783,-1.26438387110937,1.6497706920686137,-1.143571356842029,-1.322370180469175,0.23618911698581666,-0.05356785608163602,-0.387564502974434,-0.4493064816549984,-0.4525127252291751,-0.09918439458048216,-0.38744464055116556,1.1719235917886794,-0.445850307073082,0.6937490667414629,-0.4450949645750903,0.34852124405328655,-0.06632580930300461,1.1889148711493651,0.4862507780596676,1.7649654329554505,-1.0766579203933397,0.8942201850096506,-0.7253624406168666,1.4383783146819498,-0.4037918332925352,-0.31919285713903967,0.11251829914745545,1.113663436808955,2.482534637989239,-0.4618574495898806,0.7654087973003768,0.023181893123499112,-0.6221989251915192,-1.0949705811857804,-0.05598562047967242,-0.24331673225486197,0.09503397888305974,-1.1732094114869465,-0.7787973079536521,-0.6390888318682021,0.7870175900879653,1.19417580935738,-0.5738582398200799,-0.5010842673345172,-0.3974916989517305,0.9863753640062692,-1.0684617041925872,-0.4471220215748414,-0.45017985642659963,-1.1455532923560139,-0.7275956506834029,-0.9859687122032763,-0.6372164353037121,1.1613216701748723,-0.4855951188286968,-0.3379510239826843,-0.9005018574867075,0.33457073434131096,-0.1637942700395958,-0.24980160442712798,-0.24488158392312168,-0.18409423268482358,-0.40965322169748564,0.2836507382963235,0.13607530513586785,0.6386713085302494,-0.853304877307716,0.45308022841311457,-0.3210664122568812,0.8579737851118303,-0.338604271336414,-0.6176151302890514,-0.9291353031516743,-0.4142229357580535,-0.8451228248249796,-0.3073771948537867,-0.7599959700576459,-1.0962260986590935,3.726295002986364,-0.6098198997095099,-0.6980484548860343,-0.1506441370591563,1.3778703816980162,2.211317440838175,2.6361681203923735,-0.8440587137687767,-0.18732284387516146,-0.5070158824261367,-0.27936190018297313,0.5824353988926968,-0.5585938714942067,0.5791356625073052,-0.6802222558010773,-0.675060584737967,-0.9737443925137791,1.1155263780852076,-0.19391285576963765,-0.7869153121634443,-0.2807139567010828,0.8834064378544197,2.892001546840582,-0.5548437018089665,-0.605698349662719,-0.5819883729907089,-0.4924401694987043,3.447811502685214,-0.7976980172368612,-0.9448602950389028,0.705471713937536,1.2492361015738844,1.902586052040414,-0.3508608211276413,-0.48777768967830387,-0.12400399846330383,0.9664756894144148,-0.11897210701481835,0.898022090980519,0.04545911308921363,-0.8076125180737811,-0.06884366218186669,2.7977200964786295,4.416920772592495,-0.11978234505229272,-0.5386866985732379,-0.01681488539851633,-0.2914648825657315,-0.6883810976012716,-0.354708989765921,-0.853600130263927,0.5526425267022641,-0.7153234551588263,-0.5708432913657452,0.4530168983974467,0.7403182776441722,-0.7719636252888739,-0.5825212856618235,-0.7084944693805171,-0.8156072495245584,-0.8724407772553341,1.441078457170985,-0.8151941544654414,-0.6753935194689803,-0.5934318916786712,-0.4088049828033701,2.1273223406225634,-0.5251364543595959,-0.27235018261241456,5.253092349247472,0.80105220936292,-0.32789071854293134,-0.4734548242517995,0.3454769259964313,0.993919851384405,-0.4861065863028987,-0.6328614875211894,-0.21071902854022595,0.18774762748281226,4.593490481402537,1.2407626175538962,-0.7058481522497109,0.12958028487579717,0.09339718188762934,-0.7131673775579299,-0.7288319676966448,-0.468715451687348,2.6535117221048568,-0.6523307978831814,-0.6641114293129019,-0.37795707924491667,-0.07676953280218866,-0.6810179654612449,-0.7785409311448866,-0.2704016887956423,0.7817186332866243,1.1187296724076279,-0.4997175184791023,-0.8438164588390366,-0.7432843691516248,0.055839269165044156,-0.5779449645973369,0.7686534405923173,-0.553438319878907,-0.5014334615900439
/Users/oksanagoncarova/Desktop/статьи написать/генерация статья/generated_docx_converted/14.docx,generated,14.docx,0.8849916672826632,-0.33852915944652134,0.391682015616923,-0.8917265526141624,0.7762387558034997,-0.5550703820366633,0.5565492196611608,1.6389898493597086,0.31120563761165226,-0.4135058633974629,-0.3101889282742227,0.7147720153707271,-0.7850624460738326,-0.41978508912363516,0.949661801485595,-0.6446603528835411,-0.25213156630300754,-0.4866859652968198,-0.6662669579782349,1.1487001250130608,0.04318499291882779,-0.7598344971459827,1.2236702840265072,0.9663786185790295,-0.20141614172622607,-0.627867304743332,3.390242869730641,-0.38744464055116556,-0.4592220876679522,-0.0708097741108076,-0.11551190816594055,-0.4450949645750903,0.47393972566393006,-0.14423036123099248,-0.6630088525286195,1.8831855646077056,-0.09494512543557011,0.778027176263681,0.6657309793724759,0.40286418009744573,0.4155603620387079,0.18801654737303844,-0.31919285713903967,-0.32604573779849205,-0.8908679091911011,-0.17063150607515234,0.2109659621777924,-0.9305804137721969,-0.2981451729528002,4.249142328088322,-0.359121167885244,0.2323133106489728,-0.24331673225486197,-0.539379812658306,1.882556050828517,-0.4437483902553097,-0.5347237916248265,-0.031939528567290515,-0.33360662060248175,2.9976406244829867,-0.4109685884743705,-0.3974916989517305,1.386223778919806,0.6057007333061141,0.5501923852405062,2.8507459681560925,0.356514546806813,-0.3132524587654159,1.6706700880019318,0.08691959595953494,-0.6878656782547271,0.2420002976189626,-0.2841471509601094,0.4878816142219483,-0.2820886513275058,-0.1637942700395958,-0.24980160442712798,-0.30884222859538263,-0.3535545455001022,0.33400685210346726,0.2819034527155837,-1.0493881160195078,-0.5523316798527136,-0.36864118877622404,-0.10713988783308016,0.2605129062898499,-0.6839803657741793,0.037471419230616095,-0.4651744015948586,0.6914691694767923,-0.8952187690416419,0.5708631145298244,-0.3073771948537867,0.3162857458523012,-0.7770975838392106,0.19828485807491997,-0.6098198997095099,2.2225859746742573,-0.1506441370591563,0.5769594920712676,0.531858715289385,-0.08173815170048578,-0.34626527641293714,2.033915304069389,1.5794037539694914,-0.19837588190343314,-0.0751109173012576,-0.41903485355530007,-0.33776060812033687,-0.6802222558010773,0.06811889709267042,-0.3953633108915355,-0.7834319621149233,-0.08665173603807398,1.1987283115641614,-0.10912147817313535,0.7859230071562123,1.5174374475977677,-0.37736246800562584,-0.045402919593749695,0.2743767079691767,-0.4924401694987043,-0.5062110199190454,-0.5300684236233563,-0.6645163908002543,-0.13729069384175266,-0.5061223059665846,-0.6402434556677445,-0.3508608211276413,0.3469105494591115,-0.23831085596312582,-0.07623018427336992,-0.24129269527859723,0.9916052200048007,0.5236115442483456,0.7730898812418836,-0.4405692900267722,-0.2477652829511386,-0.3226428791058886,0.001546273209488129,-0.5386866985732379,1.0636454453530444,-0.2914648825657315,-0.1509323662762722,-0.354708989765921,-0.2741460444633586,-0.3668224264118766,-0.7153234551588263,-0.5708432913657452,0.06809917602283494,1.9075424120229647,-0.06552826418822141,-0.5825212856618235,1.0679796166844011,0.2478592645880121,-0.5667244001767473,-0.7495166505504289,-0.8151941544654414,-0.4255011268488638,-0.5934318916786712,-0.24603355335471766,-0.7509626217066395,-0.5251364543595959,-0.27235018261241456,-0.07791949160402595,-0.47057445917145735,0.1969786820101819,-0.4734548242517995,-0.07753415970485494,-0.48367927051591003,-0.3110278057160869,0.5598861555774228,-0.12301726087834074,0.38387183933505614,-0.602406522723786,-0.19511542355718414,1.2422452265908388,-0.2832040174675377,-0.4243782355853021,1.4782030015600178,1.1636919514823303,0.8194268085178997,-0.4462744406724269,-0.6523307978831814,0.6191106407096786,-0.37795707924491667,-0.5898412876687616,-0.6810179654612449,-0.7785409311448866,-0.14640270376556855,-0.05582040743224695,-0.4230516416293671,-0.11114994786606545,1.0090067046156435,2.8831578529895276,-0.7492856064173085,-0.5779449645973369,-0.10265170875934662,0.5547535326486142,0.4056161809146077
/Users/oksanagoncarova/Desktop/статьи написать/генерация статья/generated_docx_converted/15.docx,generated,15.docx,0.5468545000573658,-0.35827846261355606,-0.4346354629774287,-0.43544500072470693,1.4564772170111542,-0.8086877804909952,1.9059459284062144,-0.3744561529061006,-0.44828535584496004,-0.8079095361799503,-0.882802346436732,-0.06903861190380291,-1.0740874082803658,0.7527339416390046,0.3988475763365298,-1.3362481419361207,0.6223690601956348,-0.7487706688535574,-1.0885983116387505,-0.5964525399704943,-0.6130965281427782,1.0557963558596024,-0.5248392583785477,-0.9517577286355416,0.9517007293185769,-0.5425204450086959,-0.9200790484490857,3.4943628468928774,-1.1838987372810732,-0.5751952305739626,-0.4792194713207488,-0.22658644044642823,-0.677863319347962,-0.6021704085572711,-0.4599276885338545,1.0935072193511945,-0.5260562806382326,-0.7692441692709483,0.5075046271925227,-0.12396573217349478,2.5471810386345055,-0.6078961980121445,-0.31919285713903967,0.5365664057072654,0.24363765409524316,-1.052808594218704,-0.09688169209376052,-0.3918622690841542,-0.34747308791977327,0.3800581469522819,0.0027316968478095227,1.234971215449794,0.4840916655964581,-0.08296536767057291,-1.1732094114869465,1.3340054431262607,-0.7477530622802541,-0.038665515048084784,-0.6940656232267045,-0.3917119776559358,1.5763796837468178,3.343187715941707,-1.0356353016204265,-1.0684617041925872,0.38989121650779074,0.203068405905934,0.9884538369850554,-0.17817712088933618,-0.5456312660134021,-0.7868733647512014,-0.07726658673481561,-0.5929458248620234,-0.23093522624583784,-0.44025319122677203,-0.2820886513275058,0.009991326176604937,0.041882613463563374,-0.5623019597378126,-0.4661751611527421,-1.156115108189737,0.8312923528440732,-0.578696254692393,-0.5523316798527136,-0.3713073151571439,-0.9435384509457813,-0.9048368882599652,-0.07174277462670882,-0.4683062025989383,-0.3144108204069282,0.9127956180821845,0.056733838929990635,0.563073800914513,-0.13275044752452908,-0.3318515263691468,-0.4614801096538884,-0.5627877258890048,1.74788029310017,-0.6980484548860343,-0.1506441370591563,-0.3822475447001058,-0.4757229635306884,-0.9379061637386741,0.1460514551488106,0.2492894715174385,0.4506497847433967,-0.27936190018297313,0.8957932309861115,-0.5585938714942067,1.4768950201932505,-0.6802222558010773,-0.30551495241707444,-0.9737443925137791,1.8555232086916833,-0.7363262304761065,-0.2227094169454179,-0.45937497748212436,-0.5414091334477708,-0.30913525636824085,-0.5548437018089665,-0.605698349662719,-0.5819883729907089,-0.4924401694987043,-0.7453718111734436,-0.26538328133447936,-0.9448602950389028,0.4166336826201996,-0.7007555062540312,0.1674671038730318,1.7083901108434545,-0.15573903612124332,-0.24080263008855438,1.0500362628591293,-0.7260180068101599,-0.5491809613237001,-0.7554699426776713,0.7643944652927992,1.0353786350705831,-0.25094923431763017,-0.3226428791058886,-0.24610894732858407,0.13208328527454705,0.43860741249277024,-0.2914648825657315,0.38060337311273507,-0.354708989765921,-0.853600130263927,-0.596149671906592,-0.18307959027267917,0.6626885339198251,-0.5065760642522873,-0.1431300025197665,-0.7719636252888739,-0.5825212856618235,0.46930668630522154,-0.1105296471096493,-0.8724407772553341,-0.7495166505504289,-0.8151941544654414,0.31867743647839053,-0.5934318916786712,-0.4088049828033701,-0.17954671710277728,-0.1371654118252453,-0.27235018261241456,-0.08077465325685436,-0.7877356953935943,-0.32789071854293134,-0.11365329040821914,-0.3586605668743056,-0.8522128784833958,-0.4861065863028987,-0.15838694375968262,-0.21071902854022595,0.7711299812048854,-0.602406522723786,0.8378940852864708,0.06910262839397169,-0.11930675321687373,-0.08405880198981011,1.154817499078902,-0.7288319676966448,-0.468715451687348,-0.4462744406724269,-0.04332940838529809,-0.026029885260416424,-0.37795707924491667,-0.18240788233070904,0.34654179258657686,-0.7785409311448866,-0.2704016887956423,-0.6124354686926344,-0.042740821737135566,-0.4997175184791023,0.6302881939558691,0.6993129218879439,-0.10993103920633228,2.3812022677731695,0.4700330207772687,-0.553438319878907,0.4006265168693955
/Users/oksanagoncarova/Desktop/статьи написать/генерация статья/generated_docx_converted/16.docx,generated,16.docx,1.8944275144280678,-0.37673708023761604,-0.6595323223664465,-1.4255768093665724,-0.411551893190489,-0.10092526721616482,-0.30547685882137693,-0.8745199523029581,-0.8468792425216326,1.0751925739207315,0.736674186871515,0.4548234615546486,0.5515006275528916,-0.6864504363901119,-0.31428158034017833,1.1146315486010572,-0.4009134822022568,-1.1081095350678025,0.012909269542978346,-0.8119249619538413,-0.001115078219655947,0.8549744369902877,-1.2188685302090494,0.14484760262307217,-0.49603347645669393,-0.2583774349396166,-0.409497958322019,-0.11594108006129035,2.0509535063202375,-0.8472637699026175,0.7180828822592703,-0.4450949645750903,-0.7009345260541643,-0.6568731092282871,0.6170851395132266,0.33439910945644113,-0.8355504672608921,-1.0766579203933397,0.10092247502541751,-0.21802110257360818,0.19402483581242908,0.036435518219848126,-0.31919285713903967,1.0100936303269865,0.795086197824817,-0.4146406170579098,0.31247184894452207,-0.4407491603848912,-0.16905371988632004,0.5798228089211684,-0.4295776318954419,-0.519572549264379,-0.24331673225486197,-0.561412106591413,-1.1732094114869465,1.9018021474571347,0.7385008385898254,0.5880684024764391,0.5702313795103554,-0.2426240581782459,0.6884177733349929,-0.3974916989517305,0.059349573843547755,-0.6899957226537151,-0.831703839758683,-0.24031561546667773,-0.3694120784691941,0.5213058840842818,0.21516612225892104,0.7352300624713938,1.3319565892387781,-1.0069835670249103,0.14857131478164964,0.7734286257309212,-0.2820886513275058,-0.1637942700395958,-0.24980160442712798,-0.5623019597378126,-0.058825710324829826,-0.617137090111552,-0.6473765890410336,1.5184806665689319,0.7376024249286198,-0.4150470010400468,-0.9435384509457813,-0.9048368882599652,0.1510382137919046,-0.05885357730210586,-0.06623608873849517,-0.9291353031516743,0.5194489602599254,-0.8451228248249796,-0.3073771948537867,0.018587530612043424,2.3666432304261096,-0.5627877258890048,0.6151782099624412,-0.6980484548860343,-0.1506441370591563,0.7125128187367268,-0.5361226098305871,-0.4217786804783063,-0.8440587137687767,-0.9295929458619132,1.8150125781635618,-0.13289844018617736,1.3104058079166443,-0.5585938714942067,-0.947115216123778,-0.6802222558010773,-0.0030394098493127662,-0.4507424212433616,1.2732640751543505,-0.7363262304761065,0.7521029121986965,-1.1484473496166372,-0.19848281814448068,-0.913535245090684,-0.5548437018089665,-0.605698349662719,-0.5819883729907089,1.5061728297627828,-0.312848793906647,0.6543287811249414,-0.9448602950389028,-0.1909181188429399,0.0032339613094231,-0.27303670789509793,-0.3508608211276413,-0.48777768967830387,-0.6912797951928124,0.22954249679300015,-0.7260180068101599,-0.20086640032491168,-0.7554699426776713,-0.3311616698341781,-0.4405692900267722,0.22019374688943663,-0.3226428791058886,-0.7333342587796998,0.9860628627813643,-0.7910632141448923,-0.2914648825657315,-0.20239226623879453,-0.354708989765921,-0.853600130263927,-0.596149671906592,-0.7153234551588263,-0.5708432913657452,-0.16014209184873027,0.8620271061769392,-0.7719636252888739,0.17376134021498005,-0.17303467280670412,3.0309575910883972,0.23333721543620284,0.30495344893866894,-0.2731269486252259,0.22846878238384527,0.12625574228412467,-0.4088049828033701,-0.7509626217066395,-0.5251364543595959,-0.27235018261241456,-0.1276155962569154,-0.7877356953935943,-0.32789071854293134,0.5079973768542156,-0.3586605668743056,-0.8522128784833958,-0.4861065863028987,-0.6328614875211894,-0.05211011539107876,-0.08792647747194494,1.1028953456933916,-0.2449814376250553,0.7034049643906408,0.014844240851819086,-0.14616808176785342,-0.14701023678851988,-0.7288319676966448,-0.468715451687348,-0.4462744406724269,-0.6523307978831814,-0.08393367668211393,-0.37795707924491667,-0.5898412876687616,-0.21386191254382686,0.35159996056639486,-0.2704016887956423,0.394204559924758,-0.8075931738604872,-0.14835470275148666,-0.17364919528722605,-0.08744119199983802,-0.7492856064173085,-0.5779449645973369,-0.6817071861811528,0.9496879281099228,-0.5014334615900439
/Users/oksanagoncarova/Desktop/статьи написать/генерация статья/generated_docx_converted/17.docx,generated,17.docx,-0.10266504571124563,-1.2920277230668875,0.04615466930615135,0.4812067935224678,-0.4800577925976231,2.137861960558678,-0.11940792141719977,0.6155000867348084,2.2121018162556565,-0.23544088095213628,-0.34857436868606534,0.5561301346122689,-0.43303149884426356,-0.7557572611528995,0.6034499773016334,0.2552207574065509,0.29732709116543965,0.08416625708373039,0.6006401683929543,2.331594995935912,4.0082648423524345,-0.8914255880915117,0.33700418224074297,1.0814135618244891,-0.029150242629765424,0.3749642191014436,1.9312197727512315,-0.38744464055116556,0.06795408098522554,0.04429577829139724,-0.15073274831593544,-0.38386349640646605,0.0653094761035788,-0.19144955178141218,-0.41055015281915586,0.6617809765062481,3.0410981919488216,0.4739503089522622,1.022192772630764,0.5822243067320884,-0.3247158474174427,0.36965139637112654,-0.31919285713903967,2.6908609699930066,0.0021839385256433416,0.12726110501476653,-0.4618574495898806,-0.7796183263210773,-0.127523380311037,0.14700170992679656,-0.47976417343517774,0.5100774028386539,-0.24331673225486197,-0.5129791977266244,0.4164256673016633,-0.590692866214283,-0.22731119333375718,0.10834247577845782,0.3480791323893096,0.14072789989677267,2.2882695010753977,-0.3974916989517305,1.43911250214235,0.5645010741142007,0.7087407079061255,0.5495008147642948,-0.42795168775266373,-0.5736350518807273,0.4947520108355655,-0.07009902450053086,0.021342565653933984,-0.07879501489582212,-0.3379510239826843,0.9051202498510488,-0.2134766375399767,-0.1637942700395958,1.466677477841976,-0.5623019597378126,0.7892433731649486,0.5049721772108796,1.010061181096644,-0.7855892199443025,-0.2873000745320829,2.3883171328394925,2.47511711620106,3.771754694219706,-0.3408522729597524,0.15289467699383252,-0.6176151302890514,0.10317348225686368,-0.5022053912804108,-0.05590009579899226,-0.3073771948537867,2.359395996344907,-0.7404831913659319,1.3460949420381303,-0.6098198997095099,0.23215895584377344,-0.1506441370591563,-0.30564265106235855,0.723825216208869,0.6527575949551927,-0.2891522218297192,0.39181456447961965,-0.5070158824261367,-0.27936190018297313,0.03752247104673578,-0.4030229072117259,0.7510531530203639,-0.6802222558010773,-0.4679490158640028,0.6381059902057747,-0.36086041338727903,0.22929141346291435,1.42654604509468,0.39631300015859755,0.09271380634560673,0.7801423273587964,-0.15915552497015995,0.018881140980117905,-0.20014119925638255,-0.4924401694987043,0.32102935626083423,2.782326654522386,-0.9448602950389028,0.5513158960956813,-0.4837915644229247,-0.6402434556677445,-0.3508608211276413,-0.48777768967830387,-0.4388102102577019,0.3887486150282386,-0.4558484927193462,0.7389922906942814,-0.39901153666470623,-0.513935811572427,0.7175021605616176,-0.8265621563597865,-0.3226428791058886,0.08586090812830922,-0.35072043465641195,0.5872727227821509,-0.2914648825657315,-0.08926956314473183,-0.354708989765921,-0.20766386461264372,1.9602355223110894,-0.41702778545276054,-0.5708432913657452,1.4152513303343686,-0.7248989742406267,0.8030091991513387,-0.5825212856618235,0.6117010563716102,-0.4204470429299881,-0.5316488149624897,-0.42453737192567825,0.1871705950259239,-0.11826720744826702,-0.14982790853357852,-0.4088049828033701,-0.430713012101524,0.12717777372887956,-0.27235018261241456,-0.307658640894002,-0.08063585934142185,-0.32789071854293134,-0.4734548242517995,0.26810088350744254,-0.8522128784833958,-0.4861065863028987,1.2285707954806264,-0.21071902854022595,0.5201640147341429,-0.602406522723786,0.7354700333023999,0.1627930002445293,-0.2832040174675377,-0.7684835031659645,0.6827135623351147,-0.025612700363166794,-0.2293931246977362,1.1303871719296785,4.467384692995854,0.4087255204428187,-0.37795707924491667,-0.5898412876687616,0.7587197488261956,-0.08194010403634726,-0.2704016887956423,-0.6124354686926344,0.0497286654497661,-0.0665686432438694,-0.017655626123107133,1.2779720202426184,-0.39095982497006454,0.8040982172243873,-0.35896122420040155,-0.2446039685524199,-0.5014334615900439
/Users/oksanagoncarova/Desktop/статьи написать/генерация статья/generated_docx_converted/18.docx,generated,18.docx,0.34675531416965905,-1.0242411280126433,-1.711225745451386,0.2670345182419903,0.8587673155443589,-0.13452221324588137,-0.13013415357291788,0.12326334840557235,0.28386561562126994,1.620634757541523,0.715003805056942,-0.2366459233439632,1.132944966452899,-0.6661155071015319,0.25072828863231295,-0.00985077801294855,0.4098298870583794,0.8440870019773192,0.8229479882871168,-0.7367885964160705,0.08343847759075329,-0.8046205958602637,-0.7028578679804118,2.3067004211715987,-0.22261697555918447,-0.6960901214763038,-0.5564464612620982,-0.38744464055116556,0.059834488755752514,-0.7958813906435035,0.8343431045723965,-0.4450949645750903,-0.9321007507285137,-0.5326970878000616,0.7258726977375738,2.0331364138726893,0.4886873355201306,-1.0766579203933397,1.3447642748401607,-1.1604262902440357,-0.32725891446075495,0.799722608931791,-0.31919285713903967,1.123455653749411,-0.8492992308511305,-0.27006005430938623,-0.4618574495898806,1.4726407575355487,0.09020948098963573,0.9564779271975822,2.169595352317563,-0.7814985160169347,-0.14191147521434877,-0.5142718468634206,-1.1732094114869465,-1.3400208755873415,-0.6994514370976893,1.909609410732565,-0.6529773543179431,-0.5738582398200799,-0.14961654275125247,-0.3974916989517305,0.7551112168859503,-0.6042521150921039,-0.831703839758683,-0.9227542815648311,-0.19357289898650964,-0.11485675571149234,-0.4948824718206163,-0.07661996643918821,-0.8929025812654376,-0.5452280657959236,-0.3379510239826843,0.1260825909195465,-0.2820886513275058,-0.1637942700395958,-0.24980160442712798,0.8432777499937611,-0.21635677533606232,1.4882310313384661,0.5894373210480102,-0.5244491208058764,-0.5523316798527136,0.22179047385197384,0.29334426201842917,2.197179234445292,1.0230142326814655,-0.41065324683289445,-0.6176151302890514,0.09797122501225444,0.2032871604444853,0.20187116071606873,0.8611374553292827,-0.7599959700576459,0.3195745516636472,-0.5627877258890048,0.14144427841752588,-0.6980484548860343,-0.1506441370591563,0.397433785071098,-0.3990144290425881,-0.9379061637386741,0.26016143517743706,-0.9295929458619132,-0.5070158824261367,-0.27936190018297313,-0.33093350230263346,0.060554024041941656,-0.947115216123778,-0.6802222558010773,-0.26292489926177437,-0.9737443925137791,1.3187781636215277,-0.25595049415631094,-0.7869153121634443,0.38852827446954613,0.2998272877037709,0.43457866489934044,0.2325445589381941,-0.605698349662719,-0.5819883729907089,0.052317624340316275,0.8461688443871576,-0.7976980172368612,-0.9448602950389028,-0.07617696883945947,-0.7007555062540312,0.26055556888583825,-0.3508608211276413,-0.48777768967830387,0.313509324167693,-0.45442626659982593,-0.7260180068101599,-0.5491809613237001,-0.7554699426776713,-0.8076125180737811,3.5099521501549313,0.45734221401469893,-0.3226428791058886,-0.7333342587796998,-0.5386866985732379,-0.7910632141448923,-0.2914648825657315,-0.6883810976012716,-0.354708989765921,-0.853600130263927,-0.596149671906592,-0.7153234551588263,-0.5708432913657452,-0.0816555170316229,-0.7248989742406267,0.011554297123812982,2.2003469042976507,-0.7084944693805171,-0.8156072495245584,-0.8724407772553341,-0.7495166505504289,-0.15031855887089135,0.43324389634436716,-0.5934318916786712,-0.4088049828033701,3.709937615154801,-0.5251364543595959,-0.27235018261241456,0.554375306503088,-0.08419924589470847,-0.32789071854293134,-0.4734548242517995,2.7593540542732824,-0.8522128784833958,-0.4861065863028987,-0.10370385655141078,-0.21071902854022595,-0.8040413439418215,1.0709115946117727,0.4393411705295692,0.15841553606675374,0.08236875862180486,-0.7684835031659645,-0.018744136097115352,-0.7288319676966448,-0.468715451687348,-0.4462744406724269,0.026857868318445735,0.04750887288410758,-0.37795707924491667,-0.13545127163662143,-0.10802506795210676,-0.7785409311448866,0.004656533037062925,-0.6124354686926344,-0.8075931738604872,-0.4997175184791023,-0.8438164588390366,-0.7432843691516248,-0.036245565421719285,-0.5779449645973369,1.887248840733118,-0.553438319878907,-0.5014334615900439
/Users/oksanagoncarova/Desktop/статьи написать/генерация статья/generated_docx_converted/19.docx,generated,19.docx,-0.8584473391683197,-1.2891213709733647,0.6875632114958117,0.9014651179778536,0.19451467335142977,0.6623576520217852,-1.0640856177851008,1.6132781745309195,0.13559206738363172,-0.10523946231817133,-0.5664292673112431,1.819156391164663,0.23737045344755126,-1.0173290580498293,-0.2960245243645826,3.105497475943874,1.3868817603698904,-0.4072177598408071,1.82686077772754,1.039328723797682,-0.22853639165563905,-0.5265246118374933,2.2424375579912774,-0.16202357856360086,-0.875432577607775,1.880441281904495,0.4056033847509588,1.3995946676467432,-0.10949051036041793,0.9163210310625771,-0.6594029592406857,-0.39060699731000653,-0.17133148222351136,-0.002435201038774457,-0.8683491633616259,0.9337001155630362,0.46307641313756204,2.1429634648185387,1.0987897954631123,0.39030393920306977,-0.15576319110675302,-0.4136019596568638,-0.20984325098421425,0.7051869943684004,0.8066298251687096,2.0975126898607726,-0.4618574495898806,-0.5275711021228527,-0.10281513616314207,0.7410909578023225,-0.5475176520077505,2.3791672062423,-0.24331673225486197,1.1707000420500013,0.03927616721114313,-0.22868163378086878,-0.5398026584367955,0.9689572793760295,0.7274529966892248,-0.3921759990958993,3.1942466876639948,1.6753693873164341,0.7661652077409278,0.17707184351735197,0.08215842308616587,0.38735945396927807,-0.5069820819888156,0.0944326610896129,0.9905018355096514,0.3631300030554893,1.751161388854652,0.8514398082917515,-0.3379510239826843,1.6244170944919119,-0.2820886513275058,-0.1637942700395958,0.04113954177385559,1.0719495655961817,-0.019312095165155738,0.32203448283597297,1.5649764133679005,-1.0493881160195078,-0.5523316798527136,2.031313101935567,0.7158186043066163,0.019952554814487284,-0.5313108900275291,-0.7190651517138257,-0.31518323977366686,0.21913879897946673,-0.2635994480199109,1.2617909979304631,-0.3073771948537867,4.364648870329093,-0.1465326583191481,0.5696489055117557,2.749742817292049,-0.07722660713117585,-0.11661420858018476,-0.06785386673332053,0.18647093116501806,0.19447935509006953,0.3904260892369354,0.5402560411214543,-0.5070158824261367,-0.27936190018297313,0.5662131408310779,-0.1432806740769549,0.2618022934640798,2.1871938697568387,0.43075203637510967,0.4605908197005051,-0.7834319621149233,0.3377649220633538,-0.7869153121634443,-0.46113040386616283,-0.5414091334477708,0.2921852889470334,0.50148787433743,1.9880057811183713,1.1169808763994302,-0.4924401694987043,0.9153029835175903,-0.5322186907874075,0.1675056412778039,-0.14179070237178854,-0.507686084373754,-0.036003780761431806,2.473395980779611,-0.48777768967830387,2.678691942580076,7.7990380704966755,-0.2451872157122233,-0.3581301174601671,1.1477371375161847,-0.546278807663699,-0.14613170669361367,1.182950719631006,-0.3226428791058886,2.9115464515174483,-0.5386866985732379,-0.48442871044188895,-0.17275826282196202,-0.1552504924734748,-0.354708989765921,-0.5662008962523184,-0.596149671906592,-0.7153234551588263,-0.365778395203241,0.06348195382975629,-0.14461207123079353,0.6295554019074824,6.884269084105982,1.3474067248720238,-0.4639665483397761,0.34059963095301876,0.11805001860594534,1.8607249092854636,-0.6753935194689803,-0.39605724074178444,-0.4088049828033701,1.5288782204910163,-0.5251364543595959,-0.27235018261241456,-0.5969470920646137,-0.7877356953935943,-0.32789071854293134,-0.4734548242517995,-0.3586605668743056,1.341222892864532,-0.4861065863028987,0.5503030371437476,-0.21071902854022595,0.3743275633181342,-0.602406522723786,-0.7159175630197637,0.45361671355756267,-0.2832040174675377,1.2795598413294065,1.1500587682546262,-0.4159455584313769,0.17018089567292669,0.9567473862580375,-0.34860582506873633,0.2905725975028392,-0.37795707924491667,0.01975190256365688,-0.6810179654612449,-0.15865765544434238,-0.2704016887956423,-0.06029252530637504,-0.4261412365385334,-0.4997175184791023,-0.4762291238044456,0.3359073138865006,0.8450288885385354,-0.33197756939245937,-0.6817071861811528,-0.0037942715255548016,-0.051552480759302445
/Users/oksanagoncarova/Desktop/статьи написать/генерация статья/generated_docx_converted/2.docx,generated,2.docx,0.7502764606198039,-0.16231449947447443,-0.4975276175248927,0.5465926363293677,-0.4107078125103071,-0.5673716011446797,-0.6516394793252118,-1.0775033702429833,-0.18621342022104168,-0.42778343198323726,1.5093948754100692,-0.2836504146709429,-0.6089036489539891,0.6600604058915315,-0.6037514316461867,-0.42765138878143033,0.1734558212482248,0.7903988256861564,0.05427963314313963,-0.32594517425949476,-0.8747745660633428,-1.1571979390821758,-1.2188685302090494,-0.6379494455727635,-0.2152287294431563,-0.8896685398071914,-0.7739694402884171,-0.23869958950180942,0.06783581839575643,1.1624891972485136,2.175644364283779,0.8610804761940111,-0.552162839475722,0.14629372082128964,-0.8683491633616259,0.3149083621607807,-0.24547672102158496,-1.0766579203933397,-0.5382176253703193,-1.1604262902440357,2.871021246611794,2.7223513434312423,-0.31919285713903967,-0.16123271278071208,-0.13945636089263244,-0.5283716687715334,-0.4618574495898806,3.4973157872089415,-0.34747308791977327,-0.5362089105378655,1.0922694247609692,-0.7814985160169347,-0.24331673225486197,-0.08551848711265657,0.03785222642582521,-1.3400208755873415,0.08577875800070213,0.5625325069799915,0.01498670050495847,-0.3016549296569873,0.6656185949591904,-0.3974916989517305,1.3639440026846534,-1.0684617041925872,-0.831703839758683,0.1988815530850404,-1.1455532923560139,-0.7275956506834029,0.3301308774070936,-0.5014895752373413,-0.8929025812654376,-1.0069835670249103,-0.3379510239826843,-0.2126963051487535,-0.2820886513275058,-0.1637942700395958,-0.24980160442712798,0.19108216183763096,-0.4661751611527421,-0.2702669152356327,-0.6473765890410336,-0.34597602730693766,-0.5523316798527136,1.3076178396738567,-0.9435384509457813,-0.9048368882599652,-0.6839803657741793,-0.9685497199301623,-0.6176151302890514,-0.24097996044172562,0.6854476503968864,-0.1436430024513237,-0.3073771948537867,-0.7599959700576459,-0.14764797651097433,-0.5627877258890048,2.410235627864,-0.6980484548860343,-0.1506441370591563,-1.0158774572848233,-1.1413080422449269,-0.08961442818625517,-0.8440587137687767,-0.048719266404940224,-0.5070158824261367,0.20208404759275367,-0.08414206371254256,2.3451843091559494,-0.04149189677162925,-0.6802222558010773,-0.12280360631361495,-0.11415395353204187,0.34334278995332806,-0.7363262304761065,0.899407651230422,0.9110819364459993,0.022214328991400654,0.8929215620715212,-0.027298190644838412,-0.05055733047909755,-0.5819883729907089,-0.4924401694987043,-0.03448988203089298,0.7933072709270398,-0.11156561315044809,0.1350237876589605,-0.1222274617120146,-0.03671339870025314,-0.3508608211276413,-0.48777768967830387,-0.01807698533354253,-0.45442626659982593,-0.7260180068101599,-0.5491809613237001,-0.7554699426776713,-0.8076125180737811,-0.4405692900267722,-0.8265621563597865,-0.3226428791058886,1.4510258427642044,1.9673461976284834,0.12775996400920372,-0.2914648825657315,0.9091323950394488,-0.354708989765921,4.313510701778018,0.08550300965198043,0.08007327774501659,4.344934348644865,-0.5065760642522873,0.14450914850135158,-0.7719636252888739,0.6604822785361641,0.17157127965653657,-0.8156072495245584,0.036271084618891315,-0.7495166505504289,0.07573133534475417,0.06738703921747262,1.1808537989806351,-0.4088049828033701,-0.7509626217066395,-0.5251364543595959,-0.27235018261241456,0.17443215442143883,-0.7877356953935943,-0.32789071854293134,0.06424036284855986,-0.3586605668743056,-0.8522128784833958,0.5547023242437145,-0.6328614875211894,-0.21071902854022595,1.549928722117115,-0.04184986627050589,0.05809900478985974,0.45225504019783586,-0.2832040174675377,-0.7684835031659645,0.21735161070606226,-0.7288319676966448,-0.468715451687348,-0.4462744406724269,-0.6523307978831814,0.2894514183756333,-0.37795707924491667,-0.5898412876687616,-0.6810179654612449,-0.7785409311448866,-0.2704016887956423,-0.6124354686926344,-0.8075931738604872,-0.4997175184791023,-0.8438164588390366,-0.7432843691516248,-0.7492856064173085,-0.5779449645973369,0.1788855403923007,-0.553438319878907,0.1725955005882512
/Users/oksanagoncarova/Desktop/статьи написать/генерация статья/generated_docx_converted/20.docx,generated,20.docx,0.23249610789668398,-1.2907497170383475,0.7242785616909804,0.27275699084063937,0.34474052151317053,-0.655005922158054,-0.19823208369982293,-0.12145272750993652,1.398175214056614,0.4577599574551042,-0.43757449198982795,0.21050032335330945,0.053092687597472474,-0.9442348299922326,2.4504800305597616,0.7173080272848372,-1.286113399536723,0.08481991229700804,-0.030729584598711845,-0.8572424674860644,-0.632493861909346,0.3318486319833459,0.4155896716496428,-1.0882118718219014,-0.13997462887620518,-0.7534113064231428,-0.05568041312327687,-0.38744464055116556,-0.13276376122838654,0.4923977258769431,-0.15005609843771797,1.5275139897542178,1.2632653478213167,-0.4951638819441675,-0.22711988918724077,0.38507028362282125,2.9158207845233974,-0.11136736319841498,0.18684340872825514,-0.8892159139033482,-0.2992273691544995,0.14980590916379247,7.0819406187854455,-0.6535138920713865,0.21524015260163243,0.049123650120014864,-0.2708512182866469,0.33811577212947064,-0.2704533761483921,0.0655775634005688,-0.8077350992203797,0.8014488826822708,-0.24331673225486197,-0.050919279581995325,0.09911506066940796,0.05940272735860088,-0.5088561198024845,-0.6182666958703147,-0.7707130366502192,-0.5738582398200799,0.7476900588357068,-0.3974916989517305,-1.0356353016204265,-1.0684617041925872,-0.5919629839445115,0.5502144309650359,-0.8105102236223296,-0.5119463357040845,-0.6402997422608857,-0.910967605022099,1.668224631665387,-1.0069835670249103,-0.3379510239826843,-0.5392023955399043,-0.2820886513275058,-0.1637942700395958,0.20814801588860898,-0.36442824612846947,-0.29033137446746654,-0.22545534717749768,1.0937766144279348,1.1675966842473156,-0.1811075836895476,-0.09655978435694104,-0.9435384509457813,-0.9048368882599652,0.03693789585613182,0.9949292307298703,-0.379596941316194,0.15531431002078958,0.7815777812910054,-0.4766403641518346,-0.3073771948537867,-0.7599959700576459,0.3986183264040592,0.9226184354409565,-0.34541754707442424,-0.3723180529640681,-0.1506441370591563,-1.0158774572848233,0.4261632951959156,-0.046702693260099334,-0.4554358914530364,-0.9295929458619132,-0.25642374558196,7.813444506351886,-0.5458770418788178,-0.5585938714942067,0.4800376335277113,-0.6802222558010773,-0.675060584737967,-0.0706706617390112,-0.4874885008607233,-0.3981962396427402,-0.7869153121634443,0.47433721585128547,1.2349957213342941,-0.913535245090684,-0.27772772231713727,-0.605698349662719,-0.5819883729907089,0.08273130746334609,0.7483134760933843,1.291661950177639,1.6814830299260048,-0.6973771213728089,0.514831489248812,1.261937334614127,-0.3508608211276413,0.03352914147698253,-0.6912797951928124,-0.45442626659982593,-0.7260180068101599,-0.5491809613237001,-0.2561862839161431,-0.3962658418792564,-0.4405692900267722,0.5290222544335088,-0.3226428791058886,-0.3508578807281607,-0.5386866985732379,-0.7910632141448923,-0.2914648825657315,-0.6883810976012716,2.7033223713340635,0.5035235197927403,0.11998513172958879,0.9559419811585639,0.7202685718264311,-0.20748023181627365,-0.7248989742406267,-0.7719636252888739,0.39689037527085996,-0.24620206635457548,0.8448700775691588,-0.3951007708482378,1.5264409438897202,0.12079974383607822,0.10496137963221006,-0.5934318916786712,-0.4088049828033701,0.1461709237695046,-0.220575595861779,-0.27235018261241456,0.2134531897156131,-0.7877356953935943,-0.32789071854293134,-0.4734548242517995,-0.3586605668743056,2.0248955785360563,-0.21274175369017778,-0.26039458009582395,8.27930983329713,-0.18577931086064173,-0.013493514741098646,-0.7159175630197637,1.1191824492970246,-0.2832040174675377,-0.7684835031659645,-0.22437223967588832,-0.7288319676966448,-0.13350179133576648,-0.4462744406724269,-0.17425907170424457,0.8385883204837442,2.6984991339208904,-0.27000229427414596,-0.6810179654612449,-0.2906839977858679,-0.2704016887956423,-0.6124354686926344,0.9936553481820143,-0.4997175184791023,-0.2652235622685499,-0.7432843691516248,-0.2473863548590313,0.19637435540913434,-0.22964382610879266,-0.553438319878907,0.2066919687551978
/Users/oksanagoncarova/Desktop/статьи написать/генерация статья/generated_docx_converted/21.docx,generated,21.docx,-0.018767516853811735,-1.0843817117397592,0.9544986337957866,-0.268936939996479,0.6717565963146146,0.18533855488348866,-0.710870701171306,1.8718640313928037,0.03748218200449748,0.08098137585246407,0.40403212241967823,1.5253700851370398,-1.1794182741279389,-0.6704852989247929,0.01583336946279842,-0.1871899813042851,0.6445800796648499,0.5162983423610773,-0.03797613598690364,1.285769827696597,1.5117494900015704,-0.9817294532071241,0.4931645189415048,-0.29477450156001256,-0.843408027243608,-0.24740923385911706,1.7367742369465107,4.032087001270066,0.31831467612232,0.7718460912478915,-0.09839688794621752,-0.28338976134524296,0.8552867157452557,0.021801837150835054,-0.8683491633616259,1.102907922908548,0.3763344515470321,0.40208356781316273,0.3405281767752504,2.0355029046400466,0.8364975566263996,-0.08433340110788962,1.6279233052619164,1.7545726838930584,-0.4306994734488155,0.7651072499963937,-0.416841296501404,0.5644446788031178,-0.16595381955482863,0.676364490546367,0.12354597781196022,0.8173618669586469,-0.24331673225486197,-0.4307837285218229,1.8253918815712833,0.803774819736869,-0.701626048137721,0.3951184469074026,-0.12715606861007134,-0.10207346801806956,0.11443544292958263,1.242955737043453,1.6379872628666317,1.5498207615771358,-0.2666850446514251,1.0212731660741803,-0.6717776473278352,0.4921805851344801,1.132170922456798,0.7717039849147367,0.4652060589442092,-0.08776921360425255,-0.25875497709688194,1.9946215135130174,-0.2820886513275058,-0.1637942700395958,-0.14187250664698703,-0.3757632625812292,-0.4661751611527421,1.91460205034643,0.5836830254500386,-1.0493881160195078,-0.5523316798527136,0.39513748525588427,1.108341711153905,-0.5617720054445443,-0.6839803657741793,1.9930548200127627,1.0652613642951372,0.26358057943705776,-0.9796192419994275,0.5443742818948064,-0.1781462928610677,0.19053698358053117,-0.3916192905673893,0.6974966874662035,-0.36056359635302615,0.683772084119364,-0.1506441370591563,0.6253142979778612,2.3066123349851284,-0.09775447682633362,0.6213849500260821,1.0333542604534443,-0.2707786891580876,-0.16015537952841327,0.6290294086488426,-0.5585938714942067,1.0709843209088459,0.0289191849628097,0.1453758510776815,-0.9737443925137791,-0.7834319621149233,1.0168566327253337,1.3007613428669096,0.12640666832632247,0.15635966310203228,-0.46625464860955057,-0.5548437018089665,-0.3307913547020597,-0.32988485221031116,-0.4924401694987043,-0.04131137190053653,0.18713841986081392,-0.5322110239554372,3.4246896075632294,0.015465240950864425,0.7046686093425408,3.8399453609406073,-0.48777768967830387,-0.6912797951928124,1.2156190099949868,-0.19090325100045422,-0.5491809613237001,4.42203917007418,-0.22593793641225932,-0.4405692900267722,-0.40058516112940334,-0.19000938736434647,-0.7333342587796998,-0.16638887750040868,2.848962077850282,-0.2914648825657315,-0.292835084520849,0.5323232577734933,-0.4271394465880798,-0.2585938368690087,4.602085264767258,0.03773255342475126,0.057348732931519646,1.4277646387712795,0.7877815613459775,0.18690117356657626,-0.27268406792366845,1.0106442024995193,-0.19744675249298774,3.3270880572810424,-0.8151941544654414,-0.6753935194689803,-0.5934318916786712,-0.4088049828033701,-0.3280915902391114,0.04909227681221115,-0.27235018261241456,-0.02396416529851266,-0.32089353844202195,-0.13474671551880668,-0.20718704186392164,-0.3586605668743056,-0.03852410695181134,-0.22840121051620457,0.24496470750137164,-0.21071902854022595,0.9444950136468828,-0.602406522723786,0.625613624078015,0.4411420988338437,-0.2832040174675377,-0.2619813617023667,0.6692174758996847,-0.26455184368365803,-0.3107098269621623,-0.4462744406724269,-0.20164497750745794,1.4608170043192852,0.14935641268368544,-0.5898412876687616,-0.30079993925715853,-0.08867519490618121,-0.2704016887956423,-0.6124354686926344,0.32445058080885264,-0.21374353731550935,-0.2983677322669175,-0.7432843691516248,0.19701120867541289,-0.5779449645973369,-0.6817071861811528,0.8738541380470958,1.3343595812256004
/Users/oksanagoncarova/Desktop/статьи написать/генерация статья/generated_docx_converted/22.docx,generated,22.docx,2.0637266002874717,0.5442055296211182,-1.3830621397120682,1.8599767795502808,1.1095900408998791,-0.6684869318961844,-0.1415793541883489,0.162026527874604,-0.48588400567514184,0.08894669383369994,0.2358754905785598,-0.08676786263581984,-0.6791080130999018,0.18823204547017833,-0.7474092262884136,-1.7930949888869439,0.15298013039485134,1.4808788898551555,-0.3943078663294878,-0.496236447991236,-1.188969145596738,-0.035048012677149944,-0.8082910088681321,0.6664117109835597,-1.113971076600048,-0.8896685398071914,-1.2155952749308185,-0.38744464055116556,0.3700558657839861,-0.6313786011687299,1.6108739482689975,-0.251195315374447,-0.9321007507285137,0.3997747584530677,-0.5059249466821705,1.1241420466405443,-0.589968214840011,-0.5310735434013688,-0.4545932409288435,-1.1604262902440357,0.36915446694368864,1.399089854368287,-0.31919285713903967,-1.1982538844898523,0.07296252711405965,-1.052808594218704,2.345028402748365,0.02551280675156086,0.0007806157940591029,0.8643307399214446,1.502567584872319,-0.7814985160169347,-0.24331673225486197,0.04278499491388737,-1.1732094114869465,-0.5490635323602243,-1.1668568975145228,-0.5352823697093347,-0.41785355896199616,-0.5738582398200799,-0.9567941238680456,0.09427074285331102,0.38921949448541426,-0.3297404473395167,-0.831703839758683,1.0753062063104109,1.1268517888879281,0.24748814173354253,-0.20447721948833208,0.6847236315002785,-0.8929025812654376,-1.0069835670249103,3.6505143247242593,-0.08367280892915124,-0.2820886513275058,-0.1637942700395958,-0.24980160442712798,-0.5623019597378126,-0.4661751611527421,0.9479287866510436,-0.6473765890410336,2.292064567599758,-0.5523316798527136,-0.853304877307716,0.04061996989952139,-0.9048368882599652,-0.6839803657741793,0.8070705751994959,-0.07950148408960687,-0.9291353031516743,-1.2148809127661182,0.8210140475632157,-0.3073771948537867,-0.0001440808057419984,0.030293107769251662,-0.5627877258890048,-0.6098198997095099,-0.6980484548860343,-0.1506441370591563,0.10866098590074577,-1.1413080422449269,0.06951421676744128,-0.8440587137687767,-0.9295929458619132,2.892229756271858,0.0065176148316930934,1.2534538248909302,0.4266889022948382,0.12839141766751164,-0.6802222558010773,-0.675060584737967,-0.9737443925137791,-0.7834319621149233,-0.7363262304761065,-0.7869153121634443,0.07448792728875685,0.12794285855634985,-0.913535245090684,-0.5548437018089665,0.712858352805492,0.02260298542197445,-0.05898923311772632,0.09886244637869289,-0.7976980172368612,1.0343598489723083,1.2797201562856337,-0.7007555062540312,0.7932456475618759,-0.3508608211276413,0.10150987887310416,-0.6912797951928124,-0.45442626659982593,-0.7260180068101599,-0.5491809613237001,0.37331500969671794,-0.8076125180737811,0.08332017571559452,0.19501028896607667,-0.3226428791058886,0.9960777602483191,1.246992808636608,-0.7910632141448923,-0.2914648825657315,-0.6883810976012716,-0.354708989765921,0.1691322903506047,-0.596149671906592,1.17388245297959,1.6183746272896078,0.16962246347264717,-0.7248989742406267,0.4748898607262943,0.8936537979010587,-0.7084944693805171,-0.8156072495245584,-0.8724407772553341,1.3086854474063248,-0.8151941544654414,-0.6753935194689803,-0.5934318916786712,-0.4088049828033701,1.2772849057924254,-0.5251364543595959,-0.27235018261241456,-0.5969470920646137,-0.7877356953935943,-0.32789071854293134,-0.4734548242517995,0.1375255813445783,0.44870561770308426,1.367970374639447,0.2092150214558223,-0.21071902854022595,-0.8040413439418215,0.06330336984241765,1.1225067256549766,-0.7058481522497109,0.007673623758361753,-0.7684835031659645,-0.7131673775579299,0.38459853891469525,-0.468715451687348,-0.4462744406724269,-0.6523307978831814,0.4683275732070252,-0.37795707924491667,-0.5898412876687616,0.23081592025413386,-0.7785409311448866,-0.2704016887956423,-0.6124354686926344,-0.8075931738604872,-0.4997175184791023,0.4642715262945182,-0.7432843691516248,2.6548093173315084,0.2973490505564216,-0.6817071861811528,2.380488017722721,-0.5014334615900439
/Users/oksanagoncarova/Desktop/статьи написать/генерация статья/generated_docx_converted/23.docx,generated,23.docx,-0.15849949061565538,0.01673633628779883,-1.329384319792259,0.3134163067181078,0.6741237729739267,0.5624634919041767,0.7854403687700509,1.1961769826598405,0.22054316883436997,0.006933566088448539,0.5436262276119134,1.2695711058829526,-1.293535853436349,-0.744357340076181,0.8692041279194946,2.0017274894881467,0.02775793821529484,1.1516495370672934,-0.17179604269962073,5.032520501365096,-0.6561092037415865,-0.8541921028158928,1.4418964662387939,2.0634948041269046,-0.6427601734086092,0.4412256122322328,2.372074102805609,-0.38744464055116556,0.7529102742874282,0.6791104216270558,0.49957107430506525,-0.4450949645750903,0.04259309240003949,-0.24204534117990847,-0.8683491633616259,2.288417253280186,0.17557738822304578,0.8876102106799376,0.15962253083947367,1.488624295032918,-0.3978515174633127,0.8683831481517889,-0.31919285713903967,-0.5331595879467945,0.6648335916670066,0.5168154550546379,-0.4618574495898806,-0.24213568455750012,-0.22209126237981955,0.5529418639835219,2.6457974129164685,-0.22930360192674876,-0.24331673225486197,-0.3308228387142424,0.38022114540392765,-1.3400208755873415,-0.8990639623723651,0.5582743692125994,-0.5949789949593043,-0.10831745427376135,-0.49433385770974236,-0.3974916989517305,0.24684133509547582,0.527309747970059,-0.24628592269902144,0.5159696650146804,0.7634267231705315,-0.7275956506834029,2.108996591860377,0.4799975124701818,0.4100057830833151,1.374019316289407,-0.3379510239826843,4.392993347476296,-0.2038644096480758,-0.1637942700395958,-0.24980160442712798,-0.24017965016136758,-0.17991578056842716,1.1164424704206168,-0.41117194071705687,-0.14712038786672815,-0.4012510220870867,1.6105340293921706,1.5367483249631189,1.4648344790555912,-0.6839803657741793,1.2689190878167007,0.15733336948499171,-0.04643742569620647,0.003896218692555193,-0.24526335331991506,-0.1957967098040853,0.33428232187027795,1.742839880283344,0.4044604337960032,-0.6098198997095099,0.3624767402241983,-0.1506441370591563,-0.6110097375941113,0.9851218163136181,0.8756022792010314,2.6354961668297494,2.4601009745591327,-0.5070158824261367,-0.07351142339109196,1.0226008774199333,-0.5585938714942067,0.9889587392574789,-0.6802222558010773,0.26944720763629526,0.49638618000532564,-0.7834319621149233,-0.18587811082670988,-0.06589899113413114,0.17243328338537287,-0.5414091334477708,0.6312279698715231,-0.3292825656019592,-0.605698349662719,-0.14664616462325328,-0.4924401694987043,0.16647749236391313,-0.4575672105907247,0.48029746871308154,1.7939739297363362,-0.20603631978400644,-0.12414419028203634,-0.3508608211276413,-0.27561641091789235,-0.4034403813865516,-0.21410131446117162,-0.41799898509627964,-0.5491809613237001,2.9020993757616633,0.866484800809785,0.5025106671343549,-0.09096843976561739,-0.20812453160421565,-0.42201404345379234,-0.5386866985732379,0.3875126375220114,-0.2914648825657315,0.3361853640986332,-0.354708989765921,-0.853600130263927,-0.596149671906592,-0.0351524101499162,-0.5708432913657452,-0.019672379212088417,-0.35316861194346644,1.921465296045424,-0.5825212856618235,3.4306648770194648,0.9864740943327789,-0.8724407772553341,-0.7495166505504289,0.708527772872508,-0.6753935194689803,-0.5934318916786712,0.004927869754540309,-0.3858475131912418,-0.02933615144725734,-0.27235018261241456,0.06268577600756682,4.452312587517264,-0.32789071854293134,-0.4734548242517995,0.17726532055668584,1.0212665325448869,-0.4861065863028987,-0.32968857417119324,-0.21071902854022595,2.2153995467172565,-0.602406522723786,-0.7159175630197637,-0.7058481522497109,-0.2832040174675377,0.10616418174154886,-0.3153080160179905,-0.32796343983305914,0.07698511916870378,-0.4462744406724269,1.293323904943975,0.5590250479255433,-0.37795707924491667,-0.5898412876687616,-0.02444262420297066,-0.7785409311448866,-0.11281121372101682,1.5097729973631642,0.658549861153771,-0.2528019972083024,-0.8438164588390366,1.5611407536802242,-0.7492856064173085,-0.5779449645973369,-0.6817071861811528,-0.20133769487926403,-0.5014334615900439
/Users/oksanagoncarova/Desktop/статьи написать/генерация статья/generated_docx_converted/24.docx,generated,24.docx,-0.8855426470776285,0.21558181422880032,-0.8635794237778617,2.4402984631336158,-0.14547965271217567,2.0888952003031958,-0.13174149284664352,-0.7917293971826121,0.02809006434113167,2.468378122958455,0.9153223377105788,0.16950520589898493,-0.0018270271433517419,-0.6042604252090932,1.8154738197706262,-1.2500425715633359,-1.0187565885260441,-1.26438387110937,0.976346017480111,-0.9267852150176391,1.4279781425881943,0.5338888136248847,-1.2188685302090494,-0.07752901929550869,-0.5195671448994293,1.379927656802776,-1.2155952749308185,-0.38744464055116556,0.16540930410573484,-1.0740618152977786,0.9911531537101694,-0.4450949645750903,-0.9321007507285137,0.22813153607165562,0.10262949468291228,-0.3365820441527213,-0.41897260164004596,-1.0766579203933397,-0.9840070948464386,-1.1604262902440357,-0.5617707728707001,0.9442672247807645,-0.31919285713903967,2.926097015605117,2.3310342195623486,1.0329365810184084,-0.4618574495898806,-0.290207841034659,-0.11421955633376876,-0.64800964579557,-1.0949705811857804,-0.09664958473211131,-0.24331673225486197,0.046578879748497455,-1.1732094114869465,1.3088180552573248,0.825892772118759,0.6725862752626042,1.915936803290993,-0.3573415479902122,0.3337097809254076,-0.3974916989517305,0.8730445466894995,-1.0684617041925872,0.6204023807916093,-0.030579677917595565,-0.13087825374358578,0.2520424798578629,-0.46254096790003946,-1.3640807205019188,-0.4081306041331553,-1.0069835670249103,-0.3379510239826843,-0.3534057081959388,0.008959601460135155,-0.1637942700395958,-0.24980160442712798,-0.5623019597378126,0.33263692165949055,1.6623799363704495,-0.6473765890410336,1.7481615969125495,1.6961662552448744,-0.28035588353228114,-0.9435384509457813,0.19726505662768787,0.043784542899483664,0.22072608727017864,-0.6176151302890514,-0.9291353031516743,-1.2148809127661182,0.2708231233322703,-0.3073771948537867,-0.25106200967127024,-0.34170552788924435,-0.5627877258890048,-0.6098198997095099,-0.6980484548860343,-0.1506441370591563,-0.26268356306338186,-0.3501291420451431,0.4115948410682101,-0.8440587137687767,0.47174089450728346,-0.5070158824261367,-0.27936190018297313,-0.28312902002305984,-0.5585938714942067,0.4935914750081318,-0.11068993100261688,2.839161308794669,-0.9737443925137791,2.3534857911325373,-0.22431435271722122,-0.1162455301317408,-1.1484473496166372,-0.09309023735533313,0.5233615053050356,-0.5548437018089665,-0.605698349662719,0.22789860315481933,5.3138993239186,0.3855314352812633,-0.7976980172368612,-0.2820387895479927,-0.03526654310045797,-0.2405811672278498,-0.6402434556677445,-0.3508608211276413,-0.48777768967830387,-0.15579899874706898,-0.007338791416145347,-0.7260180068101599,2.1829978043996325,-0.7554699426776713,-0.18473259083293625,-0.4405692900267722,-0.8265621563597865,0.5295319515324365,-0.7333342587796998,-0.5386866985732379,-0.7910632141448923,-0.0085317295753272,1.2176666450193363,-0.354708989765921,-0.853600130263927,-0.05394765570189844,-0.0826468385613277,-0.5708432913657452,-0.5065760642522873,-0.7248989742406267,-0.7719636252888739,-0.5825212856618235,1.3915783525859977,0.8606398295468509,-0.149630734858414,-0.7495166505504289,-0.10653179615308123,-0.6753935194689803,-0.5934318916786712,-0.4088049828033701,4.68295975929973,-0.06395649020736692,0.010843176204401624,-0.5969470920646137,-0.7877356953935943,-0.32789071854293134,-0.04575986692722592,-0.3586605668743056,0.0191169316667268,-0.4861065863028987,-0.06885508216246228,-0.21071902854022595,1.0683598809523256,-0.602406522723786,-0.7159175630197637,0.21533341558689453,-0.08837985234939673,0.04508999729798361,-0.7131673775579299,-0.7288319676966448,1.0540720590924195,2.8977799184243316,0.0715872480169181,0.8528596399197702,-0.37795707924491667,-0.5898412876687616,-0.6810179654612449,-0.7785409311448866,-0.2704016887956423,3.33560578319912,-0.8075931738604872,-0.04036930679222878,0.9084471289064259,-0.7432843691516248,-0.7492856064173085,-0.5779449645973369,1.3718977834889898,-0.553438319878907,0.03470447516363974
/Users/oksanagoncarova/Desktop/статьи написать/генерация статья/generated_docx_converted/25.docx,generated,25.docx,0.09278328986667977,-0.6219223581351986,-1.1404449052679078,-0.03280833284755043,-0.3349001316440834,1.1170192573153903,-0.0167191801613517,0.783895238709212,1.3288138653915678,-0.0008447986021456683,1.7261831951406517,0.7298023648033478,0.08548687048011606,-0.41790845667727156,0.33342940861090176,2.6353771303610807,-0.5090623212597265,0.6540892279272427,0.45689122632779233,1.5349785603210513,1.392472166899926,-0.9714681382436707,0.004334029907728168,0.4643713362320551,0.05159957884621816,0.02808620527124115,1.0413655637460348,-0.21202024862799826,-0.48766586824992203,0.24479080740524625,0.7528122951658104,-0.4450949645750903,0.11343014494196905,0.38866151953888595,-0.6284062609062523,3.4716891247730666,-0.7601526564951157,0.5487603551049011,1.8199798544345636,0.8692690931735749,-0.5648591619571006,0.6860295690826601,-0.31919285713903967,0.2286077715517753,0.5088096252637823,-0.021972855487711798,-0.4618574495898806,-0.2975990295473268,-0.28983275884248383,1.9250428394122776,-0.8800081083021634,0.2339180780833472,-0.24331673225486197,0.9782463839434129,0.49311858776953454,-1.0781942758210243,-0.4282008998197761,-0.5402639861604785,0.2061099149992506,0.38922120036221947,0.5314162501808525,-0.23470607070878735,1.0868457693100888,2.5995655891845013,0.7830604009952173,0.6205306659029804,0.609633088493993,-0.5662071282542824,2.3770424621254382,1.348740554448359,0.305039250498432,-0.03401398825801532,-0.3379510239826843,-0.08932951979173806,-0.2820886513275058,-0.1637942700395958,-0.24980160442712798,-0.11804532572016002,-0.33457646391505436,0.23686686097077986,4.999179498478444,-1.0493881160195078,-0.41342257092369883,1.1288711544818597,-0.6177574778404802,2.6356528892167255,-0.14445658825675806,-0.38077513470026153,-0.6176151302890514,0.6940344317999085,-0.0942924283247756,0.8094757035716079,-0.3073771948537867,2.0068331391435392,-0.723320156364946,2.7721754147146886,-0.6098198997095099,-0.21050553566580615,-0.1506441370591563,0.8453738441095746,1.2048332670732689,-0.9379061637386741,1.1918153235427211,1.1481464947408917,-0.3194767070686065,-0.27936190018297313,1.2374547281298227,-0.23244070953356716,-0.2350761981843923,0.4456952948854451,0.19335459001426905,0.37794768281946056,-0.7834319621149233,-0.48327511545261304,-0.4554508607945899,0.8756629771173602,0.3448796537488211,-0.2033792103267792,-0.34745450386055693,2.2313900676286464,-0.5819883729907089,-0.4924401694987043,-0.4659092245322239,-0.7976980172368612,1.0206533382797103,1.2660283468835674,-0.018461004969367457,0.3087978065812286,-0.3508608211276413,-0.48777768967830387,1.9552215556620738,-0.23346267371703275,-0.15960999042678728,0.12598001944888232,0.7391539000784453,-0.8076125180737811,-0.26714881590983913,-0.8265621563597865,-0.3226428791058886,-0.4470950118630124,-0.5386866985732379,-0.06864591386953421,-0.2914648825657315,-0.374373078445322,-0.354708989765921,-0.853600130263927,-0.32817771514429994,-0.08994920024874112,-0.5708432913657452,-0.2827374934402937,-0.3831164181396135,0.05351555243307964,0.15045484655049418,0.675394700157897,0.012842657283356504,-0.8724407772553341,-0.06820044360906578,-0.1147111862536394,-0.6753935194689803,-0.36092892682850203,-0.4088049828033701,0.2561381242883949,-0.5251364543595959,-0.27235018261241456,0.009543608196580919,-0.7877356953935943,-0.32789071854293134,-0.2620755759526508,-0.030160596169836733,0.4396964868430673,-0.4861065863028987,0.7608801028216488,-0.21071902854022595,0.5840511153720184,-0.602406522723786,-0.7159175630197637,0.6599757651589958,-0.2832040174675377,0.035699721438519766,-0.347360859318415,0.7454610576779274,0.28389028713524705,0.9998631020267627,-0.6523307978831814,0.0856196554579086,-0.37795707924491667,-0.350478864634287,-0.3791782165887026,-0.4134365502700162,-0.2704016887956423,1.3388009856703031,0.09109068401298,-0.4997175184791023,0.4552127452340367,1.3754887758712877,-0.3736721776195397,-0.5779449645973369,-0.6817071861811528,-0.553438319878907,0.02851636416694441
/Users/oksanagoncarova/Desktop/статьи написать/генерация статья/generated_docx_converted/26.docx,generated,26.docx,0.9996248025082226,-1.1951100377476331,0.7601472301841323,-1.0424054928422817,0.597572474128767,-1.2054051897932976,0.5105037438891442,-0.6417835391274623,-0.050337016637045616,0.8246311611756622,-0.08942104858221486,0.6255782157239996,-0.8486808961133757,0.09104568824036877,0.017618313745308613,-0.7312911299921084,-0.608791416915138,-0.5986123846857053,-0.5354659517284655,-0.7197000055671261,0.7576673451046323,0.1898943698305244,-0.8604099818967964,1.1180138555190056,-0.674579718329449,-0.8896685398071914,-1.2155952749308185,-0.0789967599581018,-0.986443990038435,-1.0740618152977786,-0.4440151451868517,-0.19116610890959032,0.052730699596455065,-0.7379624432075529,-0.23551345350672281,1.0850313670778144,-1.0935467676063455,-1.0766579203933397,1.0959366490380307,-0.6251057178869527,2.309744693584073,-0.48029006239404415,-0.31919285713903967,1.4897933840347535,-0.6847885176548958,0.034699575079964726,1.1404435294126192,-0.0958542778628703,-0.34747308791977327,0.3338597612278594,-0.8114949548442799,0.5575531386687337,-0.03198632443161888,-0.4149054603249408,-0.5453744132021822,1.7674663304063192,1.1059999745398146,-0.3125809122939777,-0.4981723295738204,-0.00939889466605032,0.1646544241432312,-0.3974916989517305,-0.1026481885538622,-1.0684617041925872,-0.831703839758683,-0.34127914414969207,-0.4842384498387509,4.380240544114405,-0.3036802491571696,0.8718290517744518,-0.2610019401450622,-1.0069835670249103,0.7398625736196183,-0.5439317340067878,-0.2820886513275058,-0.1637942700395958,0.31514233357272703,0.023548797816059765,-0.2926331348411247,-1.156115108189737,-0.07458930485570674,0.04459433793255334,-0.36914925675362925,-0.10646542788719467,-0.9435384509457813,0.5317538356392528,-0.4468198376965062,-0.5809942399886203,0.32199518161354046,-0.9291353031516743,0.26286317082593524,-0.8451228248249796,0.23377966597173627,-0.7599959700576459,-0.6044670295515601,-0.5627877258890048,1.2167697473835295,-0.6980484548860343,-0.1506441370591563,-0.5249830501225382,-1.1413080422449269,-0.9379061637386741,-0.8440587137687767,0.4403868496771051,1.7187915357898103,2.091741072751455,-0.04831450945751641,-0.5585938714942067,-0.947115216123778,-0.6802222558010773,0.1838377113868473,-0.9737443925137791,-0.7834319621149233,-0.7363262304761065,-0.7869153121634443,-0.6145998040816797,-0.5414091334477708,-0.44528624317329646,-0.2813551156559953,-0.605698349662719,-0.5819883729907089,-0.4924401694987043,0.36022812063455983,-0.7976980172368612,0.3511222102177533,-0.6973771213728089,-0.4008367056893266,0.2983973543921987,-0.1514394504325713,0.026705338207674394,-0.34227998234948304,0.41974202962689566,-0.3525508033135434,-0.2523978696233625,-0.7554699426776713,0.004311941118090498,-0.4405692900267722,-0.3806154633316927,-0.044940244037904704,-0.7333342587796998,1.2801515453001697,0.16160398366115086,-0.2914648825657315,-0.2742919837554349,-0.354708989765921,0.03930598307624883,-0.596149671906592,0.109370996065067,0.3848153069148564,-0.21139533708103728,-0.2741829824507973,-0.7719636252888739,-0.5825212856618235,0.6602287914506267,-0.26935991371148565,-0.4013490570812683,0.1489496533978163,-0.8151941544654414,0.4798167923511379,-0.28682524214109645,-0.4088049828033701,-0.7509626217066395,-0.5251364543595959,0.4659353348631453,-0.5969470920646137,-0.7877356953935943,-0.12569217169362695,0.08404587811161737,-0.14206058619062836,-0.28432334316180896,-0.21632004525862433,-0.6328614875211894,2.6272941544106794,-0.8040413439418215,-0.602406522723786,-0.3146541794642724,0.49491272247672596,-0.15622729371778432,-0.23823666465962864,0.734023341175932,-0.7288319676966448,0.19293610804466257,-0.4462744406724269,0.29129692587457406,-0.6641114293129019,-0.37795707924491667,-0.5898412876687616,-0.6810179654612449,-0.29706994851172414,0.49390012212945167,0.24527699404711653,-0.8075931738604872,-0.20033714672214753,-0.27279722879900065,0.37434427793991343,-0.7492856064173085,-0.19585314793660935,-0.23556124604276873,-0.553438319878907,-0.5014334615900439
/Users/oksanagoncarova/Desktop/статьи написать/генерация статья/generated_docx_converted/27.docx,generated,27.docx,1.023264255736822,-0.2018209231470432,-0.5647944258733385,-0.2122540740678717,0.24923409359590723,-0.6655999674768145,1.4468309073703942,1.7973973296438508,-1.1254799106172684,-1.1646685433627768,-0.5786147131983145,-0.458639997572769,-0.5504257992231001,-0.5566245933521048,0.1433720662292317,-0.015304124223572408,0.943047990906163,-0.461793290227998,-0.20591385637286927,-0.5758170698132601,0.7687037071970547,-0.17300038895079528,-0.858765676629309,-1.0924781779409438,1.3961593112870483,-0.07912551112630052,0.16438416799764022,-0.38744464055116556,-0.4245241802280041,-0.29753859932095184,1.2226923099181892,0.7453421477650061,-0.9321007507285137,-1.2049769407548065,-0.23261053740647109,-0.10896220187358414,-0.21020530624007808,-0.11963284809182731,0.4089827519752704,0.990678395007362,-0.4789606912770926,1.0555839154350275,-0.31919285713903967,3.662426084557853,-0.09236067155209475,0.039688144663903364,0.4849960701120823,-0.5113028363315032,-0.19475265638288164,0.05574517277763019,0.04413331181951463,-0.33310048486072463,-0.24331673225486197,-0.41327894524305486,-0.5424944361458302,1.434860666156233,-0.5144903772263185,-1.2546277852545145,1.1691883072101186,3.679006321718881,0.16979868353777813,-0.3974916989517305,0.8388984393114781,0.22735026195701916,-0.3563277819302158,0.24553062755365898,-0.48120489551527734,0.9828265613360464,-0.9859687122032763,1.3313187664440915,-0.8929025812654376,-0.3625028001719762,0.16178329755910317,-0.9005018574867075,-0.2820886513275058,-0.1637942700395958,-0.24980160442712798,-0.5623019597378126,-0.4661751611527421,2.534648127530972,-0.6473765890410336,-1.0493881160195078,-0.5523316798527136,-0.10303955885315573,-0.0803683130300846,-0.18324659345737643,0.2690133158590393,-0.9685497199301623,-0.6176151302890514,0.5044164382979192,1.7541645395885581,2.077495248575231,-0.3073771948537867,-0.7599959700576459,-1.0962260986590935,-0.5627877258890048,0.4387335281106097,-0.6980484548860343,-0.1506441370591563,-1.0158774572848233,-0.10527499923102043,-0.9379061637386741,3.779483267690416,0.905425862841726,0.9836624802322501,-0.27936190018297313,-0.04368835698983072,-0.5585938714942067,-0.947115216123778,-0.6802222558010773,0.4753903440163714,-0.9737443925137791,2.150661925916013,-0.06585685415697907,0.09131343605054787,0.9967382003311733,0.0456555494475864,-0.913535245090684,-0.5548437018089665,-0.02746889665372367,-0.5819883729907089,-0.4924401694987043,-0.7453718111734436,0.8594775214439483,-0.07690870894958267,1.0366641606835867,-0.09816635649558819,-0.011612454434938491,-0.3508608211276413,0.029065352097059516,0.009921663639197774,-0.45442626659982593,-0.7260180068101599,-0.5491809613237001,0.23454695133142608,0.008036365242823697,-0.4405692900267722,0.9654071238815441,0.5142866219934941,-0.7333342587796998,1.0274689059153976,-0.7910632141448923,-0.2914648825657315,-0.6883810976012716,-0.354708989765921,-0.853600130263927,0.8238558531016635,0.11315399813490122,-0.5708432913657452,-0.5065760642522873,1.9918020037953166,-0.7719636252888739,-0.5825212856618235,-0.7084944693805171,-0.8156072495245584,-0.8724407772553341,-0.7495166505504289,-0.8151941544654414,0.09827944165825479,-0.5934318916786712,-0.4088049828033701,-0.7509626217066395,0.07876954151191619,-0.27235018261241456,-0.5969470920646137,0.1942032512464408,-0.32789071854293134,2.3268354009222434,-0.3586605668743056,-0.8522128784833958,-0.4861065863028987,-0.6328614875211894,-0.21071902854022595,-0.8040413439418215,-0.602406522723786,1.702706684649574,-0.7058481522497109,0.4821510972442787,-0.7684835031659645,3.1637105111603057,-0.7288319676966448,-0.468715451687348,-0.4462744406724269,1.2435817847126753,0.329110301337603,-0.37795707924491667,-0.5898412876687616,-0.6810179654612449,-0.7785409311448866,-0.2704016887956423,-0.6124354686926344,-0.8075931738604872,-0.4997175184791023,1.4507378783860612,-0.7432843691516248,-0.7492856064173085,-0.5779449645973369,-0.6817071861811528,-0.553438319878907,-0.5014334615900439
/Users/oksanagoncarova/Desktop/статьи написать/генерация статья/generated_docx_converted/28.docx,generated,28.docx,0.8014698221585396,0.5943141177553257,-0.2859390564751363,-1.3051422619703958,1.107481956981056,-0.9583058261457259,0.4848137698612617,-0.4652584504061001,-0.031194182926470856,-1.094451251365437,0.7154799212888157,-0.5722074871287044,-0.35829929811483735,1.4744739945291114,1.311261775760796,-1.0196282343034921,0.13755005156542463,-1.03159416031621,-0.09189574257404255,-0.8965574506972611,-0.0709305625881836,0.23444115937727683,-0.1221742355788927,0.5627006881207806,-0.8040057714812828,-0.41947593668735583,-0.8153351384773805,2.039181647297139,-1.0565269636568886,0.7840768275099955,0.381108425125604,-0.3711055827353557,-0.587750424563796,-0.5926262391411579,0.23801874875830834,1.8610838294603698,-0.1327542653885121,-0.6602832548230969,2.046246230796848,-0.22454120232864574,2.3719752591825536,0.20423527982151796,-0.31919285713903967,-0.9632822166584705,-1.01525356390513,0.1354778401034507,0.03248172168613085,-0.3833328040471828,-0.08169564719298472,1.393833328853098,-0.8471745640139259,-0.19624243756530874,-0.24331673225486197,-0.4595346450385103,0.7476348920732122,1.0745247980426451,1.1037535562826335,-0.1566593702552725,-0.8091408292411483,-0.3271513546642807,0.2685779092004228,1.1975302284462608,0.5954784112181385,-0.5046903990689559,0.20240985708743714,-0.41446640865138473,-0.27843544070518556,1.3188348630985154,-0.9859687122032763,-0.19138828804935715,-0.8929025812654376,-1.0069835670249103,-0.2654775792673372,-0.588811369027012,-0.2820886513275058,-0.1637942700395958,-0.24980160442712798,-0.05018920333428127,-0.4661751611527421,-0.35324151979120594,1.1050507126941433,-1.0493881160195078,0.4084255205951182,-0.5268855596724829,-0.5679974250032149,0.35093760030015475,0.5598817971877519,-0.6297738413756212,3.283780400405484,-0.30543729962051797,0.07686717520617971,0.10853880702893424,-0.18911613259914042,-0.7599959700576459,-0.6663621971108639,0.46237177917363154,2.5835526339257404,-0.6980484548860343,-0.1506441370591563,0.2714467530888644,0.2109383856377797,0.9841811508512267,-0.17353439767104922,0.2679545869602462,2.303376932750731,-0.27936190018297313,-0.6160325426919254,-0.18262380826549712,-0.947115216123778,-0.6802222558010773,-0.424796179667006,-0.9737443925137791,1.259034672022631,-0.7363262304761065,-0.40482270882925664,-0.21513751082880575,1.2464980767005431,-0.09490939554378781,-0.3157777077928648,-0.3541269937101625,-0.35128480514510274,-0.4924401694987043,0.2210719823308915,-0.7976980172368612,-0.5672389956094087,-0.6973771213728089,0.6100923647612086,0.18025549618082218,1.043709062285461,-0.48777768967830387,-0.0811337679494187,0.05500123971643815,-0.7260180068101599,2.045104446434706,-0.7554699426776713,-0.8076125180737811,-0.4405692900267722,-0.43674446434347786,-0.3226428791058886,-0.4033745946915972,0.14270351253344626,-0.3746832587440339,-0.2914648825657315,-0.3264112362432159,-0.354708989765921,-0.46333980797514607,-0.28724745884266195,-0.3548762395826569,-0.5708432913657452,-0.24854820667976035,2.8209813603166647,0.1795999185885883,-0.019233614073432503,-0.7084944693805171,-0.8156072495245584,-0.8724407772553341,1.213935856414702,-0.8151941544654414,0.33441645241209694,-0.5934318916786712,-0.18955299348216767,0.7969388974171813,-0.2623939574862797,-0.27235018261241456,0.45174278826993725,-0.7877356953935943,0.7326024582531807,-0.4734548242517995,-0.3586605668743056,0.14061156192714844,1.8721924752469716,-0.6328614875211894,-0.21071902854022595,0.7960694952672135,-0.3483809809622277,1.037874633600498,-0.7058481522497109,-0.1722091964143339,-0.3049760884524698,0.13019283373189386,-0.3039625301020036,-0.468715451687348,0.5063094314438796,-0.6523307978831814,-0.23198861674941715,-0.37795707924491667,-0.5898412876687616,-0.33307496596261443,-0.7785409311448866,-0.2704016887956423,0.8870778043781914,-0.2896183904241035,0.02368031080327997,0.6536275305288594,-0.25480511080999324,-0.7492856064173085,1.760054323351952,0.09827653566801778,-0.553438319878907,0.7203561313739121
/Users/oksanagoncarova/Desktop/статьи написать/генерация статья/generated_docx_converted/29.docx,generated,29.docx,0.6954552842357558,-1.221073297085415,-0.6804032517803557,0.5109612146204385,-0.7506978379207069,-0.4182332959807198,-0.7451717926148547,0.5498958010296595,0.3451645041465896,-0.7810914615457096,-1.0340214255628886,-0.5247958642498985,2.1004261437558442,-0.054318983517868014,2.071225832422122,-0.4784463847600275,-0.5354589023169776,-1.0665494674095293,-0.7850923885474731,-0.9336486387750824,0.13904705419546826,0.4803492058955792,0.37887411728857745,0.2399870528506339,-0.17508272155501758,0.10930466379092142,-0.8754375198896563,-0.38744464055116556,-1.5432554379414982,-1.0740618152977786,-0.31795933316877956,0.3094561804825012,-0.05417095037097717,-0.16417461752364804,0.5420072185063226,-0.0037648854730220867,-0.11372092680997703,0.6926048489564713,-0.6406423429161666,-1.1604262902440357,0.20707736255301448,-0.48897889724426086,-0.31919285713903967,-0.7988764409302265,-0.8357308313982832,-0.24492430291474054,-0.4618574495898806,-0.31048196138365386,-0.2345387118171872,1.021960515137042,-0.6737958039212717,0.5448348732918006,-0.1386551327223196,1.8646079777194982,1.1588100020877372,-1.3400208755873415,-1.1668568975145228,0.14502123223773478,-1.0505805648609006,-0.3641964409925147,-0.12369632191936993,-0.3974916989517305,-1.0356353016204265,-1.0684617041925872,-0.4801706626670757,-0.05882582095482143,0.3282725269582388,-0.7275956506834029,0.5345995382081619,-0.03527681241908245,-0.4234784279229607,-1.0069835670249103,-0.3379510239826843,-0.3707267079473426,-0.14117180166257154,-0.1637942700395958,-0.24980160442712798,-0.5623019597378126,-0.2083345657508139,-0.4737996524679641,-0.6473765890410336,-0.5075921924204544,-0.5523316798527136,-0.29849538129993397,-0.30523760269061884,-0.37123212480350537,1.0778295273401497,-0.9685497199301623,-0.6176151302890514,0.6609984127710429,-0.48302665155702795,0.2354924058419911,0.49664826322483957,-0.2671747990095996,-1.0962260986590935,0.3084355712673469,-0.22212545048158236,-0.6980484548860343,-0.1506441370591563,-0.28652959318346366,-1.1413080422449269,-0.9379061637386741,-0.8440587137687767,0.4273748299094347,-0.5070158824261367,-0.27936190018297313,-0.3076238508314264,-0.5585938714942067,-0.947115216123778,-0.6802222558010773,1.0264204360791684,-0.311653701611066,0.5183980261973101,-0.2405245885576201,-0.13747885656422348,-1.1484473496166372,1.6292167293607072,-0.21783286096647872,-0.5548437018089665,1.5322599399567007,0.2022576767277787,-0.4924401694987043,-0.7453718111734436,0.4277574353832761,0.33881301410269693,-0.6973771213728089,1.5272708615773896,-0.1753806392879897,-0.3508608211276413,-0.48777768967830387,3.975468041402859,-0.021493528305723635,-0.7260180068101599,-0.5491809613237001,-0.7554699426776713,0.39870672590871453,-0.4405692900267722,1.1611378254547151,-0.3226428791058886,-0.7333342587796998,2.935756196052161,-0.7910632141448923,-0.2914648825657315,-0.6883810976012716,-0.00978543715533234,-0.19028113833211396,-0.596149671906592,-0.7153234551588263,-0.5708432913657452,-0.5065760642522873,-0.05524631344026976,-0.7719636252888739,-0.10381593291890778,-0.7084944693805171,-0.004018602692381218,1.2273371071026113,2.5877309845354883,-0.8151941544654414,1.0409637280792277,-0.5934318916786712,-0.4088049828033701,-0.7509626217066395,-0.07855739364049942,-0.27235018261241456,-0.5969470920646137,-0.7877356953935943,-0.32789071854293134,0.7690077315581217,-0.3586605668743056,-0.8522128784833958,0.31556576768212274,-0.6328614875211894,-0.21071902854022595,-0.8040413439418215,-0.17064352591694018,-0.7159175630197637,0.18616891547447376,-0.09454796250691362,-0.7684835031659645,0.7202779747836159,-0.7288319676966448,-0.468715451687348,-0.4462744406724269,-0.6523307978831814,0.8048325142543307,0.032135887453966824,-0.5898412876687616,-0.6810179654612449,0.6521530335316748,0.013489248437389504,-0.6124354686926344,0.07279996777403565,-0.4997175184791023,0.004577105467393869,-0.7432843691516248,-0.7492856064173085,-0.5779449645973369,-0.01884449357392012,-0.553438319878907,-0.5014334615900439
/Users/oksanagoncarova/Desktop/статьи написать/генерация статья/generated_docx_converted/3.docx,generated,3.docx,-0.14920907167313827,-1.229684239581929,1.2037735142135086,0.32863734095735175,0.7928447681045566,-1.207982867276411,-0.4960045711994095,-0.34339045967705917,1.2545157797717377,-1.2954094694596594,-0.5157353420022319,0.3742982276346589,-0.21764708382244036,-0.43532909289657057,0.9775037409647669,-0.008025553641532212,-0.46419335694142194,-0.965911085998249,-0.7809092852441566,-0.6685057174909352,0.8235409843492181,0.35259333856307157,-0.21448749028602726,-0.2086784616991477,0.025860119297547578,-0.1360930525484307,0.06739482468707637,2.0324663161999434,0.01689946342455702,-0.2077257810964058,0.6160854850326748,-0.4450949645750903,0.3924320289306562,-0.6815574168917128,0.018236177338372597,1.345561888696925,0.6310938030754919,-0.8097292282723959,0.31107899610857914,0.3395123656694902,1.5161355904782097,0.6554978113055625,-0.31919285713903967,0.6093684854391814,0.7020008942719106,-0.13866725948325717,-0.4618574495898806,-0.2289234648310154,0.07848717404340969,-0.13011238529850847,0.49359549273409126,0.4691510591116963,-0.24331673225486197,1.018840115064998,0.9377813452842411,-0.5660646625626494,-1.1668568975145228,-0.9026860159294419,-0.4314536276660667,-0.41569985114462893,0.928547984738425,1.6475756511545987,1.0557073571470001,0.015802658476095712,-0.56652476962919,-0.27104980309034066,0.7074143446869824,0.4650605744325131,0.543418937818191,0.1394942235979538,-0.1846823130701346,0.07154872960205721,-0.2450287431091687,-0.5008659463193462,-0.1757880185710508,-0.1637942700395958,0.00346906583278657,-0.34343243414194424,-0.07717102847879923,0.387998988638144,0.31557439793378644,-1.0493881160195078,-0.3470248699310172,-0.4347843056007197,-0.4620361733981306,-0.9048368882599652,0.11343246404686085,-0.5341861062802253,-0.6176151302890514,1.8697387468126037,-0.6628066133688822,1.1927825615659045,-0.3073771948537867,2.214081434752263,-1.0962260986590935,0.751626951704099,2.314753376452032,-0.6980484548860343,-0.09139653384244126,1.1848569371581739,0.01455277340006608,1.5265101202015678,-0.8440587137687767,0.0940357652368416,0.32452936593498993,0.41997488680275086,0.6386430891703242,-0.31756768629913834,0.6314687274347782,0.151827356886404,-0.35418251095541103,-0.9737443925137791,0.198603556192258,-0.3623182365212196,-0.2970128886459154,0.6465262297920988,-0.21392678730860015,0.13607101304552746,-0.24832374086986372,2.9423933297527642,0.30540569862012834,-0.4924401694987043,-0.3323278243669735,0.12672436616236216,0.0234787314067052,-0.2137269173192083,-0.7007555062540312,0.06109512298502787,1.884209812558148,-0.48777768967830387,0.48217402792933356,-0.12784343331143966,-0.7260180068101599,-0.5491809613237001,1.453574918059107,-0.8076125180737811,0.07205950142635231,-0.32675496202430787,-0.3226428791058886,0.11278543937321021,0.04374578484287019,-0.25719904751356315,3.221983759328415,0.7039246741321711,-0.354708989765921,0.14714930075704782,0.19597214091786994,-0.2531738010696948,-0.5708432913657452,-0.5065760642522873,0.28540606365059756,-0.1619370476888222,-0.22140987832146639,-0.7084944693805171,-0.20338531225197437,-0.3444515924133668,0.25746451917662166,-0.8151941544654414,-0.2438154602936035,-0.5934318916786712,-0.4088049828033701,-0.7509626217066395,1.8330021067968205,1.382557988596875,0.7476372034990992,-0.7877356953935943,-0.32789071854293134,-0.16103759339819593,0.8551417813786449,-0.8522128784833958,-0.18373579567497608,-0.2208731852785982,-0.21071902854022595,-0.8040413439418215,0.04899435475143484,0.1835366948988913,-0.032955031561149886,-0.1408913127531263,-0.17419456952785017,-0.17250759010873892,0.3606660510550862,-0.468715451687348,-0.4462744406724269,-0.12353225258392751,0.44398650969329095,-0.37795707924491667,-0.5898412876687616,-0.6810179654612449,-0.23891889840864008,-0.2704016887956423,-0.6124354686926344,-0.1434685624125411,-0.4997175184791023,-0.20383073018618164,-0.11697762986542509,0.3610230756379181,-0.5779449645973369,0.8183843320937617,-0.553438319878907,0.28182912632509544
/Users/oksanagoncarova/Desktop/статьи написать/генерация статья/generated_docx_converted/30.docx,generated,30.docx,-0.7616920887980851,0.3400549477463203,-0.7935152838219578,-0.1855553097617916,1.2003685560802861,-0.49291456758083546,-0.43224502907091406,-0.9717287619930595,0.24534339065083804,0.42385779091591386,-0.2229476657731553,-0.2587748074573329,0.6581698457915145,-0.3169582816122623,0.05144672344797686,-0.2954454927643442,-0.11735942387174825,-0.5131397893912976,0.5477176679225312,-0.9442844827990841,-0.7998836802183428,0.39738202551456797,-0.7132711359601224,0.14744938913518718,-1.3402776248631239,-0.8896685398071914,-0.5697483050759367,-0.2786800111234912,-1.1505706791691575,-1.0740618152977786,-0.7690511758233994,-0.4450949645750903,-0.9321007507285137,-0.8756204305695923,-0.19889919335088424,-0.0578912752630058,-0.47342513199713665,-0.40480906113487136,2.9276088769070934,-1.1604262902440357,0.40054506354560726,-0.9649941269961673,0.27978850847718406,-0.06082555339023915,-0.029816857431249174,-0.6693323881059811,-0.4618574495898806,2.895845051449764,-0.13304809387699282,0.5157201832970444,0.5043723686327318,-0.4667150119635197,-0.24331673225486197,-0.019294950242839153,-0.7304361248047974,-1.3400208755873415,-0.708883835826582,-0.8117160953052711,-0.27142167567324144,-0.37481906540713583,-0.5613498902681053,-0.24609896783356183,0.7189733524077193,-0.15877833594243415,-0.49798127447334856,-0.9227542815648311,-1.1455532923560139,-0.7275956506834029,-0.9859687122032763,1.1588780092285673,-0.8929025812654376,-0.554546446456191,-0.3379510239826843,0.6082995881528834,-0.2820886513275058,-0.1637942700395958,-0.24980160442712798,-0.28685903164786397,-0.4661751611527421,-0.5083695209845674,-0.6473765890410336,-0.020697015051275077,-0.2939571586502696,-0.853304877307716,-0.9435384509457813,-0.9048368882599652,-0.6839803657741793,-0.9685497199301623,-0.6176151302890514,-0.9291353031516743,-1.2148809127661182,0.6936751195747664,-0.3073771948537867,0.6435604179035782,0.29100322037761506,-0.5627877258890048,1.2304386388112025,-0.6980484548860343,-0.1506441370591563,-0.3234823832066326,-1.1413080422449269,0.30266131212716496,-0.3030904055044444,-0.9295929458619132,-0.5070158824261367,-0.27936190018297313,-1.0568157474130395,-0.5585938714942067,-0.947115216123778,-0.6802222558010773,-0.2712419354220926,0.28334664877939275,1.68831222350839,0.6757185487619012,-0.17038289338719817,-1.1484473496166372,-0.5414091334477708,-0.913535245090684,1.3739025530482902,-0.605698349662719,-0.5819883729907089,-0.2255579699408157,0.29424341023468337,-0.7976980172368612,-0.33554262940728474,4.1719358819113594,-0.27772705633773476,0.24237714288583034,-0.3508608211276413,-0.48777768967830387,2.7545126892779286,-0.0434282913450985,-0.7260180068101599,0.2880302505574583,-0.7554699426776713,-0.8076125180737811,-0.4405692900267722,-0.8265621563597865,-0.3226428791058886,-0.7333342587796998,-0.5386866985732379,-0.1192058193847267,-0.2914648825657315,-0.6883810976012716,2.2648735772482875,0.4058230480625982,-0.09771492880043099,-0.7153234551588263,-0.5708432913657452,-0.5065760642522873,-0.7248989742406267,-0.7719636252888739,-0.12806978934813237,-0.06497709256209606,-0.8156072495245584,-0.8724407772553341,2.4186475921180826,-0.8151941544654414,-0.13226114873345884,-0.16097038728582755,-0.4088049828033701,1.1222707109041328,0.32276934491041037,-0.27235018261241456,-0.032902928575670974,-0.7877356953935943,-0.32789071854293134,1.4923994128283036,-0.3586605668743056,-0.8522128784833958,-0.4861065863028987,-0.6328614875211894,-0.21071902854022595,0.05658790090540248,-0.602406522723786,-0.14994495031912441,-0.7058481522497109,0.9704798651540076,-0.7684835031659645,-0.7131673775579299,-0.7288319676966448,-0.468715451687348,-0.4462744406724269,0.013151613568992544,-0.6641114293129019,1.5686198837676026,-0.5898412876687616,-0.6810179654612449,-0.7785409311448866,-0.2704016887956423,1.8071312467217768,0.8639819537942403,-0.4997175184791023,-0.8438164588390366,-0.7432843691516248,-0.7492856064173085,-0.5779449645973369,3.093963264710882,-0.553438319878907,-0.5014334615900439
/Users/oksanagoncarova/Desktop/статьи написать/генерация статья/generated_docx_converted/31.docx,generated,31.docx,0.022689107651760798,-0.0625857892541414,-0.9909455484983486,-0.4551832033962837,-1.2947425357531124,-1.0488602090979489,-1.147069680417028,1.979590589518327,0.2831297769930068,-1.2313490319315474,-0.4952319469656622,-1.2329847773497917,3.355387839632989,-1.0044707880282482,1.6702765476725783,0.48857772724115095,-0.7034415048102937,-1.26438387110937,0.5799008040253169,-0.8833307458826689,-0.17111353268506552,-0.48051038884466224,-0.3935697278500985,1.1306274062051205,-0.7558746258911743,0.22491333731077046,0.26032891199715164,-0.24541334145553698,-1.2868599226118707,-0.5401612862304482,-0.27731057845917595,-0.3671437178821488,-0.9321007507285137,-0.7748836902802544,1.1714682109183705,-0.40988371159833964,-0.48620307991339035,-1.0766579203933397,1.5700028850285197,-1.1604262902440357,-0.3475283128333986,-0.27178412485598824,-0.31919285713903967,-0.4555932219916749,-0.19056717152422425,1.2006382115925618,-0.4618574495898806,1.9521733251493103,0.49255350774992507,0.4827837477568036,-0.3117767775425266,-0.5759670383212792,-0.24331673225486197,-0.44293788005413187,-0.5950098125619533,-0.3860824145379839,-0.8678327145396941,-0.6762474511408123,-0.5418446374939092,-0.5738582398200799,0.075994908993475,-0.3974916989517305,1.2556366665497736,-0.7714820904198642,-0.17801178378766203,-0.38724942414718844,-0.5365206997938584,-0.1395930609752869,-0.6717946722388158,0.6950624255389777,-0.6019306712457525,-0.7115739640519505,-0.3379510239826843,0.41301970756127215,0.15464691723034346,-0.1637942700395958,-0.24980160442712798,-0.20261225997807594,-0.30635302590360747,1.804410910370924,-0.6473765890410336,0.6297691408875667,-0.38363129861343914,-0.16550908494819475,-0.9435384509457813,-0.5740827161258938,1.0633083019805867,-0.9685497199301623,0.0313797970868977,-0.6005879107673058,1.0533133282393465,-0.8451228248249796,-0.3073771948537867,-0.7599959700576459,-0.6433445337535013,-0.5627877258890048,-0.6098198997095099,-0.6980484548860343,-0.1506441370591563,-0.5637921958527778,-0.6664232580207224,-0.9379061637386741,-0.8440587137687767,0.3320789432173341,-0.5070158824261367,-0.16443304553452026,-0.592430189986085,1.2238647041325685,1.2147526179899162,-0.6802222558010773,-0.41139542234473137,0.6678395913223842,3.52023476683878,-0.4290042707671708,0.018189259369988473,-0.16516213117966758,0.2658665238557692,0.8113853843442674,-0.5548437018089665,1.5146384166276257,-0.5819883729907089,-0.4924401694987043,0.6122193582459721,-0.7976980172368612,-0.9448602950389028,-0.29996227750370225,0.1278679250790675,-0.6402434556677445,-0.16720531153041535,-0.48777768967830387,0.5943545027498136,0.35063200452570825,-0.7260180068101599,-0.5491809613237001,-0.7554699426776713,-0.43374486339964347,-0.4405692900267722,0.8162019441137632,-0.3226428791058886,-0.3857064433485,-0.29939463116468545,-0.7910632141448923,5.312705585118887,-0.6883810976012716,-0.14090860433782693,-0.4424427736165374,0.054735955620320825,-0.7153234551588263,-0.5708432913657452,0.037112575365069685,0.10526757077175862,-0.7719636252888739,-0.5825212856618235,0.1318486596411272,-0.3125451530440583,-0.8724407772553341,-0.33579898746240183,-0.8151941544654414,0.033860919243119236,-0.028698029199875047,0.9771478782043316,-0.3432661044044726,-0.5251364543595959,3.4671994633056324,1.244458650528248,-0.3376459343180525,2.65151932418189,-0.4734548242517995,-0.15918455438597376,0.7167670403823843,-0.4861065863028987,0.3827295249876709,-0.21071902854022595,0.8817496663602682,0.2004765604889441,-0.7159175630197637,-0.7058481522497109,0.6523015334557927,-0.28015693616475534,-0.2689078213444231,0.6140270285023979,-0.468715451687348,0.30641903943965887,0.21669557513174048,0.2464114356232213,-0.37795707924491667,-0.2991437781130162,-0.6810179654612449,-0.7785409311448866,-0.2704016887956423,-0.21748376696848506,2.4666696287533565,-0.2240055697205948,-0.3179408853370691,1.8298934453253184,-0.7492856064173085,-0.5779449645973369,4.248787055550022,-0.553438319878907,-0.5014334615900439
/Users/oksanagoncarova/Desktop/статьи написать/генерация статья/generated_docx_converted/32.docx,generated,32.docx,0.6023249388511623,-0.7486485275611047,-0.8735492964096656,-0.4691897709663784,2.8066037358566516,0.7178658890625436,2.3943181160340337,-0.8805504769430113,0.26470091130358975,0.30658103930368835,0.3049057035430748,0.08465555789658202,0.3593665973829891,-0.33018984592614453,1.0359859773203286,-0.06378131686436829,-0.6918058824555264,0.4705169383317711,0.8654450843974165,-0.4532305591533548,-0.015581111195797697,0.2389524031654258,0.8244518263700923,0.8160816185182304,-0.028136032345155555,-0.8896685398071914,0.2759045691862066,-0.38744464055116556,0.7238809110440784,1.443767551330108,-0.6487568789058259,-0.4450949645750903,0.03027048803723426,-0.8246738608235403,-0.8683491633616259,-0.29136593951675915,-0.7355241376277021,-0.6887709612428755,-0.2312262653790798,-1.1604262902440357,0.022735326357838804,-0.4018259266735622,-0.31919285713903967,-0.3226727960314161,-0.3157407082820183,-0.6100143036701012,-0.4618574495898806,-0.2508393734989849,-0.09987972593383591,-0.6212856752689729,-0.6332861823103074,-0.7814985160169347,-0.24331673225486197,-0.480741016993387,-0.15068191056208266,0.3469887875574571,0.419587218506123,-1.2546277852545145,-1.0505805648609006,-0.5738582398200799,-0.9567941238680456,-0.22268075657482678,0.48388015025050257,-0.5432627541046827,-0.44635934072569144,-0.44924267363009357,1.0085560360219818,-0.03435313292142978,-0.43036196924183356,0.8208365631652735,-0.3783280631493164,-0.48456113083029095,-0.202921175078235,-0.9005018574867075,0.18132308086263255,-0.1637942700395958,-0.24980160442712798,-0.5623019597378126,-0.4661751611527421,0.3397693465458502,0.7519339428494958,0.1384262489557098,-0.5523316798527136,-0.2451324451445003,-0.24384426379051896,-0.9048368882599652,-0.6839803657741793,-0.3373549992519446,-0.23503953849430498,-0.3481097460693527,-0.4126351162696886,-0.2528470997370589,-0.3073771948537867,-0.7599959700576459,-1.0962260986590935,0.8697418056028349,-0.6098198997095099,-0.6980484548860343,-0.1506441370591563,1.3826175266439416,2.2179661775423556,-0.9379061637386741,-0.8440587137687767,-0.9295929458619132,0.29855646030943167,-0.27936190018297313,-1.0568157474130395,-0.5585938714942067,-0.18247638971985664,-0.6802222558010773,-0.675060584737967,-0.24797219737947143,0.6436112228916947,-0.7363262304761065,-0.7869153121634443,-1.1484473496166372,-0.5414091334477708,-0.15091850175968857,-0.5548437018089665,-0.605698349662719,-0.5819883729907089,0.12388966963894808,-0.14515766871942093,-0.12603663752860056,-0.24129021905673204,-0.6973771213728089,-0.21229082610774744,0.8884799261105966,-0.3508608211276413,-0.48777768967830387,0.44552177663697107,-0.45442626659982593,-0.7260180068101599,-0.06582327355195551,1.652082295852137,-0.8076125180737811,-0.4405692900267722,4.257495457017018,-0.3226428791058886,1.1109717664703096,-0.5386866985732379,-0.015279440026684264,-0.2914648825657315,-0.6883810976012716,-0.354708989765921,-0.12648149309920784,-0.596149671906592,-0.04375149872092621,-0.5708432913657452,-0.5065760642522873,0.0091625195767204,0.11449542227966915,-0.5825212856618235,0.034565506132672036,0.07404198108820494,-0.1051942225841363,0.7137762639116361,-0.8151941544654414,-0.6753935194689803,-0.0940750033638805,-0.4088049828033701,-0.029964368252584275,-0.5251364543595959,-0.27235018261241456,-0.5969470920646137,-0.7877356953935943,-0.32789071854293134,-0.4734548242517995,-0.3586605668743056,0.997580997105511,-0.04671700408651736,-0.034181411233120594,-0.21071902854022595,0.18971448711875585,-0.602406522723786,0.5911228087995608,1.2497787557702913,-0.0764025610877956,0.09510641477816684,-0.7131673775579299,0.06276909649803128,-0.468715451687348,-0.4462744406724269,-0.6523307978831814,1.7512344253428875,-0.37795707924491667,-0.5898412876687616,-0.6810179654612449,0.0056098759696094035,-0.2704016887956423,0.7844834406281793,0.1574783363794384,-0.4997175184791023,-0.8438164588390366,1.0769487025864526,-0.7492856064173085,-0.5779449645973369,0.0449112636723878,0.1418600387594559,-0.5014334615900439
/Users/oksanagoncarova/Desktop/статьи написать/генерация статья/generated_docx_converted/33.docx,generated,33.docx,-0.7910396415158804,1.0460002081228001,-0.25051579645204075,-0.3350825391590714,-0.45472211774168053,-0.045812532482640236,0.17898230201774876,-0.9177374856730112,0.6536469327071462,0.2262771624807112,-0.4129931422858339,-0.01674718135618107,2.6345631060512615,-1.1748164578660572,1.7214312884265557,-1.0146047140360266,-1.241729489558262,-0.23931421390735003,0.984990010830092,-0.6774122042012336,-0.7662743231886698,0.4589684430384875,0.7522334637744643,-0.7752875304690473,-0.006550024767722636,-0.29811052088374246,0.043341444848240616,-0.38744464055116556,-0.9308933333678246,-0.22396776901581553,-0.6371828266295522,-0.4450949645750903,-0.7154839904796002,0.33584256822684166,0.5235927896838086,-0.5448931856068786,-0.6100304337148666,-0.5528092450625822,0.540960029059483,-0.866062701326557,-0.4457635584658648,-0.05366448969992372,-0.31919285713903967,-0.3113872681085337,0.6649956827490063,0.7411976006990023,-0.4618574495898806,-0.7010796306735916,-0.013093569255136052,-0.7711273015379686,-0.7832138243957473,-0.29061751103507766,-0.24331673225486197,0.40037991528995776,-0.48273804578040125,0.9383175847829688,-0.4526826352639609,-1.2546277852545145,-0.13930116098507636,-0.41866499000161767,-0.03179617938770323,-0.3974916989517305,-0.693612908313467,-0.3591705878033651,0.20912622994274851,-0.9227542815648311,-0.7819076181562803,-0.49353636740153145,-0.9859687122032763,-0.380490013849374,1.1919252788756067,-1.0069835670249103,-0.3379510239826843,-0.9005018574867075,1.5954502783561413,-0.1637942700395958,-0.24980160442712798,-0.34753577978418343,-0.4661751611527421,-0.14600498257819372,-0.6473765890410336,-0.24730523213768185,-0.5523316798527136,-0.03195650390751101,-0.9435384509457813,-0.5098586050318993,1.663408657532284,-0.542329515173562,-0.6176151302890514,-0.5367923005955837,-0.13143278987807092,-0.04524325502093798,-0.3073771948537867,-0.7599959700576459,-0.5554063658106679,-0.24034468772149664,-0.6098198997095099,-0.6980484548860343,-0.1506441370591563,0.6037289647387182,-0.5742126203072847,1.4803074714233102,-0.42225918583183997,0.07484486874486629,-0.5070158824261367,-0.27936190018297313,0.052299273237744894,-0.5585938714942067,1.1182031807382367,0.13622816762945758,0.2695262591756637,1.4766783018047656,1.143816852185946,-0.3693301038333969,-0.7869153121634443,0.025767037448870184,-0.5414091334477708,-0.3985710765943271,-0.25407034877498247,-0.605698349662719,2.0302834956648295,0.3399249363202746,0.47052901774831446,2.3771218756660284,-0.4697679471125424,-0.22279434665533204,1.608127258722661,0.7361364399005688,-0.3508608211276413,-0.48777768967830387,-0.30746178876819347,2.4297145299566996,-0.7260180068101599,2.0619538394412387,-0.7554699426776713,-0.3611492022978692,4.841120489472937,0.6447484093556013,4.258474410139143,-0.7333342587796998,-0.5386866985732379,-0.26720788358030384,-0.2914648825657315,-0.6883810976012716,-0.354708989765921,0.6193810794728375,-0.20751407877159064,-0.7153234551588263,-0.5708432913657452,0.1426831849995079,0.2664649581528043,-0.7719636252888739,-0.2281799616194443,0.2950220827521261,-0.8156072495245584,1.1999211923085173,0.23858572925204355,0.7086553023274241,-0.6753935194689803,-0.5934318916786712,0.9704199516945854,1.19648093666876,-0.5251364543595959,-0.27235018261241456,-0.5969470920646137,1.3622076293555956,2.1181904633785993,-0.4734548242517995,0.8323855271094232,-0.8522128784833958,-0.4861065863028987,-0.22859710390115767,-0.21071902854022595,-0.13299832042351392,0.35637618829724116,0.6079694958819324,-0.04557036961222434,-0.003914738915184258,1.5641055353252482,-0.7131673775579299,-0.7288319676966448,-0.468715451687348,0.1529572619410783,-0.1334461188499999,0.4232119919214976,-0.37795707924491667,-0.2426976597526773,-0.6810179654612449,1.3394800637663136,-0.2704016887956423,0.3308472363961107,2.4507751491290173,1.1465237289624717,-0.21582912349202693,-0.7432843691516248,-0.20453924767879672,-0.5779449645973369,2.2622286960175577,-0.08393152731995887,-0.5014334615900439
/Users/oksanagoncarova/Desktop/статьи написать/генерация статья/generated_docx_converted/34.docx,generated,34.docx,1.8949018833312632,-1.3201748882832218,1.5081843911632866,-0.7914841571657638,1.046808063890645,-0.5814188524684302,1.8319969673595806,-0.12554881746968408,0.035791897284297436,0.3166226401745505,-0.36969174587015335,0.3801971572674406,0.071758512191812,0.2624760846185298,1.6068541422377862,-1.0331765408543656,-1.5612040481829306,-0.3114168415225556,-0.5798835897352346,-0.7390928124882001,-0.2133521863145931,0.9462830994339121,1.3465700998688404,0.525055338260151,-0.23100187268914726,-0.3122228527077332,1.0783574809611507,-0.27706868328011824,0.44925611582926805,-0.24424779038136565,1.2154520085570852,-0.4450949645750903,-0.6501686100472482,-0.8707410748631446,-0.18898141601739177,-0.38593525235362547,-0.7788924562046358,-1.0766579203933397,1.3315729773212386,-0.777304704145339,1.417257326818239,1.2237681225861379,-0.19762182441396908,-0.043974763299874486,-0.011416653007032793,-1.052808594218704,1.157076411547593,-0.6318793945497418,-0.021070596987985246,0.539400559325674,2.5568624875664887,0.4962893374739645,-0.24331673225486197,-0.26194925772248373,-0.7238765205576544,0.6368555168966431,-0.23734120194048006,0.09379224859095983,-0.655229572939755,-0.5738582398200799,-0.9567941238680456,-0.24385611255773712,-1.0356353016204265,0.7778586135892048,-0.831703839758683,0.32570704288532015,0.2743285754016389,0.18630641358189115,0.9672492408306758,-0.083912772453487,-0.4406599655616396,-1.0069835670249103,2.9849011532407035,-0.39011717093701875,-0.2820886513275058,-0.1637942700395958,-0.24980160442712798,-0.5623019597378126,-0.21777186858905442,-1.156115108189737,0.9923674009797055,-0.005457146888782809,-0.5523316798527136,0.21570060911773586,-0.9435384509457813,-0.39076275666857846,-0.005050226571428806,0.1409228304907222,1.0635503787523508,-0.9291353031516743,0.9003214029636839,0.19594047583065094,-0.3073771948537867,-0.7599959700576459,-0.392335666407134,1.115883045363887,0.13718875148260143,0.6823671830630039,-0.1506441370591563,1.0920808793532242,-1.1413080422449269,2.209459469476511,-0.8440587137687767,2.3386595075481638,-0.1530203671107464,-0.10073391563786142,-0.33504525358212606,-0.25077350164377304,0.39691660335919315,-0.6802222558010773,-0.675060584737967,-0.9737443925137791,0.8888097832203553,-0.2586715767585582,-0.7869153121634443,0.3798220944638291,-0.12317350968571893,-0.913535245090684,-0.16337964711941957,-0.605698349662719,-0.5819883729907089,-0.4924401694987043,-0.21786334697746812,-0.2073969266610173,0.2918288929837886,-0.6973771213728089,-0.7007555062540312,-0.19239522603130102,-0.06541454542685488,-0.1195692481520646,-0.6912797951928124,-0.45442626659982593,-0.7260180068101599,-0.5491809613237001,-0.05016378942936011,1.51672024745589,-0.4405692900267722,1.0883854078196749,-0.3226428791058886,-0.19303429466506383,-0.5386866985732379,1.254369298791612,-0.2914648825657315,-0.6883810976012716,-0.354708989765921,-0.21455948052046794,-0.09033071038404346,1.645566542462515,-0.5708432913657452,-0.5065760642522873,-0.7248989742406267,-0.7719636252888739,-0.5825212856618235,-0.055443501794415796,-0.03372380806663089,-0.19813302092774981,1.1795433549855092,-0.8151941544654414,0.42696403298681873,-0.5934318916786712,-0.4088049828033701,-0.7509626217066395,-0.5251364543595959,-0.27235018261241456,-0.024546718746205193,-0.7877356953935943,-0.32789071854293134,-0.4734548242517995,-0.3586605668743056,2.399233088455885,-0.4861065863028987,-0.10670126361137033,-0.21071902854022595,-0.8040413439418215,-0.186446615996145,-0.7159175630197637,-0.7058481522497109,-0.2832040174675377,-0.7684835031659645,-0.7131673775579299,0.6625922993888991,-0.468715451687348,-0.4462744406724269,0.6983520223975271,0.7510672457316083,-0.37795707924491667,-0.5898412876687616,-0.6810179654612449,-0.7785409311448866,-0.2704016887956423,-0.6124354686926344,-0.8075931738604872,-0.4997175184791023,4.060231046210683,-0.7432843691516248,0.6687164620375363,-0.5779449645973369,-0.6817071861811528,1.2797862413937442,-0.5014334615900439
/Users/oksanagoncarova/Desktop/статьи написать/генерация статья/generated_docx_converted/35.docx,generated,35.docx,0.3008865454489252,-1.2829265686083728,1.592212015048185,-0.012941052364505684,-0.3365203889328947,0.4077092488800839,1.0386958427102766,-0.3895786962227691,-0.6956314087626382,0.26939271337592446,-0.23596434508942854,1.1074374987502782,0.1307491535245316,-0.8736803972800197,1.129133988885311,-0.8008396225632016,-0.48742339494289316,-0.5177879819173961,1.3288543714946923,-0.9455175357854815,-0.10252724914543786,0.816919239960419,1.670328783395845,-0.5525494997159023,-0.08128671405542122,0.14707254338929696,-0.4132816453212496,-0.38744464055116556,-0.1773626232913018,-0.26142124043830883,-0.0010028096590552877,-0.38577085598671335,-0.5179546469114638,0.43161642861016863,-0.4248105871138434,-0.4001352448993781,0.1390227133698417,-0.40896600948530776,0.9596996681605968,-0.5976372737538445,0.88184895315482,0.10095694560887561,-0.31919285713903967,-0.4446600908390454,0.1682199064218752,-0.10004981030945338,-0.4618574495898806,0.38575616656486506,0.18527260348798824,0.5058302033362929,-0.4989278464737074,-0.46866268032655556,0.250403763939828,-0.1481948128277718,-0.7331757077605862,-0.3720389424209781,-0.7117174647553104,0.2859715920107969,-1.0505805648609006,2.294352743543405,-0.5637966329125257,-0.3974916989517305,-0.1637591430474476,-0.1644068440882106,0.8265847340615515,-0.3114424105144584,0.013193911435968498,-0.5784309228910091,-0.7468693308179061,-0.4238250855207525,0.21430544416683944,-0.33252695055090953,-0.3379510239826843,0.8488751404695012,-0.08266440045754445,0.024933847037524284,-0.24980160442712798,-0.15169395065642352,-0.10128148304286594,0.4532293259908047,-0.04519836356136699,-1.0493881160195078,-0.42394374303161436,-0.5915844173817065,-0.9435384509457813,-0.6531193435613877,-0.35154070939049836,-0.42529401196858124,-0.28834055437695255,0.0710170746038561,-1.2148809127661182,0.6841540740472235,0.26154758255559324,-0.7599959700576459,-0.4069030596071425,1.0811420458308105,-0.6098198997095099,-0.6980484548860343,-0.1506441370591563,-0.3277664576995422,-0.41849429130499205,0.29498551592488015,-0.5752481334513818,-0.2894701056164576,-0.5070158824261367,-0.27936190018297313,1.063683441844839,-0.5585938714942067,0.6981552264372518,-0.6802222558010773,0.729559735252795,-0.34908788831668125,-0.5787277373685789,-0.5024415643182712,1.3575967474288624,-0.7742870792769028,-0.33661912778659964,-0.913535245090684,0.21188128689383723,-0.2022824522145827,-0.0270594154717493,-0.4924401694987043,2.870767927383564,-0.5086557721181153,0.26623494136479986,-0.09247899972522901,0.14006656317635446,-0.42095357151676566,-0.3508608211276413,-0.30748360533806085,-0.2020694750774564,-0.045971270069738356,-0.7260180068101599,-0.13316540500383284,0.625948979195488,-0.5230838378470585,-0.11999856509630324,-0.20145659348490363,-0.12800811140835777,-0.4687751767137536,-0.5386866985732379,-0.12336282054710021,-0.2914648825657315,-0.10793188105184828,-0.354708989765921,-0.853600130263927,-0.596149671906592,0.7296953587255822,-0.5708432913657452,-0.5065760642522873,0.22278741344633018,-0.7719636252888739,0.9982175119490376,-0.06895874477624885,0.7157966319740069,0.11808811165343858,-0.4346604729880238,-0.4914804550528612,0.4041501472201851,-0.5934318916786712,-0.4088049828033701,0.1798588913401896,0.10685819248268415,-0.27235018261241456,-0.5969470920646137,-0.4451988535424192,-0.32789071854293134,-0.4734548242517995,-0.3586605668743056,-0.8522128784833958,-0.4861065863028987,-0.6328614875211894,-0.21071902854022595,0.4789150319377503,-0.602406522723786,-0.7159175630197637,-0.2850566573194416,-0.19420923668709394,0.34642637382996855,1.3154315177016118,-0.04751797303879892,-0.468715451687348,-0.2553308631487934,-0.6523307978831814,1.4147247511183874,-0.37795707924491667,-0.36860851263455124,-0.4020399854919995,0.233811647018078,0.9348779698346329,1.4915860888815675,0.023023099300993544,-0.4997175184791023,2.357887267521565,-0.7432843691516248,-0.4021216692395968,-0.042347944016799303,-0.3690147574731111,-0.25422415530165543,-0.011622784146204856
/Users/oksanagoncarova/Desktop/статьи написать/генерация статья/generated_docx_converted/36.docx,generated,36.docx,-0.7696344603628742,0.3971931028551335,-0.9170877068068722,-0.5259919922782617,0.12407438711971805,0.005301988099986558,-0.2254628884805914,-0.8417936313280806,1.7831294886115143,0.7027910254703237,0.05061319614589227,-0.18844211501229768,-0.06310312451286215,0.8905216155066488,0.7582785486617263,-0.10070019195849421,0.9745601682480605,0.3910322178409998,2.3622238195609184,-0.8733302333217852,-0.8813047162014567,-0.5716218857834832,-0.5332578570179278,-0.881081778234512,-1.211178602857996,-0.7610670985754343,-0.12085175761493797,-0.38744464055116556,1.1192272496299183,-0.7044503282171055,0.03510899299636144,0.040585554121368224,0.00972495940759184,-1.2049769407548065,0.6446532433875417,-0.15522516772887474,0.16781855058915437,-0.3933670936627839,1.8891611918294877,-1.1604262902440357,0.3381015437841103,0.3546240352250669,0.4930502872686372,-0.4270542969699108,2.9387226729297695,3.62727568894216,-0.4618574495898806,2.0629516347672543,0.45214174794369,-0.8117639530371461,1.615997199110664,-0.354639254916263,-0.24331673225486197,-0.0912928832031483,-0.8730001000800394,0.31097305481685966,0.07520337692066119,-0.6540214819696307,0.0059906449894972956,-0.5738582398200799,1.7243983653728887,-0.3974916989517305,-0.4408050897963286,-0.7600697733840563,-0.6054331397442597,-0.08862946653918416,0.11931963787351098,-0.11699732827034616,-0.9859687122032763,1.6294997868340433,0.3157108720565032,-0.7002219793088849,-0.3379510239826843,0.12249626970240678,-0.2820886513275058,-0.1637942700395958,-0.14174682501929542,0.18472171364965795,-0.4661751611527421,-0.7169304000089975,-0.6473765890410336,-0.003177821628671937,1.900232989238084,-0.49619169079440995,-0.9435384509457813,-0.9048368882599652,-0.003567846354828837,-0.5979180600734038,-0.1683254833312618,-0.24678971442675854,-0.27273839658952503,-0.14956524840440535,-0.3073771948537867,0.5088571410774113,2.6660528929409004,-0.5627877258890048,0.1388197747384795,-0.6980484548860343,-0.1506441370591563,-1.0158774572848233,-0.6481744104173469,1.1649189099815145,0.2563038975391971,-0.9295929458619132,-0.5070158824261367,-0.27936190018297313,-0.09235386482675324,1.0866992843875873,-0.049137624940832056,-0.6802222558010773,0.1463312355735367,-0.9737443925137791,-0.5041164740840307,-0.0980628067312602,0.8851708634754233,-0.1273764983314346,0.29688847051197514,0.8776705439033399,-0.03175199554258494,-0.055244110553718986,-0.5819883729907089,0.5932692501874485,-0.39293165823901455,0.779875202992032,1.1207886762217063,0.9533696012834981,0.44653213258737134,-0.6402434556677445,-0.3508608211276413,-0.48777768967830387,3.3138359609306343,0.6602337443093563,-0.7260180068101599,-0.5491809613237001,0.6582223033527868,-0.8076125180737811,-0.4405692900267722,1.732276073504472,-0.3226428791058886,-0.7333342587796998,-0.29019912813763193,-0.7910632141448923,-0.2914648825657315,-0.6883810976012716,3.197551737207059,-0.853600130263927,0.41769706756436786,-0.7153234551588263,0.9523680115705849,-0.5065760642522873,0.9992373087632617,-0.7719636252888739,-0.5825212856618235,-0.27217657400639694,-0.2932135091618382,0.47911931075497693,0.5393313007465079,-0.8151941544654414,0.42937092720615466,0.28622124695096457,-0.16893628531601093,1.7892181245236307,-0.5251364543595959,-0.27235018261241456,-0.5969470920646137,-0.7877356953935943,-0.13452180256040883,0.059700869274786926,-0.3586605668743056,-0.8522128784833958,-0.4861065863028987,-0.6328614875211894,-0.08147700586061515,1.530055321268292,1.0650659418001198,2.354010157457183,-0.13168520123423127,-0.2832040174675377,1.2598843157491018,-0.7131673775579299,-0.7288319676966448,-0.468715451687348,-0.4462744406724269,-0.20112016141386166,-0.6641114293129019,4.109427007890727,-0.28797286944886524,-0.6810179654612449,-0.31809488225116356,-0.2704016887956423,-0.6124354686926344,-0.2409121735245541,0.07289646767612121,-0.8438164588390366,0.8599514848639659,-0.7492856064173085,-0.5779449645973369,0.1716199831664988,-0.553438319878907,-0.5014334615900439
/Users/oksanagoncarova/Desktop/статьи написать/генерация статья/generated_docx_converted/37.docx,generated,37.docx,-0.5468288617543572,-1.141493106386345,-0.6065490542404367,-0.6223503441588908,-0.36582425141838465,-0.8380154934012615,-0.3426419898947532,-0.5220358566263736,0.206803242915894,-0.3136503887502352,-0.4379981842492951,-1.0325488215300447,-0.20246226942907783,0.017019855416968228,0.847004938663255,-1.3041651211452092,-0.15215508861244534,0.20714469602384353,0.9524381995689941,-0.7532104404029889,-1.09432981915903,-0.31133850128528384,0.019079673329376927,-0.22791403654532433,0.4278743605461808,-0.1466139550618836,0.3657520682062924,-0.28092116622944413,-0.38947561895817406,-0.5401612862304482,-0.023428102010212018,0.6072468657796205,-0.6600089665134151,-0.8824070028988923,-0.6497973018316262,0.25230561330068496,-1.0935467676063455,-0.7476553986917054,-0.02625335239332911,-1.1604262902440357,2.7843048753064186,0.2898739356708779,0.6194295822353489,-0.8269235532407636,0.3500645707465902,0.07391480868692889,-0.20145282306124995,-0.0657542920957447,-0.1374664390023487,0.4827837477568036,0.0798201242791004,-0.4732012994734513,1.3136676012452302,-0.5245748470846218,-1.1732094114869465,-1.3400208755873415,-0.7183206230522796,0.04672796650131555,0.47562721724007345,0.20589321048731576,0.20509353810116515,-0.3974916989517305,0.25320518047531115,-1.0684617041925872,-0.831703839758683,1.085388933751329,-0.6887788479343973,-0.43359435582934486,-0.9859687122032763,-1.3640807205019188,0.4164710138231453,-0.12075475810603117,-0.22341981908769934,-0.9005018574867075,1.028118054346042,-0.1637942700395958,-0.24980160442712798,-0.5623019597378126,-0.4661751611527421,-1.156115108189737,-0.6473765890410336,-0.5456409389473854,-0.5523316798527136,-0.3374580330380751,-0.9435384509457813,-0.4087056300588581,-0.35636374057016074,-0.43317556029687165,0.0313797970868977,-0.43631421457512143,-0.5344226404644787,-0.8451228248249796,1.9353060950686392,0.15642758687021807,-0.41690375130070534,-0.5627877258890048,0.8320512983442291,-0.2539702534432192,-0.1506441370591563,-1.0158774572848233,-0.4289808659086203,-0.9379061637386741,-0.8440587137687767,-0.9295929458619132,-0.5070158824261367,0.06542466376238548,1.0329192610082556,-0.5585938714942067,0.3500054843444385,-0.16745156303677797,0.5114326460315938,-0.9737443925137791,0.023505549563896,-0.7363262304761065,1.6283984024368539,0.3264804780388171,0.6695043525075394,-0.2666900090525772,-0.5548437018089665,-0.605698349662719,-0.21740300378810676,-0.23105722468359813,0.7819182544233991,-0.2280003709494088,-0.3480979555704257,-0.10125485556914894,-0.2864437905874818,-0.20802659821793884,-0.3508608211276413,-0.13242093050979287,-0.6912797951928124,1.5582194112140098,-0.7260180068101599,-0.13920095449627837,-0.7554699426776713,-0.8076125180737811,-0.4405692900267722,-0.8265621563597865,0.06097913779837002,-0.21189253563290014,0.538127604765248,-0.13304981111864098,-0.2914648825657315,-0.11635303242735509,3.8143985260819133,-0.23686409529284266,0.38017876938377715,-0.7153234551588263,-0.13079023622812588,0.3089568951737481,-0.10227406548133772,-0.7719636252888739,-0.13743401277932282,-0.0782371226142839,0.6935790399169418,1.0798758343154895,-0.1289401559183883,-0.8151941544654414,0.3884881385991689,-0.5934318916786712,-0.4088049828033701,-0.7509626217066395,-0.10991933777005751,-0.27235018261241456,0.5078963534911033,0.562533587833031,-0.32789071854293134,0.6817532122897214,-0.3586605668743056,-0.06772291905050574,-0.11341996421272159,-0.1250659812667593,0.34934785275220015,-0.8040413439418215,-0.602406522723786,-0.7159175630197637,-0.7058481522497109,0.06761056412871112,0.6964961978376628,-0.7131673775579299,-0.7288319676966448,-0.468715451687348,-0.4462744406724269,-0.6523307978831814,0.7016728680912828,3.4349762654616915,-0.5898412876687616,-0.6810179654612449,1.2167898232074332,0.25750652165198873,1.7572747416522616,0.8295382274464346,-0.4997175184791023,-0.8438164588390366,0.800622319534541,-0.7492856064173085,0.47770820422561494,-0.06539540596475607,-0.553438319878907,-0.5014334615900439
/Users/oksanagoncarova/Desktop/статьи написать/генерация статья/generated_docx_converted/38.docx,generated,38.docx,0.036437161448794,-0.6138879131892659,2.345634841562127,2.2223556020131094,1.2164554245471249,0.35797556426134314,0.5864686242503131,-0.88904784498742,-1.2917939824586049,1.239810105153993,-0.8274259528420554,0.8545422092722741,-0.6472243451398688,1.7176410771308241,0.6235023158012382,0.34155964787531745,-1.3475568804063807,-1.26438387110937,0.01174707716188742,-0.764836856926877,-1.1108279314999356,-1.1571979390821758,-0.49822206068288594,0.3906629728832748,0.708960411181244,-0.16874491576625217,-1.2155952749308185,-0.38744464055116556,1.4418536707677032,-0.5560628523756603,1.778609206346633,-0.4450949645750903,-0.9321007507285137,-0.2660891656980576,-0.4442640334405005,-0.10837278275814727,-0.5042920595957998,0.5193600245403331,0.5647066271401614,-1.1604262902440357,1.0405314518752133,1.4657810501521567,-0.31919285713903967,-0.11744173306961607,-0.48503611315275846,-0.32403169986004904,-0.4618574495898806,1.8663140746632758,1.1806658690130165,0.056441898831126644,0.424764110828628,0.11584638109494225,-0.24331673225486197,-0.5318692150077867,-1.1732094114869465,-0.8772575829771063,4.490446402659195,-0.4128967971747202,0.05998311501551199,-0.19559448036863417,0.9220096706122908,0.03407950150630475,3.1325445792767086,-0.636260038616372,0.4367414553038123,-0.5330876503104999,-0.259213325946708,-0.15710599000372116,-0.528743579378621,-0.7647364853384853,-0.8929025812654376,-0.14714998578904956,-0.3379510239826843,1.4889980520023496,-0.2820886513275058,-0.1637942700395958,-0.24980160442712798,1.2698261743504908,-0.23358211487217773,1.3058995349776883,-0.6473765890410336,-0.07190073366332089,-0.3068179059316642,-0.35282189253692603,-0.9435384509457813,-0.4234822852398784,-0.6839803657741793,-0.9685497199301623,-0.3027824217415183,0.0271507422461574,0.10550241773840946,-0.3577217079329616,-0.3073771948537867,0.5736975540393312,-0.4371365262322281,-0.5627877258890048,2.5377655124432974,-0.6980484548860343,6.225906353572119,0.29998392788703004,-0.45019664880235766,0.24091131944840843,-0.33001742860042504,-0.9295929458619132,-0.5070158824261367,-0.27936190018297313,0.2948474784881816,0.5943196312503797,-0.3178714328285069,-0.6802222558010773,-0.675060584737967,0.8180334747884224,0.3909238535351577,-0.7363262304761065,-0.7869153121634443,0.28255157905111905,0.24182281802828723,0.3416242582129618,-0.18829535194666122,0.16574608580827851,-0.5819883729907089,-0.4924401694987043,0.7364298110172098,-0.7976980172368612,-0.9448602950389028,-0.6973771213728089,-0.7007555062540312,-0.22089964211587265,-0.3508608211276413,-0.48777768967830387,0.24422765906286834,0.3266543407998152,-0.22547138768066777,-0.5491809613237001,-0.7554699426776713,-0.8076125180737811,-0.4405692900267722,0.3688151480851649,-0.3226428791058886,-0.2274230316711361,-0.5386866985732379,-0.7910632141448923,-0.2914648825657315,-0.6883810976012716,-0.354708989765921,-0.853600130263927,-0.1225248180941689,-0.7153234551588263,-0.14389667157086197,-0.5065760642522873,0.4832626194187688,-0.7719636252888739,-0.15069038606386892,5.406364651835731,2.1128668396569084,-0.8724407772553341,-0.7495166505504289,-0.19616269418524424,-0.6753935194689803,-0.5934318916786712,-0.4088049828033701,0.4356987224115405,-0.5251364543595959,-0.27235018261241456,-0.5969470920646137,1.8323706738539907,-0.32789071854293134,-0.4734548242517995,-0.3586605668743056,-0.8522128784833958,-0.12451997376497899,-0.1401900416325583,-0.21071902854022595,-0.8040413439418215,-0.602406522723786,3.586490319411208,-0.7058481522497109,0.22734498806237644,-0.05780995584107136,-0.06662562439041507,-0.7288319676966448,-0.025319822613571078,0.2840009961723467,-0.6523307978831814,-0.6641114293129019,-0.37795707924491667,-0.5898412876687616,-0.6810179654612449,-0.7785409311448866,-0.2704016887956423,-0.6124354686926344,-0.8075931738604872,-0.4997175184791023,-0.8438164588390366,0.754638970585504,-0.7492856064173085,-0.5779449645973369,-0.08375148917805549,-0.553438319878907,-0.5014334615900439
/Users/oksanagoncarova/Desktop/статьи написать/генерация статья/generated_docx_converted/39.docx,generated,39.docx,0.3033754788892153,-1.2183387315664502,-0.3725376145864,-1.530847923149821,0.8746960707624147,-0.1810147240119251,2.611894232779209,-0.75796541674622,-0.6958296600779479,-1.0078976899497105,0.4603570196161413,1.6297996642804715,-0.3804807854147319,-0.7693348742905792,0.2337458629711808,-1.226212870169321,0.6593959600983941,-0.6245810433467941,-0.4696701791095369,0.21422229399956608,-1.0060143460209552,0.019664319180725715,-0.07061272210982851,-1.586455479295769,0.3558451681973837,-0.6742877740192414,-0.4822078576748362,2.7002299320604095,2.0240299962107455,0.4734948133249807,1.985598028056431,0.7750263774939016,0.32978957177466417,0.6650165068838182,0.14523704184235078,0.46345715814903304,-0.03728400115058191,-1.0766579203933397,-0.6138562091722156,0.5543743730353573,2.801806399704755,2.0237296208126887,-0.31919285713903967,-0.33718754835105863,-1.2718306560658534,-0.18190066244246653,-0.4618574495898806,3.0802562850997743,-0.10398415026709866,1.6399174594733654,-0.1869087259621542,0.2908526994005253,-0.13049040530876194,-0.20156948996496046,-0.1676326346144695,-0.23399178715468805,0.913336687412272,-0.24873668248339043,-0.16581164583698152,-0.12182290368380813,-0.058705757164719534,3.5565085096328324,2.451125411034481,-1.0684617041925872,-0.831703839758683,0.008569865879698997,-0.08635326423840857,0.9767804564910239,0.10682387731718201,1.5008490120881846,-0.3868583086958538,-0.49322147350733486,-0.20515960260761157,-0.3293985636634332,-0.13017877584765714,0.05184899781522178,-0.06883223959733532,0.06325296909835533,-0.4661751611527421,-1.156115108189737,1.187441771318594,-0.46532629881935816,-0.25893613627373163,-0.2552142894611992,-0.9435384509457813,-0.32960522955580496,0.07571961934055126,0.27291273897570306,-0.2413816009618922,0.7850458991423912,0.3630125748333927,0.9022493899517189,-0.3073771948537867,-0.2287294614339354,-1.0962260986590935,-0.09319369614432087,4.405445398640259,-0.6980484548860343,-0.1506441370591563,1.3428570052136257,-1.1413080422449269,-0.23354691183922532,-0.22976559336525168,-0.9295929458619132,-0.5070158824261367,-0.27936190018297313,-1.0568157474130395,0.1302874047678559,-0.1951520211668256,-0.6802222558010773,0.24204681092919206,-0.26000352582148334,0.6199547293323456,-0.2018467422841156,-0.7869153121634443,-0.2934063027700574,0.3945740518607704,-0.16356061257063634,-0.5548437018089665,0.3161984379235388,-0.5819883729907089,-0.18938378589542665,-0.7453718111734436,-0.7976980172368612,-0.25295349676682166,0.6849522282918458,-0.7007555062540312,-0.13911635327104152,2.5237821942793524,-0.48777768967830387,-0.6912797951928124,0.47898600484655157,-0.7260180068101599,-0.5491809613237001,0.03374391480885925,-0.8076125180737811,-0.07428089710890097,-0.11230818922312741,-0.3226428791058886,-0.7333342587796998,-0.12252150869205489,-0.028139824385542925,-0.2914648825657315,-0.6883810976012716,0.017122299762119698,-0.1385351418869214,-0.596149671906592,1.2659939063261734,0.44958202810500925,-0.5065760642522873,-0.7248989742406267,0.09980034299281859,1.481676734649413,0.7529896560315769,0.059294017245770034,1.3911423052972833,2.1285543474700344,-0.8151941544654414,-0.058643011695684664,-0.5934318916786712,-0.4088049828033701,0.6671295062473629,0.43769758098893874,-0.27235018261241456,0.04354966891332267,-0.7877356953935943,-0.32789071854293134,0.419470484019202,-0.3586605668743056,-0.8522128784833958,-0.4861065863028987,-0.6328614875211894,-0.21071902854022595,-0.8040413439418215,0.32848376098166115,1.2121422346103519,-0.7058481522497109,-0.2832040174675377,-0.7684835031659645,0.832102088081835,-0.7288319676966448,0.06115421523601968,-0.4462744406724269,-0.6523307978831814,-0.6641114293129019,0.06412753770838969,-0.5898412876687616,-0.6810179654612449,0.7637625090793342,-0.2704016887956423,0.0744454284551182,-0.8075931738604872,-0.020212632461746777,0.9853382663501564,-0.7432843691516248,-0.7492856064173085,0.034035346339030575,0.03286590662947194,0.13033388361869316,0.05823076200314802
/Users/oksanagoncarova/Desktop/статьи написать/генерация статья/generated_docx_converted/4.docx,generated,4.docx,1.9295120625430702,-0.5811314646468649,-0.37898948690048595,-1.1401994770808372,0.5595516633955595,-1.2487730375844894,-0.07713651417282219,-0.29265753535216754,-0.3671738606239544,0.21901996845977967,-0.23068738870171462,0.8689175355279254,-0.04821662718195601,-0.06496837173236686,1.3194986033821583,-0.8978111910251536,-1.2291769518795819,-1.039839791756009,-0.9605833995596057,-0.6670424763019688,-1.6482595910434088,-0.5376536650325836,-0.3121413757898365,-1.1718492741031925,-0.40232988240593137,0.01740733417861056,-0.4434301862285495,-0.38744464055116556,-0.6042792539776567,-0.42230850004002096,1.2425957050869318,-0.4450949645750903,-0.5999476383755853,-0.8112031665138599,0.198830152281781,0.140467683171435,0.018565621511093446,-0.2734053571423269,0.18516046139252146,-1.1604262902440357,0.3470055358711196,1.6902708555779566,-0.31919285713903967,-0.744956385665246,-1.2718306560658534,2.1565407837359785,0.8096871128024886,-0.5786713587847563,-0.34747308791977327,-0.12717832119172098,0.3391425079289456,-0.028797508891263698,-0.24331673225486197,-0.4705134058785992,1.4736565656247709,-0.17551078299218098,-0.6193110758147208,-1.2546277852545145,0.3467457079199451,1.091919819961351,-0.011219565290775512,-0.3974916989517305,0.01325678134455099,-1.0684617041925872,-0.831703839758683,-0.43247044521762074,-0.03034833462028034,-0.009797828134172903,-0.4106818536030554,-1.3640807205019188,-0.8929025812654376,-0.4660564346817135,1.4796145140684263,-0.29920162358961516,-0.2820886513275058,3.2418859843512986,0.13127454266312338,1.0842755030996878,-0.17352343813751453,-1.156115108189737,0.3185403660661526,-0.43444418014809755,-0.5523316798527136,-0.853304877307716,0.5054175813870363,-0.29919000324855205,0.9157574878914395,0.33855474783982253,-0.22148834966789963,-0.3275292720248556,-0.3842188123896815,1.6078959380134932,0.3770556674967688,-0.7599959700576459,-1.0962260986590935,-0.5627877258890048,-0.6098198997095099,-0.15594477776539037,-0.1506441370591563,-1.0158774572848233,0.5978234005966926,-0.1963040971854042,-0.8440587137687767,-0.9295929458619132,1.1611970696248302,-0.06891465966396315,-0.20647525288431945,-0.5585938714942067,-0.947115216123778,-0.6802222558010773,-0.675060584737967,-0.9737443925137791,-0.29090182793313873,-0.7363262304761065,0.6873187774976209,-0.24819622688443213,-0.04867260545295088,-0.12390589637476096,-0.5548437018089665,-0.605698349662719,-0.1369247138717212,-0.17335975739894938,-0.7453718111734436,0.5932065031651531,0.5121220902342375,0.030332708237613887,0.3107776147470514,-0.6402434556677445,-0.3508608211276413,-0.05397975677136379,-0.6912797951928124,-0.45442626659982593,-0.7260180068101599,-0.5491809613237001,0.07547339495316777,0.5615722090541954,-0.4405692900267722,-0.07454219404085012,-0.3226428791058886,-0.7333342587796998,-0.10051688109566782,0.012199554025757538,-0.2914648825657315,-0.6883810976012716,-0.354708989765921,-0.10072626416472845,-0.596149671906592,0.6753958837890636,1.0407267781166862,-0.5065760642522873,1.555288961636564,0.1458946390569945,-0.03918579545926355,-0.7084944693805171,0.10555419716227116,-0.07801762490841098,-0.7495166505504289,-0.8151941544654414,-0.026032486900689947,-0.5934318916786712,0.014166770722851019,-0.7509626217066395,-0.5251364543595959,-0.27235018261241456,0.07741577075147857,0.036427640210336745,-0.32789071854293134,-0.4734548242517995,-0.3586605668743056,-0.8522128784833958,1.3337061186877406,-0.6328614875211894,0.01717950734502204,1.2538698585727421,-0.602406522723786,1.314087901528166,2.331497438209487,-0.2832040174675377,-0.7684835031659645,0.9138078144477981,-0.7288319676966448,-0.468715451687348,-0.4462744406724269,-0.6523307978831814,-0.6641114293129019,-0.37795707924491667,-0.057542511187578874,-0.6810179654612449,0.033385238233932045,-0.2704016887956423,-0.6124354686926344,-0.8075931738604872,0.005141065310218223,-0.8438164588390366,-0.7432843691516248,-0.7492856064173085,3.9324253249886123,0.07064877549984908,-0.553438319878907,-0.5014334615900439
/Users/oksanagoncarova/Desktop/статьи написать/генерация статья/generated_docx_converted/40.docx,generated,40.docx,1.0486683194517794,-1.20645148218704,0.9099594198532772,0.139736064375325,0.2831359201388825,0.6240240909445784,-0.39519499436851324,2.0112096598413456,-0.208083962019252,0.8333364544616191,-0.049914975347236434,0.9259489036536511,-0.32366924130054053,-0.5695387014653396,-0.20182472827910594,1.2324539250271507,0.2826087605929739,-0.3700473409265029,1.754044501757066,-0.19458800626466752,3.0037208835439517,-0.03556945781023772,0.20380547589455328,0.8154861942065041,-1.075002791305438,-0.6433418015370693,-0.23704107887653053,-0.38744464055116556,-0.35330383528992376,-0.6020858085609341,0.13654617218346607,-0.2383647809663747,0.030031982154020826,1.0762760323942309,-0.8683491633616259,0.5377362907060453,-0.2881954910261332,-0.0587069954406622,-0.13733854482655228,0.47389348688702165,-0.4034123251124734,0.4668275439595467,1.755197626905845,0.44305378783418675,-0.3757184698762644,0.10923835527120694,-0.4618574495898806,-0.42090097948555427,-0.20823633760593432,1.512136377471046,0.46282809777081046,-0.6452288541321014,-0.24331673225486197,-0.5529808698134465,1.7019364565875659,-0.07507719879810032,0.8157067840304849,0.27926266216821827,0.46725860579546785,-0.5738582398200799,-0.2720434769875542,-0.3974916989517305,0.8632882835243466,0.5067446635803543,-0.831703839758683,0.8524741816403096,-0.33796249024850145,-0.7275956506834029,2.555146456831094,-0.5449397983538282,-0.314149717116618,0.5598953233907733,-0.28732737988597906,0.1880974507210395,-0.2241765408053553,-0.1637942700395958,-0.24980160442712798,-0.204584536212818,-0.2542474450063989,0.24592901132777215,2.150550888354949,-0.3814081232253589,-0.5523316798527136,-0.39728859638830855,1.417344184635906,0.8495127504050647,-0.6839803657741793,-0.258631642825349,-0.47418483871841877,-0.2756435474072267,-0.011810450659576572,0.709215644044231,-0.22477030415621038,-0.5574629571975659,-0.49569504214673404,0.15329952690381807,-0.6098198997095099,0.08709501205152267,-0.1506441370591563,0.1830728234052184,0.11810758996900401,-0.40086496461385274,0.32686618395206896,3.2529197198868554,-0.5070158824261367,-0.20316278781661043,0.17475546696758976,-0.4272838810096815,0.19955877113028103,-0.6802222558010773,-0.3254346983971969,-0.15745302583019247,-0.7834319621149233,-0.3288104571371573,0.5475679623067019,0.807339847872956,6.951849560683118,0.8019271764319382,-0.3878529944646337,-0.605698349662719,0.3849082901659321,-0.4924401694987043,0.3797507960103518,-0.042266231249001425,-0.4173135131593346,1.1470561939743518,-0.7007555062540312,-0.4492003911666966,-0.3508608211276413,1.2399959360335757,-0.6912797951928124,0.07933634550143441,-0.26994374529105764,-0.5491809613237001,3.1558328606984194,0.6796580293864223,-0.4405692900267722,0.26260876304340147,-0.3226428791058886,-0.27237202173765906,1.0478463951931307,1.8265581337301693,-0.2914648825657315,0.32298153361328114,0.9210593696017563,-0.853600130263927,-0.38037745690766095,-0.7153234551588263,0.012676875056518072,0.214367198764483,-0.44969413538754316,0.22505564921619198,-0.5825212856618235,0.1272408302161944,-0.4820714692000335,-0.8724407772553341,-0.475217225971434,-0.5331781490478275,-0.20514991670205487,-0.5934318916786712,0.0506461189823615,-0.4806552839339947,-0.3416074017109115,-0.27235018261241456,-0.5969470920646137,0.4059224293323963,-0.2044293381711907,-0.4734548242517995,-0.3586605668743056,1.5750398844756912,-0.4861065863028987,0.48938545845746756,-0.21071902854022595,1.8039212171630656,-0.602406522723786,-0.2258988957410318,3.693221892519447,-0.2832040174675377,-0.4447175432229695,-0.7131673775579299,0.7550521833076876,3.975295535471797,-0.4462744406724269,-0.36424370935676637,2.0524792336094366,1.138853319331493,-0.2043699060385223,-0.4379752531720529,-0.7785409311448866,-0.2704016887956423,0.6968514458520132,-0.08396892250214895,-0.13411732471642712,-0.14649371880873263,-0.7432843691516248,-0.7492856064173085,-0.5779449645973369,-0.6817071861811528,1.5319398055836626,0.5653614478798786
/Users/oksanagoncarova/Desktop/статьи написать/генерация статья/generated_docx_converted/41.docx,generated,41.docx,-0.37639401554433083,-0.4279152895472213,1.1149881851769983,-1.0479563549591375,-0.3047612387472116,1.6692749302434775,-0.21146768224207213,0.686634906819597,1.3905720991419555,0.47793926920026175,-0.06544814632212068,0.8187207169563164,-1.6690092190998873,-0.7796013445299188,1.2520791514852276,0.5865677649449081,0.35854954743806017,0.8421023633252448,2.4613357508428195,1.2033878828801934,-0.06236385598314793,-0.09165538315195201,1.7582880981705287,-1.1975063400156636,-0.4828114115865786,-0.6769327099824453,0.7764530661132722,-0.38744464055116556,-0.6623858947863993,-0.15693049471835757,-0.23836929805994886,0.42528241572791775,1.093289429195772,1.9349730490749997,-0.8683491633616259,1.7716896915484106,0.12362672448815618,0.6188181136683938,2.672046199243768,0.7450339459391043,0.1362644743841101,0.0521193316722671,0.6213506731900039,-0.5603847337239002,-0.343136495372381,1.097723753569718,-0.4618574495898806,-0.27031666311914193,-0.2873483815477969,-0.8586061910192285,2.2684441763334657,-0.07537688737219266,-0.24331673225486197,-0.3487791822270077,0.0683256049863563,-0.7937975044398885,0.11729824415561231,-0.7578585457207857,-0.39515278268486226,-0.5738582398200799,-0.06973453315842758,-0.3125907428298392,0.19434409737775318,-0.04816188976706041,-0.083098152737692,0.9170201719952279,-0.360908725415534,-0.7275956506834029,1.4426200681913957,0.05079307712444817,0.6065871414028262,1.2765547147571574,-0.2723706711677856,1.9199480717970294,-0.1320442715494323,-0.1637942700395958,-0.16042809918612033,-0.5623019597378126,-0.05436281602849701,3.566204454490474,-0.6473765890410336,-0.4724987410724782,-0.5523316798527136,0.32818685943507814,1.4352196103220125,0.2314984182675885,-0.6839803657741793,-0.6619954816426677,0.6830313374571619,-0.3647584437078782,-0.045993526635635204,0.01783417312999475,-0.3073771948537867,1.0766024562150753,-0.707247398437989,-0.5627877258890048,0.628599210200841,0.06478657740220135,-0.1506441370591563,1.3138910871814993,0.08232356767157002,0.4535128833557343,-0.2373092844658006,0.5152689622673668,-0.5070158824261367,1.3000312114222525,-0.6579563004248511,-0.38848846605073317,2.023800291425867,-0.3866107201898315,-0.2221380543952405,0.08371950172115855,-0.5524065103003034,0.8474215618886034,3.362096977737478,0.11836400633014965,-0.5414091334477708,2.4199060603963285,0.5267960833012072,-0.15041053089570364,-0.16446657767946984,-0.4924401694987043,-0.16235619579672136,-0.4714902149562058,-0.2614503055103507,2.3746692867008568,-0.46352139600720854,0.34970278754500567,-0.3508608211276413,2.9713247293311413,-0.13916595691188938,0.0065485874181177885,-0.13519702752463855,-0.07967339752133609,0.8035742390751572,-0.16538476742478092,-0.4405692900267722,-0.4738207919010126,-0.3226428791058886,-0.13618115613434004,0.2834224316423232,0.3392685020095207,-0.2914648825657315,-0.3608389018431273,5.888797666614622,-0.853600130263927,0.801459907547115,-0.38915908334682425,1.1929715788054107,-0.039603423386620984,0.34464258585780033,1.8112117644714216,-0.5825212856618235,-0.347610296346541,0.48062860273593555,-0.1271788939074863,-0.03883477998216861,0.6461553366462977,-0.37080519983425136,-0.5934318916786712,0.18639052107508786,-0.4007932315749686,-0.28738391324475787,-0.27235018261241456,-0.5969470920646137,1.5317492712663492,-0.32789071854293134,1.510955031921379,-0.3586605668743056,-0.8522128784833958,0.5808917129150658,-0.3420987343612966,0.2168719639032732,1.1265201886844096,-0.602406522723786,-0.39852044889026966,-0.23095055130143924,-0.2832040174675377,-0.34906119050203166,0.43155246617930504,0.04008657142238321,-0.468715451687348,0.4157073053938095,-0.27912864612009136,5.5922527589407,3.7702720173246465,-0.5898412876687616,-0.6810179654612449,-0.01685916955088783,-0.2704016887956423,1.0836790509919803,-0.33888399106397143,-0.2629093024373021,-0.39214341027618616,0.14075370108572227,-0.3574827233082465,-0.5779449645973369,-0.6817071861811528,0.7973122598211441,-0.5014334615900439
/Users/oksanagoncarova/Desktop/статьи написать/генерация статья/generated_docx_converted/42.docx,generated,42.docx,-0.10028232041429444,-0.7845017146881893,0.8096302472292098,0.8330107544854736,-0.14757424000320155,0.872772328446492,-0.7103242583002962,1.0012091013354734,0.29985858465979476,-0.11401979023918772,0.2136509353663562,-0.12004372628505375,-1.337774274370861,-1.3628897501580477,2.249919363789551,1.3306082470162026,-0.693775283711802,-0.5221691653734859,3.1536537857039377,1.875433162914313,1.33193271108567,-0.4745778905252723,1.6117476505740067,0.926039363709472,0.6853799375732202,0.3596129947829824,0.6986578833169447,-0.38744464055116556,0.008604522206886723,0.18262769359005826,-0.010073424233202025,-0.4450949645750903,1.4467016862696644,0.9643423811381907,-0.5743919649915245,0.48658130488685,-0.07243301666329743,1.7996950083069783,2.021793960371219,1.5748408028163705,-0.3433042078546162,0.5879371004272874,-0.24028858109151785,1.2989845988538495,-0.7264592124346329,0.9678160302983361,-0.4618574495898806,-0.9305804137721969,-0.13562531736308395,0.7597105961641449,0.2217961503354705,1.7065018717898646,-0.24331673225486197,-0.6047803967067715,1.451499542739447,-1.0192536724799641,1.5479545691260113,0.7874506313864681,-0.5373845657324904,-0.04946656877059255,-0.1754115276681636,-0.3974916989517305,0.6978843060852656,0.4294544190077849,2.4654109278440206,1.2380441645988927,-0.8383673113507524,-0.13443806089583227,1.8663868321912578,-0.11776336723361372,-0.30585687818839197,1.0790125802125983,-0.3379510239826843,1.0870538930192921,-0.2820886513275058,-0.1637942700395958,2.0595026036752206,-0.01803732779084688,-0.3049518703061178,0.9770855035195951,2.5453941607589634,-0.7106124409410273,-0.5523316798527136,1.9219978278352847,1.451172819685719,3.766317480527155,-0.023002706213809194,0.11158581593632388,-0.6176151302890514,1.0594312386498688,-0.7572650271514975,1.1819475442400704,-0.3073771948537867,1.0889196563912742,-0.18252217217818434,3.2505389059234537,-0.6098198997095099,1.0938372289901208,-0.1506441370591563,-0.10378010008566804,0.29583621001276866,0.28775064534993133,0.5811847137737913,1.6158729072747808,-0.5070158824261367,-0.27936190018297313,-0.5883589365131676,-0.5585938714942067,-0.07478687174781093,0.3543100185712393,-0.675060584737967,0.6822313061128034,-0.7834319621149233,-0.42630998888058225,0.025247585647572412,0.33941112358670145,-0.5414091334477708,1.2615184473564565,0.46145720940428053,0.7311302075625459,0.8891383373550853,-0.4924401694987043,-0.060625247072898326,0.3516863177786041,0.25912797695434253,-0.6973771213728089,-0.4221261906841628,-0.6402434556677445,-0.3508608211276413,-0.48777768967830387,-0.6912797951928124,0.08698452772611319,1.355723673313797,3.0351295395425093,1.0756133397939065,-0.0533218369523732,-0.4405692900267722,-0.41227061603249915,-0.3226428791058886,-0.7333342587796998,-0.5386866985732379,-0.3485417570192062,3.648715335959856,-0.30368575286609806,-0.354708989765921,0.8054477104162074,0.060442249300562516,-0.3322463521794019,-0.5708432913657452,-0.23234849390229964,1.3687124978034753,1.2506471201248723,-0.5825212856618235,0.5630711165443436,-0.30813482357830724,-0.8724407772553341,-0.7495166505504289,0.04297672174879134,-0.6753935194689803,-0.5934318916786712,0.05722950581036224,-0.33969184195074875,-0.5251364543595959,6.0720299942517615,1.6321120540311118,1.9364784071343313,-0.32789071854293134,-0.4734548242517995,-0.3586605668743056,0.20294386559545766,-0.4861065863028987,0.7331314014754567,-0.21071902854022595,2.597099229444804,-0.602406522723786,-0.3431375248467464,-0.1480852176518114,-0.2832040174675377,0.7093396284742897,-0.26501301188666887,1.0773437636163212,0.76065410358395,2.3377973993688537,-0.6523307978831814,1.1728993507929533,-0.37795707924491667,-0.5898412876687616,-0.3112301283244085,-0.7785409311448866,-0.2704016887956423,-0.6124354686926344,3.596364373999084,-0.22158841179878658,0.21715535715729714,0.29501034399761256,-0.7492856064173085,-0.22297561569165533,-0.26723054213290853,-0.1568272369112661,-0.5014334615900439
/Users/oksanagoncarova/Desktop/статьи написать/генерация статья/generated_docx_converted/43.docx,generated,43.docx,-0.44695444952419355,0.36620868040668625,-0.3395231259125357,-0.856629454336163,0.5586965563294216,0.31328321811554766,0.055089706944119424,1.2569235859241688,0.45082432048442295,-0.5255822601594091,0.5469931936899208,1.8117608271847827,-1.453192357566904,-1.1025141542543855,-0.030443253648617306,0.42314810955410964,0.9949456118364329,3.0969074672284083,0.0524490310972014,1.3064299140167197,-1.2619707354595224,-0.9212502859348434,1.1983614751986509,0.30833135405353174,-0.7122737834581737,-0.6305800057127131,0.7693898181964804,-0.3131593555256367,1.943347624038021,-0.14325869350737402,1.3745634699200509,4.039616276613982,3.2423138483908702,-0.5301341440791197,-0.7159396833855733,1.698635845514156,-0.45824033534805486,2.1354101008649624,-0.5387405455691181,0.9023632466392697,-0.49334612696199276,2.130004097608165,1.8899417595204906,-0.16244915990295136,0.42473833925379073,0.25674578120143027,-0.4618574495898806,-0.528516578513819,-0.20102270342545195,-0.2639223435355755,1.362788038399691,5.453338037435176,-0.24331673225486197,-0.42790327146317947,-0.5683888926114478,0.6556967141857134,0.08430939066285456,-0.3471134222998625,1.3441334345910823,-0.5738582398200799,0.3936305389681142,-0.2940917954988816,-0.13684859592433737,1.1061083768312026,-0.37584468753021144,4.678846382390393,0.44712944787067876,-0.7275956506834029,0.6572260100155362,2.082236512074212,3.6726258778557503,3.6281750274232456,-0.3379510239826843,2.877991225195666,-0.2820886513275058,-0.1637942700395958,-0.14095463455442864,-0.5623019597378126,-0.4661751611527421,-0.2713060333505347,0.18030943524729418,-0.3468011441265418,-0.5523316798527136,2.744008306484677,0.2980596506602282,-0.2128720014551366,-0.455513405441289,-0.9685497199301623,-0.39132335062629375,-0.2417871807850803,-0.7403560530789338,1.6071765776724845,-0.3073771948537867,-0.4404570817329449,-0.1487606781205321,-0.28034275374638107,-0.358443821339144,3.6375091645961355,-0.1506441370591563,3.7131199841465734,-0.14781008017587277,0.33303884416082996,0.6338476674014638,-0.9295929458619132,-0.5070158824261367,0.08129900116397532,-0.5710493886617355,-0.5585938714942067,-0.042554211515737184,0.03495000659980475,-0.675060584737967,0.3141287901131112,-0.7834319621149233,0.5495593182415163,2.581774431718966,0.3943877123326313,-0.5414091334477708,0.4397181020928508,-0.5548437018089665,-0.32845343597658777,-0.07349335365710888,-0.4924401694987043,-0.03532376112666125,-0.7976980172368612,-0.5287016899784809,3.4597453070175237,-0.12290608698420455,1.1682228557967211,-0.3508608211276413,-0.2399658500000871,-0.3550732306208661,-0.45442626659982593,-0.0064638933284090205,-0.5491809613237001,-0.28078442311612456,1.1477920628978449,-0.4405692900267722,-0.39696248287084573,-0.3226428791058886,-0.7333342587796998,-0.2883773717561392,-0.332190524292568,-0.2914648825657315,0.10943869065888887,0.9871548955514013,0.006574820563778982,-0.596149671906592,0.4763721191537056,3.4185409158261506,-0.22221574496854646,3.6170424715939453,0.27670962922476333,0.34863783596391257,0.17053894446705045,1.8155107829475,-0.8724407772553341,1.8470773158454523,0.07468626145641391,-0.6753935194689803,-0.5934318916786712,-0.4088049828033701,0.10197196903636906,0.05397574696000667,-0.27235018261241456,0.9440017135257062,-0.31692332655005834,-0.32789071854293134,1.406270784376759,-0.3586605668743056,0.24193206200423628,-0.22620958122065787,-0.2787448558868683,-0.21071902854022595,0.3715630614829203,-0.602406522723786,0.8302996979535957,1.0292689181944288,-0.2832040174675377,-0.257673865484641,2.0751150336096575,-0.7288319676966448,-0.15001671653783855,0.34107384189643236,-0.1978121655453183,0.2883328695806909,0.6856388730967039,-0.5898412876687616,-0.29756641352111196,-0.7785409311448866,-0.2704016887956423,-0.6124354686926344,0.3340779323881522,0.07709451742799232,-0.29372901875648,-0.20495444163026072,0.20505889419966197,-0.20985944620129882,-0.6817071861811528,5.204284569044875,-0.16481430540539965
/Users/oksanagoncarova/Desktop/статьи написать/генерация статья/generated_docx_converted/44.docx,generated,44.docx,-0.10540892904341047,-0.9248551966705637,-0.7269697973598942,-0.8721016503161773,0.2377240473981421,0.5557529530664179,-0.7430755678791374,1.5029033194420311,0.707975616631874,0.9700121354334929,-0.12977076223911044,1.9437933091898898,-0.7742782415962531,0.18858947466160622,-0.5132143231889765,0.17636284623933787,0.09738809926963014,2.309527354437513,1.4596176478344758,1.261294599873093,-0.7294956429777085,-0.8365197815563075,2.6530624113802075,-0.4597974055600226,-0.01995925361337997,-0.4495071701070265,0.5829430982760605,-0.2864829737767321,-0.8142296880963156,-0.18851894893121995,-0.4639025619473744,-0.22345120454820905,0.09944052127388497,1.5465741991384878,-0.6612083396396892,0.18315710667511936,-0.23009721240476289,2.9770622692775746,0.8314878430200372,0.4165717888449599,0.3123103500999437,-0.19735156003925544,-0.31919285713903967,-0.4943690477339073,-0.3110726724668122,1.9728935637368634,-0.4618574495898806,-0.6573564842721832,-0.2977126444038669,0.21557743396944382,1.131934398962076,-0.05099753859524932,-0.24331673225486197,-0.42130034196115634,-0.14568949849100668,0.6942747544822432,0.321053589671308,-0.02121846772746659,0.2151256298806705,-0.38909848007207404,1.0621149675223232,-0.3974916989517305,1.2038684402860635,-0.4351458717928444,-0.831703839758683,1.1708690833710045,-0.06323999140483381,-0.7275956506834029,1.6939646490240574,-0.19310206734482374,-0.27239831480058124,0.4629411792149923,-0.3379510239826843,1.66718674593037,-0.2820886513275058,-0.1637942700395958,-0.24980160442712798,-0.30661978376272675,-0.01174267296329346,0.647710486789346,3.102336899497823,-0.5719426050280741,-0.5523316798527136,2.0801757022216725,1.3064147981449548,-0.1994960361263068,-0.5287248187962685,-0.20741794336103217,1.5352684012175344,-0.22850045940812552,-1.2148809127661182,0.34521210692306353,-0.3073771948537867,-0.5428521659151129,-0.13044578258600845,4.043688264575787,0.4151212249333132,0.14373549332521662,-0.1506441370591563,2.197729811603392,-0.4661729185591009,1.941011384379639,1.1645745105399201,0.2662044842817498,-0.5070158824261367,-0.19766576137647027,0.26360137761043323,0.004537056211449205,-0.6397663694006394,1.9927661422317131,-0.3002125838385363,-0.39029181475933555,-0.7834319621149233,-0.517869189766307,0.35768732102099365,-0.7989676391578218,-0.35012759567696383,0.9256811414760171,-0.3758062355848712,-0.605698349662719,-0.4092135607221183,-0.24470456058267298,0.21965961595271338,0.5521834124876922,0.46915011075627305,1.8451116655402904,-0.5044156776659374,-0.6402434556677445,-0.2203109600807491,-0.1509748306497191,-0.6912797951928124,-0.2636701318114122,-0.4815302101807487,-0.5491809613237001,0.534827085385202,-0.5418520708392954,-0.14114422271925764,-0.5346261486680193,-0.3226428791058886,-0.7333342587796998,-0.19848948675725284,1.7035655182527576,-0.2914648825657315,2.5645867915583302,-0.354708989765921,0.6077373459828233,-0.3648115856781645,-0.17544277116709867,1.0974646641818975,-0.3133379835911561,-0.13478258004788482,1.7222402991073515,-0.5825212856618235,0.4862061847526855,3.1179613992608903,-0.8724407772553341,-0.7495166505504289,0.09188801521177843,-0.6753935194689803,0.20944004433642086,-0.4088049828033701,-0.17134784401958109,-0.32836756172310283,-0.27235018261241456,0.45021022699935415,-0.467793451918812,-0.32789071854293134,0.07399131183742648,-0.3586605668743056,-0.8522128784833958,0.22034920272096842,0.329703449802872,0.0546932958347021,2.391503512573419,-0.602406522723786,-0.4532331837890365,-0.3128131309786522,-0.2832040174675377,-0.07423843959748576,-0.08157158759635999,-0.09245917117186923,-0.468715451687348,-0.2679259855402487,-0.6523307978831814,-0.016874470519129173,-0.37795707924491667,-0.38320158727311715,-0.6810179654612449,-0.7785409311448866,-0.2704016887956423,-0.050939765205172946,0.3561469035531815,-0.10774281890891643,-0.47000255475742675,-0.37746032514049455,0.2235067651761158,-0.5779449645973369,-0.38964074270674237,1.9618568384236446,-0.5014334615900439
/Users/oksanagoncarova/Desktop/статьи написать/генерация статья/generated_docx_converted/45.docx,generated,45.docx,0.8222328385833956,-1.1461019844785654,0.6560479406838376,0.3544119213488358,-0.21905833466749108,-0.7602857549186581,-0.8038427010346159,2.5226344278061648,1.6290311308786685,0.7297473753576642,-0.48310112554530094,-0.0039370498510958385,-1.3789625046966136,-0.5806491252311049,1.4104157295725308,0.8318025985403287,-0.9106524036475496,0.013579085699082888,0.4701877989313382,0.33575654641221353,1.5005332317638878,-0.08869661473635432,3.3161319485381995,0.7732209522756874,-0.8056769736871044,-0.5376797345234579,-0.21680537267848132,-0.38744464055116556,-0.32869660237605136,0.7806221208699812,0.13699325561849585,-0.37124314599508434,-0.24468055113913312,-0.3900273394572088,-0.31619370336870256,0.8100220407256002,-0.5181430666765258,0.7935444619329226,2.443894878806452,0.474327569165144,-0.22070650511262796,0.4673220798931108,-0.09687770167765557,1.3816289321937236,-0.7596305432690418,0.1332685426159992,0.03156263159345308,-0.7485036968756407,-0.34747308791977327,-0.09393156928066418,-0.6002999662950347,0.19211473888399946,-0.24331673225486197,-0.7694857481760914,2.387440469223658,0.46752148327749726,-0.033662463866486594,0.11528101407056889,-0.08661719013683256,-0.45073413963209935,1.2447746890106655,-0.3974916989517305,0.8637926456983558,-0.22437701707919808,-0.2123892146196041,0.5992742653743972,-0.5685495054584817,-0.7275956506834029,2.2882004261992552,-0.5837393019704046,-0.3415629780568233,0.39238702235695855,0.16841987553442564,1.5883860163651613,-0.2820886513275058,-0.1637942700395958,-0.24980160442712798,-0.5623019597378126,0.29091057116287977,0.44664661568897723,-0.6473765890410336,-0.7312179202485896,-0.5523316798527136,1.7531945557296407,0.1809899757412022,0.6619627558333052,0.14371932584351654,-0.2922576872034876,-0.0027506134364589097,-0.3065968975022493,-0.35531662509902734,1.0586542867325284,-0.3073771948537867,0.10823320060946995,0.6200326445209831,-0.306974351385327,0.3008759061262912,0.4238829799410724,-0.1506441370591563,1.1256738408932725,1.108245776251404,0.21320206386751692,2.1676907442733664,0.26572807096296747,1.4350232593638728,-0.17047711279093292,-0.17688837246379838,-0.3709583472427471,1.5106959597434884,-0.35635274520519317,-0.675060584737967,-0.19611755714278384,-0.7834319621149233,-0.15400621439017112,0.7386135094353629,-0.6826600489307579,0.22341218649956718,1.5377762629549223,-0.5548437018089665,-0.10349109565490631,-0.3517137360813363,-0.4924401694987043,-0.42382282702211194,1.361251788136146,-0.19102186568642554,1.1851975772740748,-0.1773912247905229,-0.09426115180817593,-0.3508608211276413,0.18555965956689077,-0.38677398239325417,-0.2001860848287077,-0.7260180068101599,0.22765764922260193,0.5343130228242207,-0.09920034053186935,-0.4405692900267722,-0.43746922499264496,-0.3226428791058886,-0.403988065514603,0.3681444349686546,1.7025716422637545,-0.2914648825657315,0.034212654846841786,1.8734147082532362,0.7045388244890488,-0.2878217790263134,-0.7153234551588263,-0.5708432913657452,0.26606830925970965,0.8481177939182991,0.1778307433410073,-0.02028089526894881,0.0876553158041323,0.1376052328902855,-0.4614085592548544,-0.3575562510192224,-0.8151941544654414,-0.6753935194689803,-0.5934318916786712,0.24772806569788783,-0.7509626217066395,-0.5251364543595959,-0.27235018261241456,-0.24803371709363162,-0.3613159934662484,-0.32789071854293134,-0.2302423664478388,-0.3586605668743056,1.6252335007083871,-0.015323697946754655,0.008592809356916734,-0.21071902854022595,0.7930945215953775,-0.602406522723786,-0.365811264220351,0.3418276707187737,-0.2832040174675377,-0.7684835031659645,2.233105360581526,-0.30475245999925793,-0.18006666367676974,0.029131959249628865,-0.6523307978831814,0.19852736463853266,-0.13712957609186718,-0.5898412876687616,-0.6810179654612449,-0.358452703269737,-0.2704016887956423,-0.6124354686926344,0.7434420740709313,-0.2385051622449466,-0.34559649318657504,1.2069998835419755,-0.7492856064173085,-0.24456604886546712,0.09682636672965272,0.19153739824782767,-0.19655396023821475
/Users/oksanagoncarova/Desktop/статьи написать/генерация статья/generated_docx_converted/46.docx,generated,46.docx,0.5403539319864122,-0.024574577451381197,-0.3396454980701826,-1.0883027815292765,1.0049873365399427,0.015148959791902828,-0.5626229033820772,0.597451616744836,1.2059394479349597,-0.13909447133050837,0.6762965817784405,0.2080394365934468,-0.8003943759104412,-0.5181918061790016,-0.3997828082396801,-0.17130606162492337,-0.5236008145655408,0.510556495435282,0.7853774278722329,-0.319586089907682,0.6902428139242219,-1.0551713733666794,0.12501011306406243,-0.1526309259085066,-0.2036585757636393,-0.665602625208619,0.1195864584630617,-0.38744464055116556,-0.15157985612950498,-0.4300773069933852,-0.3983603009354765,-0.37457706019930476,0.05248093255351195,-0.03773680042303286,-0.7365418271408957,0.5253768388360167,0.188452094343557,0.5106978931628081,-0.21385293150093387,0.8465167381274021,0.6235666498520663,-0.124852780845473,-0.31919285713903967,0.817270272089655,-0.04913637209426117,0.9857520845357428,0.009288024834479321,-0.9305804137721969,-0.28414620342501856,0.8055690669089486,-0.15029147133862986,-0.2237018275002696,-0.24331673225486197,-0.7694857481760914,1.180574728037407,-0.18939157790772082,-0.08481859097512234,1.3615054277604175,0.5602015008791967,-0.5738582398200799,-0.02249067973488725,-0.3080690079108442,-0.7765379420444976,0.2748381719515963,-0.831703839758683,0.7727847477099749,-0.3191193875871036,-0.7275956506834029,0.4351050901721104,-0.6189664824164126,-0.1032271034260641,2.199892579476375,0.21463371908660125,2.367228655307331,-0.2820886513275058,-0.1637942700395958,-0.1556681610424197,-0.39960691040443946,-0.3215934831325384,1.1394965670841761,0.5456276136908953,-1.0493881160195078,-0.5523316798527136,1.3244244074278768,0.8460674018213553,-0.6056230581807787,-0.4863967150678247,-0.3227877358530814,-0.22621012463345744,-0.6319178168125816,0.016260176404537613,0.0637943480147385,-0.3073771948537867,-0.48365115413392534,-0.27683551178704335,0.4142727407671927,2.4337240976025036,-0.43022751574552853,-0.1506441370591563,1.0289971654999928,-0.7117077314846588,-0.5715250261161102,-0.20499445308014888,0.21176734537462635,-0.3009748711025707,0.03254620876784965,-0.2166111908104799,-0.2002637934791191,-0.16482938662506672,-0.37097328106267924,-0.675060584737967,-0.6024832924412712,-0.7834319621149233,-0.18029405686120756,-0.4227499549912716,0.630593164796079,0.43231722367513964,-0.5234267055779734,-0.32699434712661546,-0.605698349662719,0.7372873175451087,-0.4924401694987043,-0.7453718111734436,0.5766271188235614,1.214562748211473,1.1002119581112177,-0.45088655878888934,-0.6402434556677445,-0.3508608211276413,-0.48777768967830387,-0.6912797951928124,-0.45442626659982593,-0.7260180068101599,-0.054667922401250804,1.2971265849724356,-0.13118039825503966,-0.059510454685887657,-0.08350616518692942,0.25575754962751673,-0.41885583685652217,0.3272070923943566,0.0026247759116258366,-0.2914648825657315,0.6915658858971544,-0.354708989765921,2.1219987359014056,-0.3017407150985147,-0.3717879146730935,-0.5708432913657452,0.2311885987638599,0.026103832266900055,0.588412661000057,-0.3140917814988545,0.811923456675889,1.0047554166138575,1.089943575739601,-0.7495166505504289,0.7239852613567884,-0.6753935194689803,-0.5934318916786712,-0.4088049828033701,-0.3821435810734087,-0.5251364543595959,-0.27235018261241456,0.7357020144692412,-0.38056598254640756,-0.1594346631536428,-0.4734548242517995,0.18270205286640928,0.5671508979797637,-0.03657638730191412,-0.32661301836749057,-0.21071902854022595,3.7710663408775194,-0.602406522723786,-0.04731486711320083,0.7947222789484928,-0.2832040174675377,-0.32672320276187805,-0.7131673775579299,-0.32389680500816864,-0.468715451687348,0.007670549362201512,-0.2592522951512228,-0.6641114293129019,-0.37795707924491667,-0.5898412876687616,-0.6810179654612449,0.4248312559841562,-0.2704016887956423,-0.6124354686926344,-0.8075931738604872,-0.2502971478928492,0.10764089377649347,-0.2777238688097909,-0.7492856064173085,-0.5779449645973369,-0.6817071861811528,4.425977112844931,0.6630314865100184
/Users/oksanagoncarova/Desktop/статьи написать/генерация статья/generated_docx_converted/5.docx,generated,5.docx,1.63971504829906,-0.8082372604427666,-0.9807697781923767,-0.5790652440469829,5.266790543499051,-1.0090681766941954,-0.8797865254383133,-0.7320946139988275,0.43025138017133696,-0.6475689187049855,0.5501267427688113,1.1855115783403671,0.15419775280381576,0.3362678119240039,1.071156896627042,-0.9153834447325566,-0.3922256776490667,0.05643706471452858,-0.16877374448248988,-0.44280769859439145,-0.32239648330203724,-1.1571979390821758,1.4479223557627072,0.4458869658857595,-1.27786801387125,-0.6673504972147981,-0.45858591771289203,-0.2599595766673943,1.2183836255133027,1.4817820863068756,-0.17943741441292205,0.11464755571423532,0.0448005017075777,-0.8189319924803405,0.7010005901914866,-0.2795787161099054,0.3601656524579196,-0.2891712604975305,0.1622125325081131,0.16709868222175528,0.6122328856225185,-0.38682933403285513,-0.31919285713903967,-0.7538535182541538,0.18395703241929676,0.7451100450093415,0.9405531737029613,-0.5855784816556723,-0.22180730756606526,0.7908391971978576,0.31099433959705114,0.6943561008736612,-0.24331673225486197,-0.4763815092251529,0.38373923171797336,-0.19836729713974585,-0.6300580748314759,-0.21633757298296152,1.6892197163440188,-0.10726313442727994,2.287759142553609,-0.3974916989517305,-0.007330431154510045,-1.0684617041925872,-0.049378872924718244,0.519227972895711,1.0410790757055954,-0.023886461792663127,-0.9859687122032763,0.11452292357012513,-0.8929025812654376,0.05363651732793052,6.6525449333670785,-0.9005018574867075,-0.2820886513275058,-0.1637942700395958,-0.24980160442712798,-0.23945013310394733,-0.4661751611527421,-0.39688034593465904,-0.17389741728743557,0.15636003403334278,-0.24948605334013582,0.381404529509804,-0.9435384509457813,-0.31107738549084957,1.668527942434647,0.31289945129073865,2.877550807229837,-0.33933734208723404,-0.40052269860743744,-0.8451228248249796,0.13995553987491052,-0.21161770675254757,-1.0962260986590935,-0.07806837258938383,0.25298073163719154,-0.6980484548860343,-0.1506441370591563,1.4188303346549447,-1.1413080422449269,-0.21085995052993245,-0.8440587137687767,-0.9295929458619132,-0.09814838990030841,-0.27936190018297313,-0.2231653783431117,-0.5585938714942067,-0.947115216123778,-0.6802222558010773,-0.675060584737967,-0.9737443925137791,1.6308828375481774,-0.7363262304761065,-0.7869153121634443,-0.2658659771544654,-0.05834383071304048,-0.913535245090684,0.3494441749021661,-0.605698349662719,-0.14566023611914977,-0.4924401694987043,-0.7453718111734436,0.5659064144406042,-0.2306676210298245,0.01604952587485264,-0.7007555062540312,-0.12297536960048837,-0.3508608211276413,-0.48777768967830387,-0.11429721583179742,-0.45442626659982593,-0.10858480928304101,-0.5491809613237001,0.059163988728908656,1.8770093726612949,-0.4405692900267722,0.6479571054391948,-0.09308747996187074,-0.7333342587796998,0.32045251073356273,-0.7910632141448923,-0.2914648825657315,0.6808013271431407,-0.354708989765921,1.3606901935829356,-0.596149671906592,0.6480994297281839,3.115680692439394,-0.5065760642522873,2.2556788476609113,-0.7719636252888739,-0.04985015586082365,0.04578432810821095,-0.8156072495245584,1.46405086960698,1.4785622184505665,-0.8151941544654414,6.963994249688722,-0.08653564420462342,-0.4088049828033701,-0.7509626217066395,0.9656330019815048,-0.27235018261241456,2.7086866692986162,-0.7877356953935943,-0.32789071854293134,0.44823103748137827,-0.3586605668743056,-0.8522128784833958,-0.04008303958400527,-0.6328614875211894,-0.21071902854022595,-0.8040413439418215,-0.602406522723786,2.601018055953032,2.2718816968768705,0.34656730238843597,-0.7684835031659645,-0.7131673775579299,-0.7288319676966448,0.07822097853903713,-0.4462744406724269,-0.6523307978831814,4.2395147295605025,-0.37795707924491667,-0.06799024761574506,-0.6810179654612449,0.8134391171187658,-0.2704016887956423,0.8055743149510907,0.1720491191208566,-0.4997175184791023,0.10021885604849125,0.18057323167769143,-0.7492856064173085,-0.5779449645973369,0.7934708846337356,1.5639498875296156,0.07625718893317542
/Users/oksanagoncarova/Desktop/статьи написать/генерация статья/generated_docx_converted/6.docx,generated,6.docx,1.0285469498766828,-0.2665847250068475,-0.7143033484762914,-0.7395013688259799,-1.4938448148350612,-0.24774249559442754,0.6140431129735744,-0.3604596250745293,0.7562207724680556,-1.0111548676929993,1.5420730847704471,-0.03044208760471313,0.4284156571104223,-0.6680323073668628,1.8457318089512424,1.5966287005878226,0.24150611945553074,-0.6267572434412247,0.4307772343222647,-0.8052775305694206,-0.20812293192418216,1.1885207117411583,-0.36060589813488686,0.17954937722421516,-1.0873588537258914,-0.8896685398071914,0.4289137550896115,-0.38744464055116556,-1.5432554379414982,0.7766895813816846,-1.5467229607039958,-0.4450949645750903,0.011097883183300395,-1.2049769407548065,-0.4895471759575887,0.6495226791839921,-0.5672117496275382,-0.5064188558113526,0.676006315906837,-1.1604262902440357,-0.8293488033164473,-1.3951002459097206,-0.31919285713903967,0.7325555784336165,-0.5690487957597327,0.2491098956304673,-0.23618609321776557,-0.9305804137721969,-0.16547752992938128,-0.40436468942977294,-0.41624067409261073,-0.24714663486503716,-0.24331673225486197,-0.34499732048256754,1.0816425958367968,1.1400800650562875,-0.389437611311014,-0.5027755069077304,-1.0505805648609006,2.4670019167905037,0.3857563426833551,-0.3974916989517305,-0.2910136625476219,-0.29635799987239536,-0.26520248804618746,-0.9227542815648311,0.4378426680442839,-0.7275956506834029,0.6476446996818986,0.7773080847248676,-0.8929025812654376,2.06510405339651,-0.3379510239826843,-0.046760709067220824,2.2158987398538836,-0.1637942700395958,-0.24980160442712798,-0.5623019597378126,1.1958818546888417,-1.156115108189737,-0.6473765890410336,0.6968375211197151,-0.11373528052290893,-0.853304877307716,0.08509360116221003,-0.0449242556052767,-0.6839803657741793,-0.9685497199301623,-0.6176151302890514,-0.9291353031516743,-1.2148809127661182,0.02559156110966767,-0.3073771948537867,-0.7599959700576459,-1.0962260986590935,-0.5627877258890048,-0.6098198997095099,-0.6980484548860343,-0.1506441370591563,-1.0158774572848233,0.09332317155079985,1.1679842526545758,-0.8440587137687767,2.350570048559133,-0.5070158824261367,0.019436368425650323,0.15051900720937036,-0.5585938714942067,0.17699302939860495,1.0972831485626309,0.6959213893971229,0.09322537249052014,1.3144879388751267,0.8616583617713763,-0.7869153121634443,1.4079508822818103,0.15819054332621538,2.4498713976905506,-0.5548437018089665,-0.605698349662719,-0.5819883729907089,-0.4924401694987043,0.13701297405233173,4.139404762907314,0.08946976564334094,-0.6973771213728089,0.01734453737210168,-0.6402434556677445,-0.3508608211276413,0.7440566737367387,-0.6912797951928124,0.9409298330623609,-0.7260180068101599,0.8720033772121729,-0.7554699426776713,-0.8076125180737811,-0.4405692900267722,1.308911439263082,0.009810895018866117,-0.7333342587796998,-0.5386866985732379,0.3494294042198494,-0.2914648825657315,-0.6883810976012716,-0.354708989765921,-0.853600130263927,-0.596149671906592,0.27196563823420905,1.7173042999985233,-0.5065760642522873,0.3542570265098026,0.5312345517852889,0.18892006631673816,-0.7084944693805171,-0.8156072495245584,-0.8724407772553341,-0.7495166505504289,-0.8151941544654414,-0.6753935194689803,-0.5934318916786712,-0.4088049828033701,0.3089888922997959,0.9142021801155095,-0.27235018261241456,-0.5969470920646137,-0.7877356953935943,-0.32789071854293134,-0.4734548242517995,0.15994798745942584,-0.8522128784833958,-0.4861065863028987,0.24726804154078932,-0.21071902854022595,-0.8040413439418215,-0.602406522723786,-0.7159175630197637,-0.7058481522497109,0.3248404978647361,0.501094386406421,1.5968527930158003,0.43491391166243804,0.3233856320297272,-0.4462744406724269,-0.6523307978831814,0.5195019304637566,-0.37795707924491667,-0.5898412876687616,-0.6810179654612449,0.37425220147168664,-0.2704016887956423,-0.6124354686926344,2.0299421558099646,-0.4997175184791023,0.5233833740192124,-0.7432843691516248,-0.7492856064173085,1.2517512711613945,2.5229343882093533,0.468731351676179,-0.5014334615900439
/Users/oksanagoncarova/Desktop/статьи написать/генерация статья/generated_docx_converted/7.docx,generated,7.docx,2.4200261694388625,-0.6844669810633743,0.04009503360370979,-0.7949178918183805,-0.2711201846706022,-0.41973177694571884,0.4132924941504082,-0.8892123396400893,-0.9587175028519409,0.7583456033947481,-0.528008991693097,0.7665184030634997,0.09473990492113255,1.3321548679893922,0.04807283292567085,-1.5085440281698992,-0.7059857257367362,-0.6220756969825746,0.31491238346532074,-0.007645929416628794,-0.6811193579001985,0.024272688278181825,-1.2188685302090494,-0.00514781857107102,0.7772628279087476,1.2725730198163303,-0.8474656633811319,-0.38744464055116556,-1.0955986571383747,1.4117246910597585,-0.2169156281144886,-0.4450949645750903,-0.6153928393905281,1.4232654408161904,-0.10518275114673742,0.8548557625847214,-0.7400804706572884,-0.6937073591566846,-0.2408064423571273,-0.29966854174035584,0.572718164829282,-0.904783480882963,-0.31919285713903967,-0.7660348302997725,-0.327908274920481,0.25866876853684884,-0.4618574495898806,-0.5950352159672363,-0.34747308791977327,-0.6271578767410868,-0.18335292819329005,-0.42264840297708955,-0.24331673225486197,-0.7694857481760914,-0.6684521992095478,-0.2296607872978786,-0.6447720905291022,-1.2546277852545145,-0.1623470587825558,-0.3469555294883389,0.39561354140987054,-0.3974916989517305,0.46454221498440146,-0.03143156975567737,0.30961753256076474,-0.4552687635989154,-1.1455532923560139,-0.7275956506834029,0.11110304555808469,0.07399340616041677,-0.8929025812654376,0.024564209582576196,-0.3379510239826843,-0.32716223162692487,-0.2820886513275058,0.4856687877727843,-0.24980160442712798,0.06570252339629445,-0.4661751611527421,-1.156115108189737,2.115628151852943,-1.0493881160195078,0.03675716976108192,-0.853304877307716,-0.9435384509457813,-0.32735273162646894,-0.30264295278585024,-0.9685497199301623,0.13779844646082975,0.21812710373529864,-1.2148809127661182,0.32435357018464966,-0.3073771948537867,-0.7599959700576459,-0.3055121769663635,0.38007801567374305,-0.6098198997095099,-0.18115273142494062,-0.1506441370591563,0.5627697551753886,-0.31217733968607353,-0.23078877477843437,-0.2273601381703283,1.2732380029122792,-0.5070158824261367,-0.07870050785256126,-0.24601629399064756,0.47877433527047053,5.09214670401997,-0.6802222558010773,-0.675060584737967,-0.9737443925137791,1.0950774874907865,-0.7363262304761065,-0.7869153121634443,-0.29005812441725615,2.277535819662094,1.3451989271539821,-0.5548437018089665,-0.605698349662719,-0.15762028294480188,-0.4924401694987043,0.4397793638924047,-0.7976980172368612,-0.2502441211495055,-0.6973771213728089,2.6749825353442946,0.3659353862467323,-0.3508608211276413,-0.07415146681843147,-0.6912797951928124,0.014107401715524201,-0.7260180068101599,-0.5491809613237001,0.8291385954573014,-0.15485386696137332,-0.4405692900267722,0.6075395436865063,-0.3226428791058886,-0.7333342587796998,-0.5386866985732379,1.5066693444401673,-0.2914648825657315,1.9749233350635815,-0.354708989765921,-0.853600130263927,-0.596149671906592,0.6107270941659361,-0.5708432913657452,-0.5065760642522873,2.1739792108393328,0.10321400512999623,-0.06445102872859453,0.7587125503063187,-0.8156072495245584,-0.11495849591817979,-0.7495166505504289,-0.8151941544654414,0.5629376517919396,-0.1004300102636281,-0.4088049828033701,-0.7509626217066395,-0.5251364543595959,-0.27235018261241456,-0.5969470920646137,2.355622459783024,-0.32789071854293134,-0.4734548242517995,-0.3586605668743056,1.887166157539236,5.587061804605655,-0.6328614875211894,-0.21071902854022595,-0.8040413439418215,-0.13513878609141386,0.5744889127313758,-0.7058481522497109,-0.07903439557916771,-0.7684835031659645,-0.7131673775579299,0.8342217244038564,-0.468715451687348,-0.4462744406724269,-0.6523307978831814,0.1307576502825831,-0.37795707924491667,-0.08229453456776112,-0.04099359340257949,-0.004369527351475562,-0.2704016887956423,-0.6124354686926344,-0.8075931738604872,-0.4997175184791023,0.0743422150138846,-0.7432843691516248,0.04716929987340849,0.6508084546199807,-0.6817071861811528,-0.553438319878907,0.0604223008131068
/Users/oksanagoncarova/Desktop/статьи написать/генерация статья/generated_docx_converted/8.docx,generated,8.docx,1.0680804251263245,-1.5353479541205513,0.2250095708004848,0.875043081642282,0.23411039319779683,-0.8944505466573898,-0.4446330576483235,0.487805542299547,1.083988783802115,0.31449378701536124,0.31407054254905836,-0.6218046911710706,1.0824115632550093,-0.9655483175054014,0.8492986307082565,-0.925426910163179,-0.9674477501792418,-0.6115303388998957,-0.1840788698209707,-0.9126563669683878,1.300796373600739,-0.1564746838179923,-0.9259490448344845,0.4226313060652741,0.817981489210909,1.9673948224834112,-0.09307468329498271,-0.38744464055116556,-0.6332426984581336,-0.7582370744713827,0.7060103564439008,-0.30676058798119854,0.9993448100580671,-0.06009438520053196,-0.6097838266858353,-0.28864705907951327,3.5769564068563446,-0.6874201111363814,0.14909658652345903,1.0267976900955385,-0.2593144120882434,0.09999997938828815,-0.31919285713903967,1.876952430919268,-1.2718306560658534,0.28020048643283574,-0.4618574495898806,-0.24847211614479958,-0.0990174604940839,-0.15665228457555783,-0.6316783261948208,0.312726530162772,-0.24331673225486197,0.09976518136945318,0.3659234014723449,-0.21143099480357422,-1.1668568975145228,-1.2546277852545145,-0.5991723427419807,0.34865367502120703,-0.040386541724502435,-0.3974916989517305,0.48917199510776455,-1.0684617041925872,1.1017286342451575,-0.9227542815648311,-1.1455532923560139,-0.3797672530898955,0.686656363249306,-0.6332385710563588,-0.376536012588713,0.04150006860150484,-0.3379510239826843,-0.9005018574867075,0.1829369525667773,0.0562476913386285,-0.24980160442712798,-0.24314445748831498,0.10107414873149992,-0.40556810689578693,-0.6473765890410336,-0.4534126000605491,-0.5523316798527136,0.9775664595179648,0.46072341521557597,-0.9048368882599652,-0.296382189289027,-0.9685497199301623,0.1502007589149321,-0.9291353031516743,0.39519846189388025,0.9378923057755222,-0.3073771948537867,-0.21789268190479505,-1.0962260986590935,-0.5627877258890048,-0.6098198997095099,-0.6980484548860343,-0.1506441370591563,-0.21359480677332776,-1.1413080422449269,-0.2191793848104306,-0.8440587137687767,0.5630716074865694,-0.5070158824261367,-0.27936190018297313,0.591406425066509,-0.5585938714942067,-0.17981346843387283,-0.6802222558010773,0.72866125743617,-0.9737443925137791,-0.7834319621149233,-0.7363262304761065,-0.07253521100430144,0.5965170156394176,1.3687416258236897,-0.14826262255405825,0.7860667541798548,-0.605698349662719,-0.5819883729907089,-0.4924401694987043,-0.7453718111734436,0.5503029806452897,-0.9448602950389028,-0.6973771213728089,0.2795760955917939,-0.6402434556677445,-0.3508608211276413,-0.48777768967830387,-0.6912797951928124,-0.45442626659982593,-0.7260180068101599,0.42090108468188087,-0.7554699426776713,-0.14413693388340856,-0.4405692900267722,-0.8265621563597865,-0.3226428791058886,-0.1164245982607498,-0.5386866985732379,4.658335346439675,0.009908192335987696,-0.6883810976012716,0.0247069181057265,-0.12394923913893273,-0.018610111362189576,-0.7153234551588263,-0.5708432913657452,-0.5065760642522873,1.484954806400551,0.11758259309209688,-0.5825212856618235,-0.7084944693805171,-0.8156072495245584,1.4373148955384065,-0.015322170831527189,-0.8151941544654414,-0.6753935194689803,-0.09233594952397826,-0.4088049828033701,-0.7509626217066395,-0.03389948756858981,0.029300056803905555,-0.5969470920646137,-0.7877356953935943,0.00256810056152874,-0.4734548242517995,-0.3586605668743056,-0.8522128784833958,0.39573300308062487,-0.6328614875211894,-0.21071902854022595,-0.8040413439418215,-0.602406522723786,-0.060121436164147404,-0.7058481522497109,-0.07568235701085123,-0.7684835031659645,-0.7131673775579299,-0.7288319676966448,-0.468715451687348,-0.4462744406724269,-0.6523307978831814,0.14380773964907595,-0.37795707924491667,-0.5898412876687616,-0.6810179654612449,0.7952224299993308,-0.2704016887956423,-0.6124354686926344,3.0661366493314133,-0.4997175184791023,1.9558823033721837,0.17000172679257974,0.06024542520056933,0.04651852681086693,-0.6817071861811528,0.14428147582934073,-0.5014334615900439
/Users/oksanagoncarova/Desktop/статьи написать/генерация статья/generated_docx_converted/9.docx,generated,9.docx,-0.09046956655534698,-0.07986198179856466,1.9681610563278489,0.8502014655806511,0.8988767345179217,0.33885966322612177,-0.5372748521647056,1.2155576282406009,-0.1932626559664483,-0.6413044431482233,0.31604274784886344,-0.17631755395054266,-1.2400327720168796,-0.2180805039824732,1.082396675413979,0.08825650866943963,-0.2150445584214231,2.451493636247953,0.8589421638912847,2.236082499803737,0.21677175660775802,-0.34350305919503626,1.1628797125210295,-0.6062942077968135,-0.33639076176531546,0.18253036949155974,2.1310781718151803,-0.38744464055116556,-0.803317894914976,1.4939306161789847,1.01767491731145,-0.4450949645750903,-0.14686499482620247,0.03623877481374357,-0.6581079308703884,0.520449429734311,-0.5092978641541418,1.1387854356929896,2.3942186865840407,0.6180203927990646,-0.3658499657886601,1.4414774469089127,-0.31919285713903967,-0.8410437195584879,-0.49172004737653474,3.2827063768324196,-0.4618574495898806,-0.9305804137721969,-0.24646260832316413,0.7997445963285376,0.41185374329937946,0.1082233055126811,-0.24331673225486197,2.2932875513148847,0.07826993885616654,1.8718034817402491,-0.3038963306284272,1.6664034773840435,-0.3164943784053754,0.17624246763582102,1.2786175752927817,-0.3974916989517305,-0.20908118446194104,0.2171284442628778,1.998052912242084,2.940809283177748,-0.2667429130399909,-0.44477401671780825,2.1874178589426023,2.795688309716135,-0.47304141498703284,0.6980747724646486,-0.3379510239826843,0.5210185983768068,-0.2820886513275058,-0.1637942700395958,-0.24980160442712798,0.21622544259409301,-0.23555802667310485,1.8952592295951327,0.11379097914213736,-1.0493881160195078,-0.5523316798527136,2.620314285197318,0.19827641595726422,0.04969396287452733,-0.36882165431173747,0.06148244156495514,-0.3054569714500531,0.01902695302554477,0.094285569056939,5.437264629677597,-0.3073771948537867,-0.7599959700576459,-0.4427355881339126,0.6060682874682122,-0.6098198997095099,0.5835267429671381,-0.1506441370591563,1.5934884448642161,0.22917256077104178,-0.35350453524119446,1.1946390045930841,0.8909505931128744,-0.5070158824261367,-0.27936190018297313,-0.38672542243652386,-0.5585938714942067,-0.947115216123778,-0.6802222558010773,-0.2946019948283102,-0.38155890805346404,-0.7834319621149233,-0.29287257744949907,-0.20604799690054892,0.9798162269395947,-0.5414091334477708,2.8199549765079026,1.6257631076874173,-0.605698349662719,1.8730634294957464,-0.4924401694987043,-0.7453718111734436,-0.7976980172368612,-0.37079037462788395,1.0229854369780447,-0.30219836229972113,-0.2244620288814832,-0.3508608211276413,-0.48777768967830387,0.700060478096431,-0.06720365965473683,0.2665707985995369,-0.5491809613237001,-0.7554699426776713,3.508199534426701,-0.4405692900267722,-0.23395095627997745,-0.13812565495574156,1.774732929009721,-0.5386866985732379,-0.15807135637934788,-0.2914648825657315,-0.6883810976012716,-0.354708989765921,-0.853600130263927,-0.1265483302017987,-0.1673620327740186,-0.5708432913657452,-0.11431526782932766,0.4729991107347691,0.6746285259617341,1.5582908804275506,-0.1022032191337118,0.6361908881339722,0.3796112460228262,-0.15253812941976844,-0.20142145659053715,-0.6753935194689803,-0.5934318916786712,2.257696557226011,-0.7509626217066395,3.868572823856078,-0.27235018261241456,-0.06553169693283874,0.5111883966423746,5.852170449417907,-0.4734548242517995,-0.3586605668743056,-0.8522128784833958,-0.4861065863028987,1.3210830333089643,-0.21071902854022595,1.6284896163120433,-0.602406522723786,0.8837792998197858,0.09198750177058539,-0.2832040174675377,-0.06384723112174398,-0.7131673775579299,-0.7288319676966448,0.4105423855778844,-0.4462744406724269,-0.6523307978831814,0.6497377046786642,-0.37795707924491667,-0.5898412876687616,-0.6810179654612449,0.5010967532806301,-0.2704016887956423,-0.6124354686926344,-0.8075931738604872,0.2959657511176585,-0.8438164588390366,-0.7432843691516248,-0.7492856064173085,-0.5779449645973369,0.5040447663711057,0.5812030954718844,-0.5014334615900439
