path,label,file,и,в,на,с,как,не,что,для,или,к,а,это,по,о,например,от,из,его,но,является,их,при,может,также,так,языка,более,метафоры,то,между,образом,текста,ее,только,т,анализ,можно,быть,часто,которые,через,таким,перевода,они,же,где,дискурса,у,есть,исследования,он,она,the,слова,могут,этом,за,однако,все,речи,здесь,метафора,эти,того,языке,анализа,том,мы,позволяет,именно,если,который,дискурс,этот,a,игры,действия,со,типа,этих,модели,во,е,эта,собой,являются,д,время,язык,основе,тем,роль,of,значение,всего,модель,образ,которая,хлеб,этой,одной,когда,наиболее,такие,дискурсе,стратегии,уже,человека,другой,случае,слов,имеет,др,поскольку,чтобы,этого,работы,таких,чем,значения,системы,г,без,до,под,просто,разных,понятие,метафор,информации,слово,пример,которых,русском,процесс,рамках,признаков,часть,позиции,связи,текстов,использование,глаголов,себя,перевод,характер,бы,теории,текст,было,контексте,представляет,связь,хотя,даже,зрения,понятия,еще,об,м,языков,лишь,структуры,глаголы,описания,других,языках,тексте,признаки,стороны,культуры,различных,стратегия,особенно,п,выступает,роли,см,один,функции,кроме,данных,русского,следует,подход,переводе,н,качестве,точки,and,либо,несколько,двух,внимание,используется,которой,ситуации,обычно,становится,области
/Users/oksanagoncarova/Desktop/статьи написать/генерация статья/real docx_converted/1.docx,real,1.docx,39.77994075327973,52.05247566652561,13.542107490478205,9.73338975878121,6.771053745239103,11.84934405416843,11.00296233601354,0.4231908590774439,2.9623360135421075,4.655099449851884,8.040626322471436,3.808717731696995,4.231908590774439,12.272534913245874,1.2695725772323319,5.50148116800677,4.655099449851884,2.1159542953872195,2.9623360135421075,0.0,1.6927634363097757,0.8463817181548878,1.2695725772323319,1.2695725772323319,3.3855268726195513,0.0,0.0,0.0,2.1159542953872195,0.0,1.6927634363097757,0.0,2.5391451544646637,1.2695725772323319,0.4231908590774439,0.0,0.8463817181548878,0.8463817181548878,1.2695725772323319,2.9623360135421075,0.4231908590774439,0.8463817181548878,0.0,3.3855268726195513,3.808717731696995,0.8463817181548878,0.0,5.924672027084215,0.0,0.0,4.231908590774439,7.61743546339399,0.0,0.0,0.4231908590774439,0.0,3.808717731696995,0.0,8.040626322471436,0.0,0.4231908590774439,0.0,0.8463817181548878,0.4231908590774439,0.0,0.0,1.6927634363097757,2.1159542953872195,0.0,0.0,2.1159542953872195,0.0,0.0,0.0,0.0,0.0,0.4231908590774439,2.1159542953872195,0.4231908590774439,0.4231908590774439,0.0,2.1159542953872195,0.0,0.4231908590774439,0.0,0.4231908590774439,1.2695725772323319,1.6927634363097757,0.4231908590774439,0.0,1.2695725772323319,0.4231908590774439,0.0,1.2695725772323319,1.2695725772323319,0.0,2.1159542953872195,0.4231908590774439,0.0,0.4231908590774439,2.1159542953872195,0.4231908590774439,0.0,1.2695725772323319,0.0,0.0,0.4231908590774439,1.2695725772323319,0.0,0.8463817181548878,0.0,0.8463817181548878,0.0,0.0,1.6927634363097757,0.0,0.0,0.4231908590774439,0.4231908590774439,0.0,0.0,0.0,0.4231908590774439,1.6927634363097757,0.4231908590774439,0.4231908590774439,0.0,0.0,0.0,0.0,0.0,0.0,0.8463817181548878,0.0,0.0,0.0,0.0,0.4231908590774439,0.0,0.4231908590774439,0.4231908590774439,0.0,0.0,0.0,0.0,0.4231908590774439,0.0,0.0,0.0,1.6927634363097757,0.0,0.0,0.0,0.0,0.8463817181548878,0.0,0.0,0.4231908590774439,0.4231908590774439,0.0,0.0,0.0,0.0,0.0,1.2695725772323319,0.0,0.0,0.0,0.0,0.4231908590774439,0.0,0.4231908590774439,0.0,0.0,2.5391451544646637,1.2695725772323319,0.8463817181548878,0.0,1.2695725772323319,0.4231908590774439,0.0,0.0,0.8463817181548878,0.8463817181548878,0.0,0.0,0.4231908590774439,0.0,0.0,0.0,0.4231908590774439,0.0,0.0,0.0,0.0,0.0,0.0,1.2695725772323319,0.0,0.0
/Users/oksanagoncarova/Desktop/статьи написать/генерация статья/real docx_converted/10.docx,real,10.docx,36.82864450127877,53.19693094629156,7.672634271099745,10.230179028132993,15.34526854219949,12.27621483375959,10.741687979539641,8.695652173913043,8.184143222506393,8.184143222506393,4.092071611253196,2.557544757033248,6.138107416879795,5.115089514066496,1.5345268542199488,5.115089514066496,5.115089514066496,0.5115089514066495,2.046035805626598,2.557544757033248,3.5805626598465476,1.023017902813299,0.0,2.046035805626598,2.046035805626598,2.046035805626598,2.557544757033248,0.0,2.046035805626598,3.0690537084398977,3.5805626598465476,0.0,0.0,2.557544757033248,1.023017902813299,0.0,3.5805626598465476,1.023017902813299,1.023017902813299,0.5115089514066495,0.0,2.557544757033248,0.0,0.5115089514066495,4.092071611253196,0.5115089514066495,0.0,0.5115089514066495,0.5115089514066495,0.0,1.023017902813299,0.0,0.0,0.0,2.557544757033248,0.5115089514066495,2.046035805626598,3.5805626598465476,0.5115089514066495,2.046035805626598,4.092071611253196,0.0,0.0,1.023017902813299,3.5805626598465476,1.5345268542199488,3.5805626598465476,0.5115089514066495,0.5115089514066495,1.023017902813299,1.023017902813299,0.5115089514066495,0.0,1.023017902813299,0.5115089514066495,0.0,0.0,1.023017902813299,2.557544757033248,0.0,0.0,2.046035805626598,0.5115089514066495,0.0,0.0,1.5345268542199488,0.5115089514066495,1.023017902813299,1.023017902813299,1.023017902813299,2.046035805626598,0.0,0.0,0.0,1.023017902813299,0.0,0.0,0.5115089514066495,0.0,0.5115089514066495,1.5345268542199488,1.023017902813299,2.557544757033248,0.0,0.0,0.0,1.5345268542199488,0.0,0.5115089514066495,0.0,1.023017902813299,1.023017902813299,0.5115089514066495,0.5115089514066495,0.5115089514066495,0.5115089514066495,0.0,0.0,2.046035805626598,1.023017902813299,1.023017902813299,0.0,0.5115089514066495,1.5345268542199488,0.5115089514066495,0.0,2.046035805626598,0.5115089514066495,0.0,0.0,1.023017902813299,0.0,1.023017902813299,0.0,0.5115089514066495,0.0,0.0,0.0,0.0,2.557544757033248,0.5115089514066495,0.5115089514066495,0.0,0.0,0.0,0.0,0.5115089514066495,0.0,0.0,1.023017902813299,0.0,0.0,0.0,1.5345268542199488,1.023017902813299,2.557544757033248,0.5115089514066495,1.5345268542199488,0.5115089514066495,1.023017902813299,4.603580562659846,1.023017902813299,0.0,0.0,0.0,1.023017902813299,8.184143222506393,0.5115089514066495,0.0,1.023017902813299,0.0,0.5115089514066495,0.0,0.0,0.0,0.0,0.0,0.0,0.0,0.0,1.023017902813299,0.0,0.0,1.5345268542199488,1.023017902813299,0.5115089514066495,1.023017902813299,1.5345268542199488,2.046035805626598,0.0,0.0,0.5115089514066495,3.5805626598465476,1.023017902813299,0.5115089514066495,0.0,0.0,1.5345268542199488,0.0,0.0
/Users/oksanagoncarova/Desktop/статьи написать/генерация статья/real docx_converted/11.docx,real,11.docx,30.60724779627816,38.44270323212537,5.14201762977473,9.304603330068561,10.773751224289912,4.6523016650342806,6.121449559255631,6.366307541625857,3.9177277179236043,5.14201762977473,4.6523016650342806,1.4691478942213516,4.6523016650342806,3.1831537708129285,0.7345739471106758,2.9382957884427032,2.4485798237022527,1.9588638589618022,0.9794319294809011,2.2037218413320274,3.9177277179236043,2.2037218413320274,2.693437806072478,1.4691478942213516,0.9794319294809011,6.611165523996082,1.7140058765915769,0.0,1.4691478942213516,0.24485798237022527,1.4691478942213516,0.0,1.4691478942213516,0.24485798237022527,2.4485798237022527,0.7345739471106758,1.7140058765915769,2.4485798237022527,0.0,1.4691478942213516,0.48971596474045054,1.4691478942213516,0.0,0.7345739471106758,0.24485798237022527,0.7345739471106758,0.0,0.9794319294809011,1.9588638589618022,4.16258570029383,0.0,0.9794319294809011,0.0,0.7345739471106758,0.9794319294809011,1.9588638589618022,0.0,0.24485798237022527,1.7140058765915769,0.48971596474045054,0.0,0.0,0.7345739471106758,0.48971596474045054,0.24485798237022527,1.7140058765915769,0.24485798237022527,0.7345739471106758,1.7140058765915769,1.4691478942213516,1.4691478942213516,0.24485798237022527,0.0,0.9794319294809011,0.0,0.0,0.0,0.48971596474045054,0.0,1.2242899118511263,0.24485798237022527,0.48971596474045054,2.4485798237022527,0.24485798237022527,0.7345739471106758,0.24485798237022527,1.4691478942213516,0.48971596474045054,1.7140058765915769,0.48971596474045054,0.48971596474045054,0.24485798237022527,0.0,0.48971596474045054,0.7345739471106758,0.0,0.24485798237022527,0.9794319294809011,0.0,0.7345739471106758,0.0,0.0,1.4691478942213516,0.48971596474045054,0.0,0.0,0.48971596474045054,2.2037218413320274,0.0,0.7345739471106758,0.24485798237022527,1.2242899118511263,1.2242899118511263,0.24485798237022527,0.0,0.24485798237022527,0.0,0.0,0.9794319294809011,0.7345739471106758,0.9794319294809011,1.9588638589618022,0.48971596474045054,0.7345739471106758,0.7345739471106758,0.48971596474045054,1.9588638589618022,0.7345739471106758,0.0,1.2242899118511263,0.24485798237022527,0.24485798237022527,0.24485798237022527,0.0,0.24485798237022527,1.2242899118511263,4.897159647404505,0.7345739471106758,0.0,1.4691478942213516,0.24485798237022527,0.24485798237022527,0.0,0.24485798237022527,0.0,0.0,0.0,0.48971596474045054,0.0,0.9794319294809011,0.0,0.48971596474045054,0.48971596474045054,0.24485798237022527,0.7345739471106758,0.48971596474045054,0.0,0.24485798237022527,0.7345739471106758,0.48971596474045054,0.0,0.7345739471106758,0.9794319294809011,0.0,3.672869735553379,0.48971596474045054,0.0,0.0,9.304603330068561,0.0,0.7345739471106758,0.0,0.0,0.24485798237022527,1.2242899118511263,0.24485798237022527,0.48971596474045054,0.24485798237022527,0.7345739471106758,0.0,0.0,1.4691478942213516,0.0,0.24485798237022527,0.9794319294809011,0.0,1.4691478942213516,0.48971596474045054,0.48971596474045054,0.0,0.0,0.0,0.48971596474045054,0.24485798237022527,0.24485798237022527,0.48971596474045054,0.0,0.48971596474045054,0.0,0.0
/Users/oksanagoncarova/Desktop/статьи написать/генерация статья/real docx_converted/12.docx,real,12.docx,29.53813104189044,37.862513426423206,11.54672395273899,9.935553168635876,10.204081632653061,8.055853920515576,9.935553168635876,3.22234156820623,4.027926960257788,5.1020408163265305,4.296455424274973,1.3426423200859292,5.907626208378089,6.176154672395274,2.4167561761546725,2.6852846401718584,6.981740064446832,3.22234156820623,1.3426423200859292,3.22234156820623,2.1482277121374866,3.22234156820623,2.6852846401718584,2.1482277121374866,2.6852846401718584,0.5370569280343717,2.4167561761546725,0.0,2.4167561761546725,5.370569280343717,1.3426423200859292,5.1020408163265305,3.7593984962406015,2.1482277121374866,3.490870032223416,0.8055853920515575,0.0,1.3426423200859292,0.5370569280343717,0.5370569280343717,0.5370569280343717,1.3426423200859292,0.0,0.8055853920515575,1.0741138560687433,0.26852846401718583,17.722878625134264,0.26852846401718583,0.26852846401718583,1.0741138560687433,0.0,0.26852846401718583,1.3426423200859292,0.26852846401718583,0.8055853920515575,1.611170784103115,0.8055853920515575,1.0741138560687433,0.26852846401718583,0.26852846401718583,0.0,0.0,0.5370569280343717,0.8055853920515575,0.26852846401718583,0.26852846401718583,2.6852846401718584,0.0,1.611170784103115,1.3426423200859292,1.611170784103115,1.3426423200859292,3.490870032223416,0.0,0.5370569280343717,0.0,0.0,0.26852846401718583,0.26852846401718583,0.8055853920515575,1.8796992481203008,0.8055853920515575,1.8796992481203008,0.0,1.3426423200859292,0.5370569280343717,0.5370569280343717,0.26852846401718583,0.0,3.22234156820623,1.8796992481203008,2.1482277121374866,0.26852846401718583,0.5370569280343717,0.5370569280343717,0.5370569280343717,0.0,0.8055853920515575,0.0,0.5370569280343717,1.0741138560687433,2.1482277121374866,1.611170784103115,0.5370569280343717,5.370569280343717,0.0,0.5370569280343717,0.26852846401718583,0.0,2.4167561761546725,0.0,1.3426423200859292,0.0,1.0741138560687433,0.26852846401718583,0.26852846401718583,0.0,0.8055853920515575,1.611170784103115,0.0,0.26852846401718583,0.0,0.0,0.0,0.0,0.0,0.26852846401718583,0.26852846401718583,0.0,5.639097744360902,0.0,0.0,1.611170784103115,0.0,1.8796992481203008,1.0741138560687433,0.0,0.26852846401718583,0.0,2.4167561761546725,1.0741138560687433,0.0,0.0,0.0,0.0,1.611170784103115,0.0,2.9538131041890443,0.5370569280343717,0.0,0.26852846401718583,1.611170784103115,0.8055853920515575,0.0,0.26852846401718583,1.8796992481203008,0.0,0.5370569280343717,1.0741138560687433,0.0,0.0,0.0,4.56498388829216,0.0,0.0,1.0741138560687433,0.0,0.8055853920515575,0.0,0.26852846401718583,0.0,0.8055853920515575,0.26852846401718583,0.0,0.8055853920515575,0.0,0.26852846401718583,0.8055853920515575,0.5370569280343717,0.0,0.5370569280343717,0.26852846401718583,0.0,0.8055853920515575,0.26852846401718583,0.0,0.26852846401718583,1.8796992481203008,1.611170784103115,0.5370569280343717,1.0741138560687433,0.5370569280343717,0.8055853920515575,0.26852846401718583,0.5370569280343717,1.611170784103115,1.3426423200859292,1.0741138560687433,0.8055853920515575,0.26852846401718583
/Users/oksanagoncarova/Desktop/статьи написать/генерация статья/real docx_converted/13.docx,real,13.docx,38.73239436619718,45.774647887323944,3.5211267605633805,17.605633802816904,4.225352112676056,10.56338028169014,7.042253521126761,9.154929577464788,3.5211267605633805,4.929577464788733,11.267605633802818,4.225352112676056,5.633802816901409,5.633802816901409,3.5211267605633805,2.8169014084507045,4.929577464788733,0.0,2.8169014084507045,5.633802816901409,2.8169014084507045,2.112676056338028,1.4084507042253522,4.225352112676056,3.5211267605633805,7.042253521126761,1.4084507042253522,0.0,2.112676056338028,0.7042253521126761,3.5211267605633805,0.0,4.225352112676056,5.633802816901409,7.746478873239437,0.0,1.4084507042253522,1.4084507042253522,0.0,1.4084507042253522,0.0,3.5211267605633805,0.0,0.7042253521126761,2.112676056338028,2.112676056338028,0.0,2.8169014084507045,2.112676056338028,0.0,1.4084507042253522,0.0,0.0,2.112676056338028,0.0,0.7042253521126761,0.0,3.5211267605633805,1.4084507042253522,0.0,0.7042253521126761,0.0,0.0,1.4084507042253522,4.225352112676056,0.0,1.4084507042253522,2.112676056338028,0.0,0.0,4.225352112676056,2.8169014084507045,0.0,0.0,0.0,0.0,0.0,0.7042253521126761,1.4084507042253522,0.7042253521126761,0.0,0.0,9.859154929577466,0.7042253521126761,0.0,0.0,2.112676056338028,0.0,0.7042253521126761,0.0,0.0,0.0,0.0,0.0,0.7042253521126761,0.0,0.7042253521126761,4.225352112676056,0.0,2.112676056338028,0.0,0.0,0.7042253521126761,0.0,0.0,0.0,0.0,0.0,0.0,0.7042253521126761,0.0,2.112676056338028,0.7042253521126761,1.4084507042253522,1.4084507042253522,2.112676056338028,0.7042253521126761,0.0,0.7042253521126761,0.0,1.4084507042253522,0.0,0.0,1.4084507042253522,4.929577464788733,0.0,0.7042253521126761,0.0,0.0,0.0,0.7042253521126761,0.0,0.0,4.225352112676056,0.0,1.4084507042253522,4.225352112676056,0.7042253521126761,14.084507042253522,0.7042253521126761,0.0,0.0,0.0,0.7042253521126761,0.0,0.0,0.7042253521126761,0.7042253521126761,0.0,0.7042253521126761,0.0,0.0,0.7042253521126761,0.0,0.7042253521126761,0.0,0.7042253521126761,2.8169014084507045,0.0,1.4084507042253522,0.0,0.0,0.7042253521126761,0.0,0.7042253521126761,0.7042253521126761,0.0,0.0,3.5211267605633805,0.0,0.0,0.0,0.0,0.0,0.7042253521126761,0.0,0.0,0.7042253521126761,2.112676056338028,1.4084507042253522,2.112676056338028,0.0,7.042253521126761,3.5211267605633805,0.0,0.0,4.929577464788733,0.0,0.0,0.0,0.0,0.0,1.4084507042253522,0.0,0.0,2.112676056338028,0.0,0.0,0.7042253521126761,0.0
/Users/oksanagoncarova/Desktop/статьи написать/генерация статья/real docx_converted/14.docx,real,14.docx,35.846724351050675,43.263288009888754,10.630407911001235,12.360939431396785,9.888751545117428,6.427688504326329,8.405438813349814,5.686032138442522,4.697156983930779,7.911001236093944,4.449938195302843,2.719406674907293,5.686032138442522,4.202719406674907,1.2360939431396785,4.697156983930779,1.4833127317676142,2.719406674907293,3.4610630407911,1.2360939431396785,3.955500618046972,4.944375772558714,1.977750309023486,0.7416563658838071,1.977750309023486,3.955500618046972,0.988875154511743,0.0,2.472187886279357,2.2249690976514214,2.9666254635352285,1.2360939431396785,0.7416563658838071,2.2249690976514214,2.9666254635352285,0.4944375772558715,2.2249690976514214,1.977750309023486,0.24721878862793575,2.9666254635352285,0.4944375772558715,1.977750309023486,0.0,0.988875154511743,0.7416563658838071,0.988875154511743,4.202719406674907,0.24721878862793575,0.988875154511743,1.2360939431396785,1.73053152039555,0.7416563658838071,0.0,6.427688504326329,1.2360939431396785,1.2360939431396785,1.73053152039555,1.2360939431396785,1.4833127317676142,5.19159456118665,0.0,0.0,1.2360939431396785,1.73053152039555,0.7416563658838071,2.719406674907293,2.472187886279357,2.2249690976514214,0.24721878862793575,1.4833127317676142,1.2360939431396785,0.24721878862793575,0.4944375772558715,0.7416563658838071,0.0,0.0,0.24721878862793575,0.24721878862793575,0.0,1.2360939431396785,0.24721878862793575,1.73053152039555,2.719406674907293,0.24721878862793575,1.73053152039555,1.73053152039555,0.988875154511743,0.4944375772558715,0.0,0.4944375772558715,3.2138442521631645,0.7416563658838071,0.0,0.0,1.2360939431396785,0.24721878862793575,0.0,0.988875154511743,0.0,0.988875154511743,1.2360939431396785,0.988875154511743,0.0,0.4944375772558715,2.719406674907293,0.0,0.988875154511743,0.7416563658838071,0.988875154511743,1.4833127317676142,5.438813349814586,1.2360939431396785,0.0,0.7416563658838071,0.24721878862793575,0.4944375772558715,0.0,1.2360939431396785,0.988875154511743,0.7416563658838071,0.988875154511743,0.24721878862793575,0.0,1.2360939431396785,0.7416563658838071,0.24721878862793575,0.7416563658838071,0.4944375772558715,0.0,0.7416563658838071,1.977750309023486,0.0,0.24721878862793575,0.0,0.0,0.0,0.24721878862793575,0.988875154511743,3.4610630407911,0.7416563658838071,0.0,0.0,0.0,0.988875154511743,0.0,0.7416563658838071,0.0,0.24721878862793575,0.0,0.988875154511743,0.7416563658838071,0.4944375772558715,0.0,0.24721878862793575,0.24721878862793575,0.7416563658838071,0.24721878862793575,1.2360939431396785,0.988875154511743,0.7416563658838071,1.977750309023486,0.4944375772558715,0.24721878862793575,0.0,0.0,0.7416563658838071,1.2360939431396785,0.4944375772558715,0.24721878862793575,1.2360939431396785,0.0,0.7416563658838071,0.0,0.4944375772558715,0.0,0.0,0.7416563658838071,0.7416563658838071,0.24721878862793575,0.24721878862793575,0.988875154511743,0.7416563658838071,0.0,0.24721878862793575,0.0,0.0,0.24721878862793575,0.24721878862793575,1.2360939431396785,0.24721878862793575,0.0,0.4944375772558715,0.4944375772558715,0.24721878862793575,0.0,0.24721878862793575,0.4944375772558715,0.0,0.24721878862793575,0.24721878862793575
/Users/oksanagoncarova/Desktop/статьи написать/генерация статья/real docx_converted/15.docx,real,15.docx,31.806615776081426,36.25954198473282,10.178117048346056,8.481764206955047,11.662425784563188,7.421543681085666,8.693808312128922,6.149279050042409,2.9686174724342664,5.51314673452078,5.301102629346904,0.8481764206955047,4.452926208651399,3.8167938931297707,0.42408821034775235,2.544529262086514,2.75657336726039,4.877014418999152,2.544529262086514,2.544529262086514,2.3324851569126377,2.9686174724342664,3.1806615776081424,4.877014418999152,5.089058524173028,2.75657336726039,0.8481764206955047,12.086513994910941,2.544529262086514,1.9083969465648853,2.544529262086514,4.028837998303647,4.2408821034775235,1.4843087362171332,0.42408821034775235,0.42408821034775235,0.42408821034775235,1.6963528413910094,0.6361323155216285,1.272264631043257,0.21204410517387617,1.9083969465648853,0.0,0.42408821034775235,1.0602205258693809,1.0602205258693809,0.0,1.0602205258693809,0.0,0.21204410517387617,0.42408821034775235,0.42408821034775235,10.602205258693807,1.6963528413910094,1.6963528413910094,0.21204410517387617,0.42408821034775235,0.0,0.0,1.6963528413910094,0.21204410517387617,7.421543681085666,0.21204410517387617,0.42408821034775235,1.0602205258693809,0.21204410517387617,1.272264631043257,1.0602205258693809,0.6361323155216285,0.21204410517387617,0.42408821034775235,1.0602205258693809,0.0,0.42408821034775235,2.75657336726039,0.0,0.0,1.272264631043257,0.21204410517387617,0.6361323155216285,0.21204410517387617,0.8481764206955047,1.0602205258693809,0.21204410517387617,1.0602205258693809,0.21204410517387617,0.8481764206955047,0.8481764206955047,1.0602205258693809,2.544529262086514,1.4843087362171332,0.6361323155216285,3.392705682782019,0.21204410517387617,2.3324851569126377,0.21204410517387617,1.0602205258693809,0.21204410517387617,0.0,0.21204410517387617,0.6361323155216285,0.6361323155216285,0.8481764206955047,0.21204410517387617,0.42408821034775235,0.0,1.272264631043257,0.6361323155216285,0.42408821034775235,1.272264631043257,0.21204410517387617,0.21204410517387617,0.0,0.0,0.0,0.21204410517387617,0.0,0.0,0.0,0.8481764206955047,0.42408821034775235,0.0,0.21204410517387617,0.42408821034775235,0.42408821034775235,0.21204410517387617,0.21204410517387617,0.21204410517387617,1.4843087362171332,1.272264631043257,0.21204410517387617,0.8481764206955047,1.272264631043257,0.0,1.272264631043257,1.272264631043257,1.4843087362171332,0.21204410517387617,0.21204410517387617,0.42408821034775235,0.0,1.9083969465648853,0.0,0.8481764206955047,0.0,1.0602205258693809,1.0602205258693809,0.0,1.0602205258693809,0.6361323155216285,0.6361323155216285,0.42408821034775235,0.0,0.21204410517387617,0.42408821034775235,0.42408821034775235,0.42408821034775235,0.21204410517387617,0.0,0.6361323155216285,0.21204410517387617,0.8481764206955047,0.21204410517387617,0.0,0.42408821034775235,0.42408821034775235,0.0,2.1204410517387617,0.8481764206955047,0.42408821034775235,0.0,0.21204410517387617,0.0,0.21204410517387617,0.0,1.0602205258693809,0.6361323155216285,0.42408821034775235,0.21204410517387617,0.6361323155216285,0.0,0.0,0.0,2.1204410517387617,0.21204410517387617,0.0,0.6361323155216285,0.6361323155216285,0.42408821034775235,3.392705682782019,0.0,0.8481764206955047,2.1204410517387617,1.6963528413910094,0.21204410517387617,0.8481764206955047,0.8481764206955047,0.8481764206955047,0.21204410517387617,0.42408821034775235
/Users/oksanagoncarova/Desktop/статьи написать/генерация статья/real docx_converted/16.docx,real,16.docx,33.51632476162958,41.606472117885005,11.268419531927188,11.846287200231146,11.557353366079168,13.002022536839062,10.112684195319272,1.7336030049118751,2.3114706732158337,6.0676105171915635,6.0676105171915635,3.7561398439757294,3.178272175671771,5.489742848887605,1.1557353366079168,2.600404507367813,2.889338341519792,2.3114706732158337,1.7336030049118751,5.200809014735626,0.5778676683039584,2.889338341519792,0.8668015024559376,1.444669170759896,3.4672060098237503,0.8668015024559376,0.8668015024559376,0.0,2.3114706732158337,1.444669170759896,2.3114706732158337,1.1557353366079168,4.334007512279689,0.8668015024559376,1.444669170759896,0.0,2.3114706732158337,1.7336030049118751,1.1557353366079168,1.1557353366079168,0.0,1.1557353366079168,0.0,0.5778676683039584,1.444669170759896,0.0,2.0225368390638545,1.444669170759896,0.8668015024559376,0.0,0.5778676683039584,0.5778676683039584,0.0,0.8668015024559376,0.8668015024559376,1.1557353366079168,1.444669170759896,0.5778676683039584,2.3114706732158337,0.5778676683039584,0.0,0.0,0.0,0.8668015024559376,0.8668015024559376,0.2889338341519792,0.5778676683039584,0.5778676683039584,0.0,0.5778676683039584,0.5778676683039584,0.2889338341519792,5.200809014735626,0.2889338341519792,0.0,0.0,0.0,1.444669170759896,0.0,0.2889338341519792,0.2889338341519792,1.7336030049118751,1.444669170759896,0.2889338341519792,0.2889338341519792,0.5778676683039584,0.8668015024559376,2.3114706732158337,1.7336030049118751,0.2889338341519792,1.444669170759896,0.2889338341519792,0.0,0.5778676683039584,1.7336030049118751,0.0,1.7336030049118751,0.2889338341519792,0.0,0.2889338341519792,0.5778676683039584,1.7336030049118751,0.2889338341519792,0.2889338341519792,6.0676105171915635,0.0,1.1557353366079168,0.2889338341519792,0.2889338341519792,1.444669170759896,0.2889338341519792,2.0225368390638545,2.3114706732158337,0.2889338341519792,1.1557353366079168,0.2889338341519792,0.2889338341519792,1.1557353366079168,2.0225368390638545,0.2889338341519792,0.0,0.5778676683039584,0.0,1.1557353366079168,1.444669170759896,0.0,0.5778676683039584,2.0225368390638545,0.0,0.2889338341519792,1.1557353366079168,0.0,0.8668015024559376,0.0,0.0,0.2889338341519792,0.2889338341519792,0.8668015024559376,0.0,0.8668015024559376,0.8668015024559376,0.5778676683039584,0.0,2.3114706732158337,0.0,1.1557353366079168,0.5778676683039584,0.5778676683039584,2.3114706732158337,0.8668015024559376,0.0,0.0,0.0,0.2889338341519792,0.5778676683039584,0.2889338341519792,2.3114706732158337,1.7336030049118751,0.2889338341519792,0.0,0.0,0.8668015024559376,0.0,0.0,0.0,0.0,0.0,0.5778676683039584,0.5778676683039584,0.0,0.2889338341519792,0.0,0.0,0.0,0.0,0.5778676683039584,0.0,0.0,0.2889338341519792,0.0,0.0,0.8668015024559376,0.0,0.0,0.0,0.0,1.1557353366079168,0.2889338341519792,0.0,0.0,0.0,0.0,0.2889338341519792,0.0,0.0,1.444669170759896,0.0,0.0,0.0,0.2889338341519792
/Users/oksanagoncarova/Desktop/статьи написать/генерация статья/real docx_converted/17.docx,real,17.docx,27.993779160186623,41.990668740279936,9.33125972006221,19.699326075686884,4.147226542249871,3.1104199066874028,11.404872991187144,0.5184033177812338,25.401762571280454,3.6288232244686367,6.2208398133748055,3.1104199066874028,3.1104199066874028,11.404872991187144,1.0368066355624677,1.5552099533437014,4.665629860031105,1.5552099533437014,1.0368066355624677,2.592016588906169,3.6288232244686367,2.0736132711249353,3.1104199066874028,2.592016588906169,2.0736132711249353,0.0,0.5184033177812338,0.0,2.0736132711249353,2.0736132711249353,0.0,0.0,0.5184033177812338,2.592016588906169,0.5184033177812338,1.0368066355624677,0.0,7.257646448937273,0.0,0.0,0.0,0.0,0.0,1.5552099533437014,0.0,2.0736132711249353,0.0,0.0,37.84344219803007,0.0,0.5184033177812338,0.0,0.0,0.5184033177812338,3.6288232244686367,0.5184033177812338,1.5552099533437014,2.0736132711249353,0.5184033177812338,0.5184033177812338,0.5184033177812338,0.0,0.0,0.0,4.665629860031105,0.5184033177812338,0.0,1.0368066355624677,0.5184033177812338,0.0,1.0368066355624677,2.0736132711249353,0.0,0.0,0.0,0.0,0.0,0.0,6.73924313115604,0.0,0.0,1.0368066355624677,0.0,0.0,0.5184033177812338,3.1104199066874028,0.5184033177812338,0.5184033177812338,0.0,1.0368066355624677,0.0,0.0,0.0,1.5552099533437014,0.0,0.0,0.0,1.0368066355624677,0.0,0.0,0.5184033177812338,3.1104199066874028,0.5184033177812338,1.0368066355624677,0.0,0.0,0.0,0.0,1.5552099533437014,0.0,0.0,1.5552099533437014,2.592016588906169,0.0,0.0,0.5184033177812338,0.0,2.592016588906169,9.33125972006221,4.147226542249871,0.0,0.5184033177812338,3.6288232244686367,0.0,0.0,0.0,0.0,0.5184033177812338,0.0,0.0,0.5184033177812338,0.0,3.1104199066874028,3.1104199066874028,0.0,0.0,0.0,0.0,0.0,0.5184033177812338,0.0,0.0,0.0,0.0,0.0,0.5184033177812338,4.147226542249871,0.5184033177812338,0.0,8.812856402280975,0.0,0.0,0.0,0.0,0.0,1.0368066355624677,0.0,0.5184033177812338,0.5184033177812338,0.0,0.0,0.0,6.2208398133748055,0.0,0.0,1.0368066355624677,1.0368066355624677,0.0,0.0,0.0,0.0,0.0,0.0,0.0,2.0736132711249353,0.0,0.0,0.5184033177812338,1.5552099533437014,0.0,1.5552099533437014,3.6288232244686367,0.0,1.0368066355624677,0.0,0.0,1.5552099533437014,0.5184033177812338,0.5184033177812338,0.0,0.0,0.5184033177812338,2.0736132711249353,0.0,0.0,0.5184033177812338,0.0,2.0736132711249353,0.0,0.0
/Users/oksanagoncarova/Desktop/статьи написать/генерация статья/real docx_converted/18.docx,real,18.docx,20.12964858410099,27.294438758103038,3.7529853292391677,6.823609689525759,5.458887751620607,0.6823609689525759,2.0470829068577276,1.7059024223814399,1.7059024223814399,4.094165813715455,0.6823609689525759,0.34118048447628796,1.7059024223814399,2.0470829068577276,1.0235414534288638,1.7059024223814399,0.6823609689525759,4.435346298191743,0.0,2.3882633913340157,3.0706243602865912,0.0,0.6823609689525759,3.0706243602865912,0.0,0.0,0.34118048447628796,0.0,0.34118048447628796,1.3647219379051518,0.0,0.0,0.0,0.34118048447628796,0.34118048447628796,0.34118048447628796,0.34118048447628796,1.0235414534288638,0.0,0.34118048447628796,0.0,0.34118048447628796,0.0,0.6823609689525759,0.34118048447628796,0.0,0.34118048447628796,3.0706243602865912,1.0235414534288638,0.0,1.0235414534288638,0.6823609689525759,37.87103377686796,0.0,0.6823609689525759,0.0,0.0,0.0,0.34118048447628796,0.0,0.0,0.0,0.34118048447628796,0.6823609689525759,0.34118048447628796,0.0,1.0235414534288638,0.0,0.34118048447628796,0.34118048447628796,0.0,0.6823609689525759,0.0,0.0,28.3179802115319,0.0,0.0,0.34118048447628796,0.0,0.0,0.0,0.0,0.0,0.0,1.3647219379051518,0.6823609689525759,0.34118048447628796,0.0,0.0,0.34118048447628796,0.34118048447628796,0.0,18.76492664619584,0.0,1.0235414534288638,0.0,1.3647219379051518,0.34118048447628796,0.0,0.34118048447628796,0.34118048447628796,0.0,1.7059024223814399,0.0,3.7529853292391677,0.0,0.0,0.34118048447628796,0.34118048447628796,0.0,0.0,0.0,0.0,1.7059024223814399,0.0,0.0,0.0,0.0,0.0,0.0,1.7059024223814399,0.0,0.0,0.0,1.0235414534288638,0.0,0.6823609689525759,0.0,0.0,0.0,0.0,0.0,0.34118048447628796,0.0,0.0,0.34118048447628796,0.6823609689525759,0.0,0.0,0.0,0.0,0.0,0.34118048447628796,0.34118048447628796,0.0,0.6823609689525759,0.0,0.0,0.0,0.0,0.0,0.6823609689525759,0.6823609689525759,0.0,0.34118048447628796,0.0,0.0,1.0235414534288638,0.6823609689525759,0.0,0.0,0.6823609689525759,0.0,0.0,0.0,0.0,0.0,0.0,0.34118048447628796,0.34118048447628796,0.34118048447628796,0.0,0.0,0.34118048447628796,0.0,0.6823609689525759,0.34118048447628796,0.0,1.0235414534288638,0.6823609689525759,0.6823609689525759,0.6823609689525759,0.0,0.0,0.0,0.0,0.0,0.34118048447628796,0.0,9.211873080859775,0.0,0.0,0.0,0.34118048447628796,0.34118048447628796,0.34118048447628796,0.0,0.0,0.0,0.0
/Users/oksanagoncarova/Desktop/статьи написать/генерация статья/real docx_converted/19.docx,real,19.docx,28.685258964143426,37.450199203187246,11.155378486055778,15.936254980079681,5.577689243027889,9.561752988047807,4.780876494023904,7.171314741035856,6.374501992031873,3.1872509960159365,6.374501992031873,3.9840637450199203,3.9840637450199203,0.7968127490039841,0.0,2.390438247011952,0.7968127490039841,1.5936254980079683,1.5936254980079683,0.7968127490039841,3.9840637450199203,6.374501992031873,3.9840637450199203,2.390438247011952,0.7968127490039841,1.5936254980079683,3.9840637450199203,1.5936254980079683,1.5936254980079683,0.7968127490039841,0.0,0.0,0.0,1.5936254980079683,3.9840637450199203,0.7968127490039841,0.0,1.5936254980079683,0.7968127490039841,0.7968127490039841,5.577689243027889,0.0,0.0,1.5936254980079683,2.390438247011952,0.0,0.0,1.5936254980079683,0.0,0.7968127490039841,0.0,1.5936254980079683,0.0,5.577689243027889,0.0,2.390438247011952,1.5936254980079683,3.1872509960159365,3.9840637450199203,2.390438247011952,0.7968127490039841,5.577689243027889,0.0,2.390438247011952,0.0,1.5936254980079683,1.5936254980079683,3.9840637450199203,0.0,0.7968127490039841,0.7968127490039841,0.0,0.0,0.0,0.0,0.0,1.5936254980079683,2.390438247011952,1.5936254980079683,1.5936254980079683,0.0,3.1872509960159365,4.780876494023904,0.0,0.0,0.0,0.0,0.0,0.7968127490039841,1.5936254980079683,0.0,2.390438247011952,0.0,2.390438247011952,0.0,0.0,0.0,0.7968127490039841,0.0,0.0,0.7968127490039841,0.7968127490039841,1.5936254980079683,0.0,0.0,0.0,0.0,0.7968127490039841,0.7968127490039841,1.5936254980079683,0.7968127490039841,0.0,1.5936254980079683,6.374501992031873,0.0,0.0,0.0,0.0,0.0,4.780876494023904,0.0,0.0,0.7968127490039841,0.0,0.7968127490039841,0.0,0.0,0.7968127490039841,5.577689243027889,0.0,0.0,0.0,0.0,0.0,0.0,0.0,1.5936254980079683,0.7968127490039841,0.0,2.390438247011952,0.0,0.0,0.7968127490039841,1.5936254980079683,0.0,1.5936254980079683,0.7968127490039841,0.0,0.0,0.0,0.0,0.0,2.390438247011952,0.7968127490039841,0.0,0.0,0.7968127490039841,0.7968127490039841,0.0,0.0,0.0,0.0,1.5936254980079683,0.0,1.5936254980079683,0.0,0.0,0.0,0.0,0.7968127490039841,0.0,1.5936254980079683,0.0,0.0,0.7968127490039841,0.0,0.7968127490039841,22.310756972111555,0.0,0.0,1.5936254980079683,0.7968127490039841,0.0,1.5936254980079683,0.0,0.0,0.0,0.0,0.0,0.0,3.1872509960159365,0.0,0.7968127490039841,0.0,0.0,0.0,0.0,0.0,0.0,0.0
/Users/oksanagoncarova/Desktop/статьи написать/генерация статья/real docx_converted/2.docx,real,2.docx,34.77218225419664,37.76978417266187,9.592326139088728,14.98800959232614,10.79136690647482,11.390887290167866,2.997601918465228,2.398081534772182,5.39568345323741,6.594724220623501,4.796163069544364,3.5971223021582737,2.398081534772182,8.992805755395683,1.199040767386091,3.5971223021582737,5.39568345323741,2.997601918465228,0.5995203836930455,2.997601918465228,2.997601918465228,0.0,0.5995203836930455,1.7985611510791368,4.196642685851319,0.0,0.5995203836930455,0.0,2.398081534772182,2.398081534772182,1.199040767386091,1.199040767386091,1.199040767386091,1.199040767386091,0.0,0.0,0.5995203836930455,0.5995203836930455,0.0,2.997601918465228,0.5995203836930455,0.0,0.0,1.7985611510791368,2.997601918465228,1.199040767386091,0.0,0.5995203836930455,0.5995203836930455,0.0,4.196642685851319,0.5995203836930455,0.0,1.199040767386091,0.0,1.7985611510791368,1.7985611510791368,3.5971223021582737,1.199040767386091,0.0,1.7985611510791368,0.0,0.5995203836930455,0.0,0.5995203836930455,0.0,0.0,0.5995203836930455,0.5995203836930455,0.5995203836930455,0.5995203836930455,2.997601918465228,0.0,1.199040767386091,0.0,0.0,0.0,1.199040767386091,0.0,0.0,0.0,1.199040767386091,0.5995203836930455,0.0,0.5995203836930455,0.0,0.5995203836930455,1.199040767386091,0.0,0.5995203836930455,0.5995203836930455,0.5995203836930455,0.0,0.5995203836930455,1.199040767386091,0.0,0.5995203836930455,0.5995203836930455,0.0,1.199040767386091,1.199040767386091,1.199040767386091,0.0,0.0,0.0,0.0,0.5995203836930455,5.995203836930456,0.0,0.5995203836930455,0.0,0.0,0.0,1.7985611510791368,0.0,0.0,0.0,0.0,0.5995203836930455,0.0,0.0,0.0,0.0,0.0,0.5995203836930455,0.0,0.0,0.5995203836930455,0.0,0.0,0.5995203836930455,0.0,0.5995203836930455,0.0,0.0,0.5995203836930455,0.0,0.5995203836930455,1.7985611510791368,0.0,0.0,0.0,0.0,0.5995203836930455,0.0,0.0,0.5995203836930455,0.0,0.0,0.0,1.199040767386091,0.5995203836930455,0.0,0.0,1.7985611510791368,2.398081534772182,0.0,1.199040767386091,0.5995203836930455,1.199040767386091,0.0,0.0,0.0,0.0,0.0,0.0,0.0,0.5995203836930455,0.0,0.5995203836930455,0.5995203836930455,0.0,0.0,0.0,1.199040767386091,0.5995203836930455,0.0,0.0,2.997601918465228,0.0,0.0,0.0,0.0,0.5995203836930455,0.0,0.0,1.7985611510791368,0.0,1.7985611510791368,0.0,0.0,0.0,0.0,0.0,0.0,1.7985611510791368,0.0,0.0,0.0,0.0
/Users/oksanagoncarova/Desktop/статьи написать/генерация статья/real docx_converted/21.docx,real,21.docx,20.438683948155532,33.898305084745765,7.976071784646061,9.471585244267198,5.982053838484546,8.474576271186441,8.97308075772682,6.4805583250249255,1.4955134596211366,6.4805583250249255,5.483549351944167,17.44765702891326,3.9880358923230306,4.48654037886341,0.4985044865403788,4.48654037886341,3.9880358923230306,0.9970089730807576,1.9940179461615153,1.9940179461615153,1.9940179461615153,2.4925224327018944,0.0,1.4955134596211366,1.4955134596211366,1.9940179461615153,1.9940179461615153,12.46261216350947,1.9940179461615153,0.9970089730807576,0.0,2.4925224327018944,2.4925224327018944,1.4955134596211366,0.0,0.0,3.489531405782652,0.0,0.0,0.9970089730807576,0.0,0.0,2.4925224327018944,0.4985044865403788,0.0,0.9970089730807576,3.489531405782652,0.0,0.0,0.0,0.4985044865403788,1.9940179461615153,7.477567298105683,1.9940179461615153,1.4955134596211366,0.4985044865403788,1.4955134596211366,0.9970089730807576,0.0,2.4925224327018944,0.4985044865403788,10.468594217347956,0.0,1.4955134596211366,5.483549351944167,0.4985044865403788,1.9940179461615153,0.9970089730807576,2.991026919242273,0.4985044865403788,2.4925224327018944,0.9970089730807576,0.9970089730807576,0.0,3.489531405782652,0.0,0.0,0.4985044865403788,0.9970089730807576,0.4985044865403788,0.9970089730807576,0.4985044865403788,0.0,0.4985044865403788,0.4985044865403788,0.4985044865403788,0.0,0.0,2.4925224327018944,0.9970089730807576,1.4955134596211366,0.0,6.4805583250249255,0.0,0.4985044865403788,0.0,0.0,0.4985044865403788,0.0,0.9970089730807576,0.9970089730807576,1.9940179461615153,0.4985044865403788,0.4985044865403788,0.0,0.0,0.0,0.0,1.4955134596211366,0.0,2.4925224327018944,0.4985044865403788,0.0,0.0,0.4985044865403788,0.4985044865403788,0.4985044865403788,0.4985044865403788,1.4955134596211366,0.0,0.4985044865403788,0.0,0.0,0.4985044865403788,0.4985044865403788,0.0,0.0,0.9970089730807576,4.48654037886341,0.4985044865403788,0.0,0.0,0.9970089730807576,0.0,0.0,2.4925224327018944,0.0,0.0,0.4985044865403788,0.4985044865403788,0.0,0.0,0.0,0.0,0.0,0.0,0.0,1.4955134596211366,2.4925224327018944,0.0,0.0,0.0,0.0,0.0,0.0,0.9970089730807576,0.9970089730807576,0.0,0.4985044865403788,0.0,0.0,0.4985044865403788,0.4985044865403788,0.0,0.0,0.4985044865403788,0.0,0.9970089730807576,0.0,0.9970089730807576,0.0,0.0,0.0,0.9970089730807576,0.0,0.9970089730807576,0.0,0.9970089730807576,0.0,0.0,0.0,0.0,0.4985044865403788,0.9970089730807576,0.0,0.9970089730807576,0.0,0.4985044865403788,0.9970089730807576,2.991026919242273,0.9970089730807576,0.0,0.0,0.4985044865403788,0.0,0.9970089730807576,0.0,0.0,0.0,0.4985044865403788
/Users/oksanagoncarova/Desktop/статьи написать/генерация статья/real docx_converted/22.docx,real,22.docx,32.74268104776579,39.291217257318955,10.400616332819723,12.711864406779663,10.785824345146379,13.097072419106317,3.852080123266564,2.6964560862865947,5.3929121725731894,5.778120184899846,6.933744221879815,1.5408320493066257,4.237288135593221,5.778120184899846,0.3852080123266564,5.778120184899846,5.007704160246533,8.474576271186441,1.1556240369799693,1.5408320493066257,3.0816640986132513,1.1556240369799693,1.5408320493066257,1.5408320493066257,1.926040061633282,3.0816640986132513,1.1556240369799693,0.0,1.926040061633282,5.3929121725731894,0.7704160246533128,1.1556240369799693,1.926040061633282,0.3852080123266564,1.926040061633282,0.3852080123266564,1.1556240369799693,2.3112480739599386,0.0,1.5408320493066257,2.3112480739599386,1.1556240369799693,0.0,0.7704160246533128,1.1556240369799693,0.7704160246533128,13.86748844375963,1.1556240369799693,1.1556240369799693,0.0,2.3112480739599386,0.3852080123266564,0.0,1.1556240369799693,0.3852080123266564,0.3852080123266564,1.926040061633282,0.7704160246533128,1.5408320493066257,1.5408320493066257,0.7704160246533128,0.0,0.3852080123266564,0.7704160246533128,0.7704160246533128,0.0,0.7704160246533128,0.3852080123266564,0.0,1.1556240369799693,1.5408320493066257,1.1556240369799693,9.244992295839754,0.3852080123266564,0.0,0.0,0.7704160246533128,0.0,0.3852080123266564,0.3852080123266564,0.0,1.5408320493066257,0.7704160246533128,0.0,0.3852080123266564,0.3852080123266564,0.0,0.7704160246533128,1.926040061633282,0.3852080123266564,0.7704160246533128,0.7704160246533128,0.0,0.7704160246533128,1.1556240369799693,0.0,0.0,0.7704160246533128,0.0,0.3852080123266564,1.1556240369799693,0.3852080123266564,0.0,0.0,0.7704160246533128,0.7704160246533128,1.1556240369799693,1.926040061633282,0.3852080123266564,1.926040061633282,0.3852080123266564,0.7704160246533128,0.3852080123266564,1.1556240369799693,1.1556240369799693,0.3852080123266564,0.0,0.7704160246533128,1.5408320493066257,0.3852080123266564,0.3852080123266564,1.1556240369799693,0.3852080123266564,0.3852080123266564,0.7704160246533128,0.7704160246533128,0.3852080123266564,0.7704160246533128,0.0,0.0,1.1556240369799693,0.0,1.5408320493066257,0.0,1.1556240369799693,1.1556240369799693,0.0,0.0,0.0,0.7704160246533128,0.3852080123266564,0.3852080123266564,0.0,0.7704160246533128,0.0,1.1556240369799693,1.1556240369799693,0.3852080123266564,1.5408320493066257,1.5408320493066257,0.0,0.3852080123266564,1.5408320493066257,0.0,2.3112480739599386,0.0,1.5408320493066257,0.7704160246533128,0.0,3.852080123266564,0.0,0.0,1.5408320493066257,0.0,0.3852080123266564,0.0,0.0,0.0,0.0,0.3852080123266564,1.1556240369799693,1.1556240369799693,0.0,0.0,1.926040061633282,0.0,0.3852080123266564,0.0,0.7704160246533128,0.0,0.3852080123266564,0.0,0.0,0.7704160246533128,0.3852080123266564,0.0,1.1556240369799693,0.0,0.0,0.0,0.0,0.3852080123266564,0.3852080123266564,0.3852080123266564,0.3852080123266564,0.0,1.926040061633282,0.3852080123266564,0.0,0.0
/Users/oksanagoncarova/Desktop/статьи написать/генерация статья/real docx_converted/23.docx,real,23.docx,34.13246647704185,54.855749695245834,10.564811052417717,13.40918325883787,13.00284437220642,7.7204388459975615,12.190166598943518,4.876066639577408,6.095083299471759,5.2824055262088585,6.50142218610321,2.031694433157253,5.688744412840308,2.438033319788704,4.469727752945957,3.250711093051605,2.031694433157253,2.031694433157253,0.4063388866314506,4.876066639577408,2.031694433157253,0.8126777732629012,2.844372206420154,2.844372206420154,3.250711093051605,1.219016659894352,4.063388866314506,0.0,2.844372206420154,0.4063388866314506,1.6253555465258025,0.0,0.4063388866314506,2.031694433157253,0.8126777732629012,0.0,3.250711093051605,0.8126777732629012,1.219016659894352,1.6253555465258025,0.4063388866314506,1.219016659894352,0.0,0.4063388866314506,0.4063388866314506,0.4063388866314506,0.0,0.8126777732629012,0.8126777732629012,0.4063388866314506,0.0,0.0,0.4063388866314506,3.6570499796830553,1.219016659894352,0.0,0.4063388866314506,3.6570499796830553,1.219016659894352,5.2824055262088585,0.0,0.0,0.4063388866314506,0.8126777732629012,0.0,0.0,1.219016659894352,0.4063388866314506,0.0,1.6253555465258025,0.0,1.6253555465258025,0.0,0.0,2.844372206420154,0.0,0.0,1.219016659894352,6.095083299471759,0.4063388866314506,0.0,3.250711093051605,1.219016659894352,0.0,0.0,0.8126777732629012,0.0,2.438033319788704,0.8126777732629012,0.0,1.219016659894352,0.0,1.219016659894352,0.0,1.219016659894352,0.0,0.4063388866314506,0.4063388866314506,0.0,0.0,0.4063388866314506,0.0,1.219016659894352,0.0,0.0,0.0,1.219016659894352,0.4063388866314506,0.8126777732629012,0.4063388866314506,0.8126777732629012,2.438033319788704,0.0,1.6253555465258025,0.0,0.0,0.0,0.8126777732629012,0.8126777732629012,0.0,0.4063388866314506,0.4063388866314506,0.0,0.4063388866314506,0.0,0.0,0.0,0.0,0.0,0.0,0.8126777732629012,0.0,0.4063388866314506,0.0,0.4063388866314506,0.0,0.0,0.8126777732629012,0.0,0.4063388866314506,0.0,1.219016659894352,0.0,0.4063388866314506,0.0,0.0,0.8126777732629012,0.0,0.0,1.6253555465258025,0.0,0.0,0.8126777732629012,0.4063388866314506,0.0,0.0,0.0,0.4063388866314506,2.031694433157253,0.0,0.4063388866314506,0.4063388866314506,0.0,0.0,0.0,0.0,0.0,0.0,0.4063388866314506,1.219016659894352,0.0,0.0,0.0,1.6253555465258025,0.0,0.0,0.0,0.0,0.8126777732629012,0.4063388866314506,0.8126777732629012,0.4063388866314506,0.0,0.0,0.0,0.0,0.0,0.4063388866314506,0.0,0.0,0.0,1.219016659894352,0.0,0.4063388866314506,0.0,0.4063388866314506,0.4063388866314506,2.031694433157253,0.8126777732629012,1.219016659894352
/Users/oksanagoncarova/Desktop/статьи написать/генерация статья/real docx_converted/24.docx,real,24.docx,32.274856845393025,51.53565851119209,10.41124414367517,10.931806350858928,3.643935450286309,14.055179593961478,11.452368558042686,1.5616866215512752,5.726184279021343,24.986985944820404,5.205622071837585,1.5616866215512752,6.246746486205101,5.205622071837585,1.5616866215512752,1.5616866215512752,1.041124414367517,0.5205622071837585,3.1233732431025505,2.082248828735034,2.082248828735034,3.1233732431025505,1.041124414367517,0.5205622071837585,2.082248828735034,1.041124414367517,2.6028110359187924,0.0,2.6028110359187924,0.0,2.082248828735034,0.0,0.0,8.328995314940135,6.76730869338886,1.5616866215512752,1.5616866215512752,2.6028110359187924,0.5205622071837585,0.5205622071837585,0.0,1.5616866215512752,0.0,1.041124414367517,2.082248828735034,0.0,0.0,2.6028110359187924,2.082248828735034,1.041124414367517,0.5205622071837585,0.0,0.0,9.370119729307651,2.082248828735034,2.6028110359187924,0.5205622071837585,3.1233732431025505,0.5205622071837585,0.0,0.5205622071837585,0.0,2.6028110359187924,1.041124414367517,3.1233732431025505,0.5205622071837585,4.685059864653826,1.041124414367517,1.041124414367517,0.5205622071837585,2.082248828735034,0.5205622071837585,0.0,0.5205622071837585,0.0,0.5205622071837585,0.0,0.0,2.6028110359187924,1.5616866215512752,0.0,2.082248828735034,1.041124414367517,0.0,0.0,2.082248828735034,1.5616866215512752,0.5205622071837585,0.0,0.5205622071837585,1.5616866215512752,0.0,0.0,0.0,0.5205622071837585,0.0,0.0,0.0,0.0,0.0,1.5616866215512752,0.0,0.5205622071837585,0.5205622071837585,0.0,0.0,1.5616866215512752,0.0,0.5205622071837585,2.6028110359187924,3.1233732431025505,0.0,0.0,0.5205622071837585,0.0,2.082248828735034,0.5205622071837585,0.5205622071837585,2.082248828735034,0.0,0.5205622071837585,5.726184279021343,1.041124414367517,0.5205622071837585,0.0,0.0,1.5616866215512752,0.0,0.0,0.0,0.0,0.0,0.5205622071837585,3.643935450286309,0.0,1.5616866215512752,0.0,0.0,5.726184279021343,0.5205622071837585,0.0,0.0,0.0,0.0,0.0,0.0,0.0,1.5616866215512752,0.0,0.0,0.0,0.0,0.0,0.5205622071837585,1.5616866215512752,0.0,0.0,0.5205622071837585,0.5205622071837585,1.5616866215512752,0.0,1.5616866215512752,0.0,0.0,0.5205622071837585,1.5616866215512752,0.0,0.0,0.0,0.5205622071837585,0.0,0.0,0.0,0.0,4.164497657470068,0.0,0.0,1.5616866215512752,0.0,0.0,0.5205622071837585,0.5205622071837585,0.5205622071837585,0.0,0.0,0.0,4.685059864653826,0.5205622071837585,0.0,0.0,0.0,0.5205622071837585,0.0,1.041124414367517,0.0,0.0,0.0,1.041124414367517,0.0,1.041124414367517
/Users/oksanagoncarova/Desktop/статьи написать/генерация статья/real docx_converted/25.docx,real,25.docx,37.27369542066028,36.208732694355696,7.454739084132056,5.324813631522897,6.3897763578274756,10.649627263045794,5.324813631522897,4.259850905218317,7.454739084132056,6.3897763578274756,7.454739084132056,0.0,3.1948881789137378,2.1299254526091587,1.0649627263045793,5.324813631522897,4.259850905218317,6.3897763578274756,4.259850905218317,2.1299254526091587,2.1299254526091587,0.0,2.1299254526091587,0.0,0.0,2.1299254526091587,1.0649627263045793,0.0,2.1299254526091587,2.1299254526091587,3.1948881789137378,0.0,0.0,4.259850905218317,11.714589989350374,1.0649627263045793,2.1299254526091587,0.0,0.0,2.1299254526091587,0.0,2.1299254526091587,0.0,1.0649627263045793,2.1299254526091587,0.0,0.0,0.0,0.0,3.1948881789137378,1.0649627263045793,1.0649627263045793,0.0,5.324813631522897,1.0649627263045793,1.0649627263045793,1.0649627263045793,1.0649627263045793,0.0,1.0649627263045793,3.1948881789137378,0.0,0.0,1.0649627263045793,0.0,1.0649627263045793,0.0,0.0,0.0,0.0,1.0649627263045793,0.0,0.0,1.0649627263045793,0.0,0.0,0.0,4.259850905218317,2.1299254526091587,0.0,0.0,1.0649627263045793,0.0,1.0649627263045793,0.0,1.0649627263045793,8.519701810436635,1.0649627263045793,0.0,0.0,1.0649627263045793,0.0,0.0,2.1299254526091587,0.0,0.0,0.0,0.0,0.0,0.0,0.0,0.0,0.0,0.0,0.0,0.0,1.0649627263045793,8.519701810436635,0.0,0.0,3.1948881789137378,0.0,1.0649627263045793,0.0,2.1299254526091587,0.0,0.0,2.1299254526091587,0.0,2.1299254526091587,1.0649627263045793,0.0,0.0,1.0649627263045793,1.0649627263045793,1.0649627263045793,3.1948881789137378,0.0,0.0,0.0,1.0649627263045793,0.0,0.0,0.0,1.0649627263045793,0.0,0.0,0.0,0.0,0.0,0.0,0.0,0.0,3.1948881789137378,0.0,3.1948881789137378,0.0,0.0,0.0,0.0,0.0,0.0,0.0,0.0,0.0,0.0,0.0,1.0649627263045793,0.0,2.1299254526091587,0.0,0.0,0.0,0.0,0.0,2.1299254526091587,0.0,0.0,0.0,0.0,0.0,0.0,0.0,0.0,5.324813631522897,0.0,0.0,0.0,0.0,0.0,0.0,0.0,1.0649627263045793,0.0,0.0,0.0,2.1299254526091587,2.1299254526091587,0.0,0.0,1.0649627263045793,0.0,0.0,1.0649627263045793,1.0649627263045793,0.0,0.0,0.0,0.0,0.0
/Users/oksanagoncarova/Desktop/статьи написать/генерация статья/real docx_converted/26.docx,real,26.docx,35.62945368171022,43.23040380047506,13.30166270783848,10.926365795724466,6.65083135391924,1.4251781472684086,10.451306413301662,0.9501187648456056,6.65083135391924,9.501187648456057,4.750593824228028,5.225653206650831,7.125890736342043,2.375296912114014,0.4750593824228028,3.32541567695962,1.9002375296912113,3.32541567695962,0.4750593824228028,1.4251781472684086,0.4750593824228028,3.8004750593824226,1.9002375296912113,1.4251781472684086,3.32541567695962,1.4251781472684086,0.9501187648456056,0.0,0.9501187648456056,0.0,1.4251781472684086,0.4750593824228028,0.0,0.4750593824228028,2.8503562945368173,0.0,1.4251781472684086,1.4251781472684086,0.0,1.9002375296912113,1.4251781472684086,0.9501187648456056,0.0,0.9501187648456056,0.4750593824228028,0.0,7.125890736342043,0.0,0.0,0.0,0.4750593824228028,1.4251781472684086,0.0,0.0,0.0,0.9501187648456056,0.4750593824228028,0.9501187648456056,0.9501187648456056,0.9501187648456056,0.0,0.0,0.0,0.4750593824228028,0.9501187648456056,1.9002375296912113,0.0,1.4251781472684086,0.4750593824228028,0.4750593824228028,0.0,0.9501187648456056,2.375296912114014,0.9501187648456056,0.0,0.0,0.4750593824228028,0.0,0.9501187648456056,0.4750593824228028,0.9501187648456056,0.0,0.9501187648456056,0.4750593824228028,1.4251781472684086,1.9002375296912113,0.4750593824228028,2.375296912114014,0.0,0.4750593824228028,1.4251781472684086,0.0,0.0,0.9501187648456056,0.9501187648456056,0.0,0.9501187648456056,0.9501187648456056,0.0,0.0,0.9501187648456056,0.4750593824228028,0.9501187648456056,0.0,2.8503562945368173,9.026128266033254,0.0,0.0,0.4750593824228028,0.0,0.0,0.9501187648456056,0.0,0.0,0.0,1.4251781472684086,0.0,0.0,0.0,0.0,0.0,1.4251781472684086,0.0,0.0,0.0,0.0,0.0,3.32541567695962,0.0,2.375296912114014,0.0,0.4750593824228028,1.4251781472684086,1.4251781472684086,0.0,0.9501187648456056,0.0,0.9501187648456056,0.9501187648456056,0.0,0.4750593824228028,0.0,0.0,1.4251781472684086,0.0,1.9002375296912113,0.0,0.4750593824228028,0.9501187648456056,0.0,0.0,0.0,0.0,0.0,0.0,2.375296912114014,0.4750593824228028,0.0,0.0,3.8004750593824226,0.0,0.0,0.0,0.0,0.0,0.4750593824228028,0.0,0.0,0.0,1.4251781472684086,0.0,0.0,8.076009501187649,0.0,0.4750593824228028,0.0,0.0,0.4750593824228028,0.9501187648456056,0.0,0.0,0.4750593824228028,0.4750593824228028,0.0,0.0,0.0,0.9501187648456056,0.9501187648456056,1.4251781472684086,0.0,0.0,0.4750593824228028,0.4750593824228028,0.0,0.0,0.0,1.9002375296912113,0.4750593824228028,0.0,0.9501187648456056
/Users/oksanagoncarova/Desktop/статьи написать/генерация статья/real docx_converted/27.docx,real,27.docx,25.041736227045075,35.058430717863104,8.347245409015025,8.347245409015025,3.33889816360601,6.67779632721202,6.67779632721202,1.669449081803005,0.0,5.0083472454090145,3.33889816360601,0.0,0.0,3.33889816360601,0.0,1.669449081803005,6.67779632721202,1.669449081803005,1.669449081803005,0.0,1.669449081803005,3.33889816360601,0.0,3.33889816360601,3.33889816360601,1.669449081803005,1.669449081803005,0.0,0.0,0.0,0.0,5.0083472454090145,0.0,1.669449081803005,0.0,3.33889816360601,0.0,3.33889816360601,0.0,0.0,0.0,0.0,0.0,0.0,0.0,1.669449081803005,10.016694490818029,0.0,3.33889816360601,3.33889816360601,0.0,0.0,0.0,0.0,3.33889816360601,1.669449081803005,0.0,0.0,0.0,6.67779632721202,0.0,0.0,0.0,0.0,0.0,0.0,0.0,0.0,0.0,0.0,0.0,0.0,0.0,0.0,0.0,1.669449081803005,0.0,0.0,0.0,0.0,0.0,0.0,0.0,0.0,0.0,0.0,0.0,0.0,0.0,0.0,0.0,0.0,0.0,1.669449081803005,0.0,0.0,0.0,0.0,0.0,0.0,1.669449081803005,0.0,1.669449081803005,0.0,1.669449081803005,0.0,0.0,3.33889816360601,0.0,0.0,1.669449081803005,1.669449081803005,1.669449081803005,0.0,0.0,0.0,0.0,0.0,0.0,0.0,1.669449081803005,1.669449081803005,0.0,0.0,0.0,0.0,0.0,0.0,0.0,1.669449081803005,0.0,0.0,5.0083472454090145,0.0,0.0,0.0,0.0,0.0,0.0,0.0,6.67779632721202,1.669449081803005,0.0,0.0,0.0,1.669449081803005,1.669449081803005,0.0,0.0,0.0,0.0,0.0,0.0,0.0,0.0,0.0,0.0,0.0,0.0,0.0,0.0,0.0,0.0,0.0,0.0,0.0,0.0,0.0,0.0,0.0,0.0,0.0,0.0,0.0,0.0,0.0,0.0,0.0,0.0,0.0,0.0,0.0,0.0,0.0,0.0,0.0,0.0,5.0083472454090145,0.0,0.0,0.0,0.0,0.0,0.0,1.669449081803005,0.0,0.0,0.0,1.669449081803005,1.669449081803005
/Users/oksanagoncarova/Desktop/статьи написать/генерация статья/real docx_converted/28.docx,real,28.docx,52.70270270270271,52.70270270270271,24.324324324324326,6.756756756756757,10.81081081081081,4.054054054054054,4.054054054054054,2.7027027027027026,2.7027027027027026,0.0,12.162162162162163,0.0,2.7027027027027026,1.3513513513513513,2.7027027027027026,2.7027027027027026,1.3513513513513513,0.0,4.054054054054054,2.7027027027027026,2.7027027027027026,4.054054054054054,0.0,1.3513513513513513,0.0,1.3513513513513513,0.0,6.756756756756757,0.0,0.0,0.0,0.0,0.0,1.3513513513513513,0.0,0.0,0.0,0.0,0.0,0.0,0.0,0.0,0.0,0.0,0.0,0.0,0.0,2.7027027027027026,0.0,0.0,0.0,1.3513513513513513,0.0,0.0,0.0,0.0,1.3513513513513513,0.0,2.7027027027027026,0.0,0.0,13.513513513513514,0.0,4.054054054054054,0.0,0.0,0.0,0.0,1.3513513513513513,1.3513513513513513,0.0,0.0,0.0,0.0,0.0,0.0,0.0,0.0,0.0,0.0,1.3513513513513513,0.0,6.756756756756757,0.0,0.0,1.3513513513513513,0.0,0.0,0.0,1.3513513513513513,0.0,0.0,0.0,0.0,1.3513513513513513,2.7027027027027026,0.0,0.0,0.0,0.0,0.0,0.0,0.0,0.0,0.0,0.0,0.0,0.0,0.0,0.0,0.0,4.054054054054054,4.054054054054054,0.0,0.0,0.0,0.0,0.0,0.0,0.0,0.0,0.0,0.0,0.0,1.3513513513513513,0.0,0.0,0.0,0.0,0.0,0.0,0.0,0.0,0.0,0.0,1.3513513513513513,0.0,0.0,0.0,0.0,0.0,0.0,0.0,0.0,0.0,1.3513513513513513,0.0,1.3513513513513513,0.0,0.0,0.0,0.0,1.3513513513513513,0.0,0.0,0.0,0.0,0.0,0.0,2.7027027027027026,0.0,0.0,1.3513513513513513,0.0,0.0,0.0,0.0,0.0,0.0,0.0,1.3513513513513513,2.7027027027027026,0.0,0.0,1.3513513513513513,1.3513513513513513,0.0,0.0,0.0,0.0,1.3513513513513513,0.0,1.3513513513513513,0.0,0.0,0.0,0.0,1.3513513513513513,0.0,0.0,0.0,0.0,0.0,0.0,1.3513513513513513,0.0,2.7027027027027026,0.0,0.0,0.0
/Users/oksanagoncarova/Desktop/статьи написать/генерация статья/real docx_converted/29.docx,real,29.docx,38.439796495195026,45.22328999434709,10.740531373657435,13.566986998304127,8.479366873940078,9.609949123798756,4.522328999434708,5.087620124364048,5.652911249293386,9.044657998869416,6.218202374222725,3.391746749576032,2.261164499717354,5.087620124364048,1.130582249858677,1.130582249858677,4.522328999434708,3.391746749576032,4.522328999434708,2.826455624646693,5.087620124364048,2.261164499717354,2.826455624646693,1.695873374788016,5.652911249293386,9.044657998869416,1.695873374788016,0.0,1.695873374788016,1.695873374788016,1.130582249858677,5.652911249293386,0.0,1.130582249858677,1.130582249858677,0.0,3.95703787450537,1.130582249858677,1.130582249858677,1.130582249858677,1.130582249858677,1.130582249858677,0.0,3.95703787450537,0.5652911249293385,0.0,0.0,0.0,1.695873374788016,0.5652911249293385,1.695873374788016,0.0,1.130582249858677,6.218202374222725,2.826455624646693,1.695873374788016,1.130582249858677,1.695873374788016,1.695873374788016,0.0,0.0,0.0,0.0,2.826455624646693,2.826455624646693,0.0,0.0,0.0,1.130582249858677,0.5652911249293385,0.0,1.130582249858677,0.0,0.5652911249293385,0.5652911249293385,0.0,0.0,0.5652911249293385,0.0,0.5652911249293385,0.0,0.0,0.5652911249293385,0.5652911249293385,0.0,0.5652911249293385,0.0,0.5652911249293385,1.695873374788016,0.5652911249293385,1.130582249858677,0.0,2.826455624646693,1.695873374788016,1.130582249858677,0.0,0.0,1.695873374788016,0.0,0.0,0.5652911249293385,0.0,2.261164499717354,0.5652911249293385,0.0,0.0,1.130582249858677,0.0,0.5652911249293385,1.695873374788016,2.826455624646693,0.5652911249293385,0.5652911249293385,2.826455624646693,0.0,0.0,0.5652911249293385,0.5652911249293385,0.5652911249293385,1.695873374788016,0.0,1.695873374788016,0.5652911249293385,1.130582249858677,1.695873374788016,0.0,0.5652911249293385,0.0,0.0,2.261164499717354,1.130582249858677,0.0,1.130582249858677,0.0,0.0,0.0,0.0,0.0,0.0,0.5652911249293385,2.261164499717354,0.5652911249293385,0.0,0.5652911249293385,0.5652911249293385,1.130582249858677,0.0,0.0,1.130582249858677,0.0,0.0,0.0,1.695873374788016,0.5652911249293385,0.0,0.5652911249293385,1.695873374788016,1.130582249858677,0.0,1.130582249858677,0.0,1.130582249858677,0.0,0.0,0.5652911249293385,0.0,0.0,3.391746749576032,0.0,0.0,2.261164499717354,0.0,0.0,0.5652911249293385,0.5652911249293385,0.0,0.5652911249293385,0.0,0.0,0.5652911249293385,2.261164499717354,0.5652911249293385,0.0,0.5652911249293385,0.5652911249293385,0.0,2.826455624646693,0.5652911249293385,0.5652911249293385,2.261164499717354,0.0,0.0,0.0,0.0,0.0,0.5652911249293385,0.0,0.0,0.0,0.0
/Users/oksanagoncarova/Desktop/статьи написать/генерация статья/real docx_converted/3.docx,real,3.docx,35.714285714285715,24.630541871921185,14.16256157635468,6.773399014778326,6.773399014778326,6.773399014778326,4.926108374384237,6.157635467980296,7.389162561576354,3.078817733990148,8.620689655172413,1.2315270935960592,3.694581280788177,0.6157635467980296,4.310344827586206,2.4630541871921183,2.4630541871921183,5.541871921182266,1.8472906403940885,3.078817733990148,1.8472906403940885,9.852216748768473,6.157635467980296,2.4630541871921183,1.8472906403940885,0.6157635467980296,0.6157635467980296,4.926108374384237,1.8472906403940885,0.6157635467980296,1.2315270935960592,0.0,0.6157635467980296,0.0,4.310344827586206,0.0,3.078817733990148,3.078817733990148,0.6157635467980296,1.2315270935960592,0.0,0.6157635467980296,0.0,1.2315270935960592,1.2315270935960592,0.0,0.0,1.8472906403940885,0.6157635467980296,0.0,1.8472906403940885,0.6157635467980296,0.0,1.2315270935960592,1.2315270935960592,2.4630541871921183,1.2315270935960592,1.2315270935960592,1.2315270935960592,0.6157635467980296,3.078817733990148,3.694581280788177,0.6157635467980296,0.0,0.0,0.0,0.6157635467980296,1.8472906403940885,0.0,0.0,0.6157635467980296,0.0,0.0,0.0,0.0,0.0,4.926108374384237,1.2315270935960592,0.0,0.0,0.6157635467980296,0.0,0.6157635467980296,0.6157635467980296,0.6157635467980296,1.8472906403940885,3.078817733990148,3.078817733990148,0.0,1.8472906403940885,0.0,0.0,0.0,0.0,0.0,0.6157635467980296,0.0,0.0,0.0,0.0,0.6157635467980296,0.6157635467980296,0.0,1.8472906403940885,0.0,0.0,0.0,5.541871921182266,0.6157635467980296,0.0,0.6157635467980296,0.6157635467980296,0.6157635467980296,0.0,0.0,0.0,0.6157635467980296,1.2315270935960592,0.6157635467980296,0.6157635467980296,0.6157635467980296,3.078817733990148,1.2315270935960592,0.0,0.0,0.0,0.6157635467980296,0.0,8.620689655172413,0.6157635467980296,0.6157635467980296,0.0,0.0,0.0,0.6157635467980296,1.2315270935960592,1.2315270935960592,0.0,0.0,0.0,0.0,0.0,4.926108374384237,0.6157635467980296,0.0,0.6157635467980296,0.0,0.0,0.0,0.0,0.0,0.0,0.0,0.0,0.6157635467980296,0.6157635467980296,0.0,0.0,0.0,1.2315270935960592,0.0,0.0,0.0,8.004926108374384,0.0,0.6157635467980296,0.0,0.0,0.6157635467980296,0.0,0.0,3.694581280788177,0.0,0.0,0.6157635467980296,0.0,0.0,3.694581280788177,0.0,0.0,0.0,0.0,0.0,0.0,0.0,0.0,1.8472906403940885,0.0,0.6157635467980296,0.0,0.0,0.0,0.6157635467980296,0.0,0.0,0.6157635467980296,3.078817733990148,1.8472906403940885,0.0,0.0
/Users/oksanagoncarova/Desktop/статьи написать/генерация статья/real docx_converted/30.docx,real,30.docx,20.278833967046893,53.2319391634981,13.94169835234474,14.36417405999155,3.3798056611744824,1.6899028305872412,1.6899028305872412,2.957329953527672,1.2674271229404308,6.759611322348965,3.3798056611744824,2.112378538234051,7.604562737642586,1.6899028305872412,0.4224757076468103,4.224757076468102,6.759611322348965,1.6899028305872412,0.4224757076468103,0.4224757076468103,1.2674271229404308,1.2674271229404308,0.4224757076468103,1.2674271229404308,0.8449514152936206,0.8449514152936206,0.4224757076468103,0.0,0.0,0.0,0.4224757076468103,0.0,0.0,0.4224757076468103,2.5348542458808616,0.0,0.4224757076468103,0.8449514152936206,0.4224757076468103,0.8449514152936206,0.0,0.4224757076468103,0.0,2.112378538234051,0.0,0.4224757076468103,0.0,3.802281368821293,2.112378538234051,0.4224757076468103,0.8449514152936206,0.0,0.0,1.2674271229404308,0.0,0.4224757076468103,0.8449514152936206,0.0,0.0,0.0,1.2674271229404308,0.0,0.4224757076468103,0.0,0.8449514152936206,0.0,0.0,0.4224757076468103,0.0,0.0,0.0,0.4224757076468103,0.0,0.0,0.0,0.0,0.0,1.6899028305872412,0.0,0.8449514152936206,0.0,1.2674271229404308,1.6899028305872412,0.0,0.8449514152936206,0.8449514152936206,5.914659907055344,2.112378538234051,0.4224757076468103,0.0,0.4224757076468103,0.4224757076468103,0.0,0.0,0.0,0.0,0.0,0.0,0.0,0.0,0.0,0.4224757076468103,0.0,0.4224757076468103,0.0,0.0,0.0,0.0,0.0,0.0,0.0,0.4224757076468103,1.2674271229404308,0.0,0.8449514152936206,0.4224757076468103,0.4224757076468103,0.4224757076468103,0.8449514152936206,0.0,0.0,6.337135614702154,0.8449514152936206,0.0,0.0,0.0,0.0,0.0,0.0,0.4224757076468103,0.8449514152936206,0.0,0.8449514152936206,0.0,0.0,0.0,0.0,0.4224757076468103,0.0,0.0,0.4224757076468103,0.0,0.0,0.0,0.0,0.0,0.0,0.0,0.0,0.4224757076468103,0.0,0.0,0.0,0.0,0.0,0.4224757076468103,0.0,0.8449514152936206,1.6899028305872412,0.8449514152936206,0.0,0.4224757076468103,0.8449514152936206,0.0,0.0,0.0,0.0,0.4224757076468103,0.0,0.4224757076468103,0.8449514152936206,0.0,0.0,0.0,0.8449514152936206,0.0,0.0,0.0,0.8449514152936206,0.0,0.0,0.0,0.0,0.0,0.0,0.0,1.6899028305872412,0.8449514152936206,0.0,0.0,0.0,1.6899028305872412,0.4224757076468103,0.0,0.0,0.4224757076468103,0.0,0.0,0.0,4.224757076468102
/Users/oksanagoncarova/Desktop/статьи написать/генерация статья/real docx_converted/31.docx,real,31.docx,23.14711773870465,39.17204540396172,15.579790785666592,11.128421989761852,4.451368795904741,9.79301135099043,9.125306031604719,13.576674827509459,5.119074115290452,3.561095036723793,4.673937235699978,2.6708212775428444,6.677053193857112,3.1159581571333184,2.4482528377476074,2.4482528377476074,6.0093478744714,1.7805475183618964,1.7805475183618964,1.5579790785666592,2.0031159581571334,3.561095036723793,2.4482528377476074,5.119074115290452,3.1159581571333184,4.006231916314267,2.2256843979523704,0.0,1.7805475183618964,1.7805475183618964,1.3354106387714222,0.0,0.4451368795904741,1.5579790785666592,1.3354106387714222,1.1128421989761852,0.4451368795904741,1.3354106387714222,0.22256843979523705,3.338526596928556,0.0,0.0,0.0,1.1128421989761852,2.8933897173380814,0.8902737591809482,0.0,0.0,0.4451368795904741,0.6677053193857111,3.1159581571333184,0.22256843979523705,0.0,0.0,2.0031159581571334,2.0031159581571334,0.6677053193857111,2.4482528377476074,1.7805475183618964,0.22256843979523705,0.0,0.0,1.5579790785666592,3.1159581571333184,2.6708212775428444,0.4451368795904741,0.6677053193857111,3.1159581571333184,1.3354106387714222,2.0031159581571334,1.5579790785666592,0.4451368795904741,0.0,2.8933897173380814,0.4451368795904741,0.0,0.0,0.4451368795904741,0.6677053193857111,1.5579790785666592,0.0,1.7805475183618964,1.1128421989761852,1.3354106387714222,1.5579790785666592,0.0,0.0,0.6677053193857111,0.8902737591809482,0.0,1.5579790785666592,0.0,0.0,0.6677053193857111,0.8902737591809482,0.0,0.0,0.6677053193857111,0.0,1.7805475183618964,1.3354106387714222,1.5579790785666592,1.5579790785666592,0.4451368795904741,0.0,0.0,2.0031159581571334,2.4482528377476074,1.3354106387714222,2.4482528377476074,0.0,0.6677053193857111,0.0,1.1128421989761852,0.8902737591809482,0.22256843979523705,1.7805475183618964,0.4451368795904741,0.8902737591809482,2.2256843979523704,2.0031159581571334,0.4451368795904741,0.22256843979523705,0.0,0.4451368795904741,0.4451368795904741,1.1128421989761852,0.4451368795904741,0.6677053193857111,0.0,0.0,0.6677053193857111,1.5579790785666592,2.2256843979523704,0.0,0.0,1.7805475183618964,1.5579790785666592,0.0,0.8902737591809482,0.4451368795904741,0.22256843979523705,4.896505675495215,0.0,0.4451368795904741,0.22256843979523705,1.3354106387714222,0.22256843979523705,0.0,1.3354106387714222,0.0,1.1128421989761852,0.0,1.5579790785666592,0.8902737591809482,0.6677053193857111,0.0,1.1128421989761852,0.22256843979523705,1.3354106387714222,7.122190073447586,0.22256843979523705,0.6677053193857111,2.8933897173380814,1.1128421989761852,1.7805475183618964,3.1159581571333184,0.0,0.8902737591809482,2.0031159581571334,0.0,0.4451368795904741,0.0,0.4451368795904741,0.0,0.0,0.0,0.8902737591809482,0.8902737591809482,0.8902737591809482,3.1159581571333184,0.4451368795904741,1.3354106387714222,0.4451368795904741,0.0,0.0,0.0,0.8902737591809482,0.6677053193857111,0.0,0.4451368795904741,1.3354106387714222,1.1128421989761852,0.4451368795904741,1.1128421989761852,0.4451368795904741,3.338526596928556,0.0,0.0,1.5579790785666592
/Users/oksanagoncarova/Desktop/статьи написать/генерация статья/real docx_converted/32.docx,real,32.docx,47.49055585536967,44.252563410685376,12.682137075013491,7.285483000539665,9.174311926605505,9.983810037776578,11.602806260118728,5.126821370750135,1.8888289260658393,8.364813815434431,4.587155963302752,5.126821370750135,6.7458175930922835,3.7776578521316786,0.5396654074473827,2.9681597409606044,2.1586616297895307,3.5078251484079868,1.618996222342148,1.0793308148947653,1.3491635186184565,1.0793308148947653,1.3491635186184565,0.5396654074473827,1.0793308148947653,0.0,2.698327037236913,0.0,4.0474905558553695,1.618996222342148,0.809498111171074,0.0,2.1586616297895307,2.698327037236913,0.0,0.0,1.3491635186184565,0.5396654074473827,0.26983270372369134,2.4284943335132216,0.0,0.5396654074473827,0.0,0.809498111171074,1.3491635186184565,0.26983270372369134,0.26983270372369134,1.8888289260658393,2.4284943335132216,0.5396654074473827,0.809498111171074,1.0793308148947653,0.0,0.26983270372369134,0.26983270372369134,0.5396654074473827,2.1586616297895307,0.809498111171074,1.3491635186184565,0.0,0.26983270372369134,0.0,0.26983270372369134,1.8888289260658393,0.0,0.5396654074473827,1.8888289260658393,0.26983270372369134,0.0,1.618996222342148,3.7776578521316786,1.0793308148947653,0.26983270372369134,1.0793308148947653,0.26983270372369134,0.0,0.0,0.26983270372369134,0.0,1.3491635186184565,0.0,2.1586616297895307,0.0,0.26983270372369134,0.809498111171074,0.0,0.26983270372369134,1.8888289260658393,0.26983270372369134,0.809498111171074,1.0793308148947653,0.0,0.0,0.0,1.8888289260658393,0.0,0.0,0.26983270372369134,0.0,1.0793308148947653,1.0793308148947653,1.3491635186184565,0.809498111171074,0.0,0.5396654074473827,1.3491635186184565,1.618996222342148,0.809498111171074,0.809498111171074,0.5396654074473827,0.0,0.26983270372369134,0.0,0.26983270372369134,0.5396654074473827,0.809498111171074,0.26983270372369134,0.0,1.618996222342148,0.0,0.0,0.5396654074473827,0.26983270372369134,3.237992444684296,0.5396654074473827,0.26983270372369134,1.0793308148947653,0.5396654074473827,0.0,0.0,0.0,0.0,1.3491635186184565,0.0,0.809498111171074,0.26983270372369134,0.0,0.809498111171074,0.0,1.8888289260658393,0.0,0.0,0.0,0.809498111171074,0.0,0.26983270372369134,3.5078251484079868,0.26983270372369134,0.0,1.8888289260658393,0.0,0.0,0.809498111171074,0.0,0.5396654074473827,0.26983270372369134,0.0,1.618996222342148,0.26983270372369134,0.809498111171074,0.0,0.26983270372369134,0.26983270372369134,0.0,0.0,0.5396654074473827,0.0,0.0,0.0,0.5396654074473827,0.26983270372369134,0.26983270372369134,0.0,0.26983270372369134,0.0,0.26983270372369134,0.26983270372369134,0.0,0.26983270372369134,0.0,0.26983270372369134,0.0,0.0,0.809498111171074,0.0,0.0,0.809498111171074,1.8888289260658393,0.26983270372369134,0.0,0.26983270372369134,0.0,0.26983270372369134,1.0793308148947653,0.0,0.26983270372369134,0.26983270372369134,0.0,0.0,0.26983270372369134
/Users/oksanagoncarova/Desktop/статьи написать/генерация статья/real docx_converted/33.docx,real,33.docx,38.530465949820794,45.25089605734767,9.408602150537634,6.720430107526882,5.824372759856631,8.960573476702509,4.92831541218638,3.5842293906810037,7.616487455197133,6.272401433691757,5.824372759856631,1.3440860215053765,10.304659498207885,5.376344086021506,4.032258064516129,3.1362007168458783,2.688172043010753,0.44802867383512546,2.240143369175627,2.688172043010753,3.1362007168458783,3.5842293906810037,2.240143369175627,0.44802867383512546,0.8960573476702509,6.272401433691757,0.44802867383512546,0.8960573476702509,0.8960573476702509,6.272401433691757,0.44802867383512546,0.44802867383512546,3.1362007168458783,4.480286738351254,1.3440860215053765,0.0,2.240143369175627,2.688172043010753,0.0,0.8960573476702509,1.3440860215053765,0.44802867383512546,0.0,0.0,1.3440860215053765,0.44802867383512546,0.0,1.7921146953405018,0.0,0.8960573476702509,0.44802867383512546,0.0,0.0,3.5842293906810037,3.1362007168458783,1.7921146953405018,0.0,0.8960573476702509,2.688172043010753,0.8960573476702509,0.0,0.0,0.0,1.3440860215053765,2.688172043010753,0.0,2.240143369175627,0.44802867383512546,0.44802867383512546,0.0,0.44802867383512546,0.0,0.0,0.44802867383512546,0.44802867383512546,0.0,0.0,0.8960573476702509,0.44802867383512546,0.44802867383512546,0.0,1.3440860215053765,2.240143369175627,0.0,0.8960573476702509,0.0,0.0,0.8960573476702509,0.0,2.240143369175627,0.44802867383512546,0.0,0.0,0.8960573476702509,0.44802867383512546,0.0,0.44802867383512546,0.44802867383512546,0.0,0.44802867383512546,1.7921146953405018,0.0,0.44802867383512546,0.44802867383512546,0.0,0.0,0.44802867383512546,0.44802867383512546,1.3440860215053765,0.0,0.8960573476702509,0.8960573476702509,0.0,1.3440860215053765,0.0,0.44802867383512546,0.44802867383512546,0.0,0.0,1.7921146953405018,3.1362007168458783,2.240143369175627,0.44802867383512546,0.0,1.3440860215053765,0.0,1.3440860215053765,4.92831541218638,0.0,0.0,1.3440860215053765,0.0,2.688172043010753,0.44802867383512546,0.0,1.7921146953405018,5.376344086021506,0.44802867383512546,3.1362007168458783,1.3440860215053765,0.0,0.44802867383512546,0.0,0.0,0.0,0.8960573476702509,0.0,2.240143369175627,0.0,0.0,0.44802867383512546,0.0,0.8960573476702509,0.0,0.0,1.7921146953405018,0.0,0.0,0.0,3.1362007168458783,2.240143369175627,0.44802867383512546,0.0,0.0,0.0,1.3440860215053765,0.0,0.0,7.168458781362007,0.44802867383512546,0.0,0.0,0.0,0.0,0.0,0.44802867383512546,0.0,0.0,1.3440860215053765,0.44802867383512546,0.44802867383512546,0.0,0.0,0.0,0.0,0.0,3.5842293906810037,0.44802867383512546,1.3440860215053765,0.0,0.0,0.0,1.3440860215053765,0.0,0.0,0.44802867383512546,0.0,0.0,0.0,0.0
/Users/oksanagoncarova/Desktop/статьи написать/генерация статья/real docx_converted/34.docx,real,34.docx,27.40362285183465,33.67394333488156,13.005109150023223,11.843938690199723,11.14723641430562,13.469577333952625,13.469577333952625,6.967022758941012,4.876915931258709,8.128193218764514,1.625638643752903,5.341384115188109,3.715745471435207,4.876915931258709,0.23223409196470043,5.80585229911751,1.1611704598235022,5.341384115188109,4.180213655364607,3.715745471435207,1.625638643752903,0.23223409196470043,1.3934045517882026,0.46446818392940087,2.786809103576405,0.23223409196470043,2.786809103576405,0.0,4.644681839294009,2.0901068276823036,0.46446818392940087,0.0,1.3934045517882026,2.5545750116117047,0.9289363678588017,0.23223409196470043,1.625638643752903,2.786809103576405,0.0,0.6967022758941013,0.0,0.6967022758941013,0.0,1.3934045517882026,2.0901068276823036,0.6967022758941013,1.3934045517882026,2.0901068276823036,6.038086391082211,0.23223409196470043,3.715745471435207,3.9479795633999073,0.0,1.1611704598235022,0.23223409196470043,1.3934045517882026,2.3223409196470044,1.3934045517882026,2.3223409196470044,0.0,1.625638643752903,0.0,0.9289363678588017,1.3934045517882026,0.46446818392940087,0.23223409196470043,2.5545750116117047,5.1091500232234095,0.0,2.786809103576405,1.625638643752903,1.3934045517882026,1.8578727357176035,0.46446818392940087,0.0,0.23223409196470043,1.625638643752903,0.6967022758941013,0.0,0.0,0.0,0.6967022758941013,0.23223409196470043,0.46446818392940087,0.6967022758941013,0.23223409196470043,0.46446818392940087,0.46446818392940087,0.23223409196470043,0.0,0.46446818392940087,0.0,0.0,1.1611704598235022,0.9289363678588017,0.0,0.46446818392940087,1.625638643752903,0.0,1.1611704598235022,0.23223409196470043,2.3223409196470044,0.0,0.0,0.6967022758941013,0.23223409196470043,0.0,0.46446818392940087,0.23223409196470043,1.3934045517882026,0.0,0.9289363678588017,0.23223409196470043,0.0,3.251277287505806,1.1611704598235022,0.23223409196470043,0.0,1.8578727357176035,0.0,0.0,1.1611704598235022,1.3934045517882026,1.8578727357176035,1.625638643752903,0.9289363678588017,0.46446818392940087,0.6967022758941013,0.0,0.0,0.46446818392940087,0.0,0.6967022758941013,0.0,0.0,0.23223409196470043,0.23223409196470043,0.0,0.0,0.9289363678588017,0.0,0.6967022758941013,0.0,3.9479795633999073,0.0,0.0,0.9289363678588017,0.46446818392940087,0.0,0.23223409196470043,0.0,0.46446818392940087,0.46446818392940087,0.46446818392940087,0.9289363678588017,1.625638643752903,1.625638643752903,1.625638643752903,1.3934045517882026,0.23223409196470043,0.23223409196470043,0.9289363678588017,0.23223409196470043,0.0,0.0,0.9289363678588017,0.0,0.0,0.0,0.23223409196470043,0.0,0.0,0.23223409196470043,0.46446818392940087,0.6967022758941013,0.23223409196470043,0.0,0.0,0.23223409196470043,0.0,0.0,0.0,0.0,1.3934045517882026,0.0,0.0,0.0,0.6967022758941013,0.9289363678588017,0.0,0.0,0.6967022758941013,0.6967022758941013,0.23223409196470043,0.23223409196470043,1.3934045517882026,0.0,0.23223409196470043,0.0,1.1611704598235022
/Users/oksanagoncarova/Desktop/статьи написать/генерация статья/real docx_converted/35.docx,real,35.docx,52.88135593220339,35.25423728813559,13.559322033898304,13.559322033898304,6.779661016949152,5.423728813559323,2.7118644067796613,6.101694915254237,4.067796610169491,6.101694915254237,2.7118644067796613,0.6779661016949153,6.779661016949152,4.067796610169491,3.389830508474576,2.0338983050847457,3.389830508474576,2.7118644067796613,2.0338983050847457,1.3559322033898307,5.423728813559323,6.101694915254237,0.0,1.3559322033898307,3.389830508474576,13.559322033898304,2.7118644067796613,0.0,0.0,1.3559322033898307,2.7118644067796613,0.0,0.6779661016949153,1.3559322033898307,0.6779661016949153,1.3559322033898307,0.0,0.6779661016949153,0.0,3.389830508474576,0.0,3.389830508474576,0.0,0.6779661016949153,0.6779661016949153,0.6779661016949153,0.0,0.6779661016949153,0.0,2.0338983050847457,0.6779661016949153,0.6779661016949153,0.0,0.6779661016949153,0.6779661016949153,2.0338983050847457,0.6779661016949153,1.3559322033898307,0.6779661016949153,12.203389830508474,0.0,0.0,0.6779661016949153,1.3559322033898307,2.7118644067796613,2.7118644067796613,1.3559322033898307,1.3559322033898307,0.0,1.3559322033898307,0.0,0.6779661016949153,0.0,0.0,0.0,0.0,0.0,0.6779661016949153,0.0,2.0338983050847457,2.0338983050847457,0.6779661016949153,0.6779661016949153,0.0,0.0,0.0,0.0,0.6779661016949153,0.0,1.3559322033898307,1.3559322033898307,0.6779661016949153,0.0,0.0,0.6779661016949153,0.0,0.0,3.389830508474576,0.0,0.0,0.0,0.6779661016949153,0.0,1.3559322033898307,0.0,0.0,3.389830508474576,0.0,0.0,0.0,2.0338983050847457,0.0,0.0,0.0,0.6779661016949153,0.0,0.0,0.0,0.6779661016949153,0.0,6.779661016949152,2.0338983050847457,0.0,0.0,0.6779661016949153,0.0,0.0,0.0,0.0,2.7118644067796613,0.0,0.0,0.6779661016949153,0.0,0.0,0.0,3.389830508474576,0.0,0.0,2.0338983050847457,0.0,0.6779661016949153,0.0,0.0,0.0,0.6779661016949153,0.0,0.6779661016949153,0.0,0.6779661016949153,0.0,0.0,1.3559322033898307,0.0,0.0,0.0,0.0,2.0338983050847457,0.0,0.6779661016949153,2.7118644067796613,0.0,0.0,0.0,0.6779661016949153,1.3559322033898307,0.0,0.0,2.7118644067796613,0.6779661016949153,0.0,1.3559322033898307,0.0,0.6779661016949153,0.0,0.0,0.0,0.0,0.0,0.6779661016949153,1.3559322033898307,1.3559322033898307,0.0,0.0,0.0,0.0,2.0338983050847457,0.0,0.0,0.0,0.6779661016949153,0.0,1.3559322033898307,2.0338983050847457,0.6779661016949153,1.3559322033898307,0.0,0.0,0.0,0.0
/Users/oksanagoncarova/Desktop/статьи написать/генерация статья/real docx_converted/36.docx,real,36.docx,33.20860617399439,63.61085126286249,12.628624883068289,10.28999064546305,10.757717492984098,5.144995322731525,7.015902712815715,5.144995322731525,7.951356407857811,11.225444340505144,8.41908325537886,2.806361085126286,3.274087932647334,5.144995322731525,1.8709073900841908,5.144995322731525,3.7418147801683816,4.677268475210477,1.8709073900841908,3.274087932647334,0.4677268475210477,0.9354536950420954,0.9354536950420954,5.144995322731525,3.7418147801683816,3.7418147801683816,2.806361085126286,0.0,3.7418147801683816,1.403180542563143,4.677268475210477,0.9354536950420954,0.9354536950420954,0.9354536950420954,0.4677268475210477,0.0,5.144995322731525,0.4677268475210477,0.9354536950420954,1.8709073900841908,0.4677268475210477,2.806361085126286,0.4677268475210477,0.9354536950420954,2.806361085126286,0.4677268475210477,0.0,0.9354536950420954,1.403180542563143,0.9354536950420954,0.4677268475210477,0.4677268475210477,0.0,2.3386342376052385,0.4677268475210477,1.8709073900841908,2.3386342376052385,1.403180542563143,1.8709073900841908,0.9354536950420954,0.4677268475210477,0.0,1.403180542563143,3.274087932647334,0.0,0.0,0.0,0.0,0.0,2.3386342376052385,0.0,4.20954162768943,0.0,1.8709073900841908,1.403180542563143,0.0,0.4677268475210477,0.9354536950420954,0.4677268475210477,0.4677268475210477,0.4677268475210477,1.403180542563143,0.0,1.8709073900841908,0.0,0.4677268475210477,0.4677268475210477,0.4677268475210477,0.0,0.9354536950420954,0.9354536950420954,0.0,0.0,2.806361085126286,1.8709073900841908,0.0,0.0,0.4677268475210477,0.0,0.9354536950420954,0.4677268475210477,0.0,0.0,0.0,0.0,0.0,0.0,1.403180542563143,0.9354536950420954,2.3386342376052385,0.0,0.4677268475210477,0.4677268475210477,1.8709073900841908,0.0,2.3386342376052385,0.0,0.4677268475210477,0.9354536950420954,1.8709073900841908,0.0,0.9354536950420954,0.9354536950420954,0.4677268475210477,0.0,0.0,0.0,0.9354536950420954,0.0,0.4677268475210477,3.7418147801683816,0.0,0.4677268475210477,0.0,0.9354536950420954,0.9354536950420954,0.0,0.0,0.0,0.0,0.4677268475210477,0.0,0.4677268475210477,0.0,0.4677268475210477,0.0,0.0,0.4677268475210477,0.9354536950420954,0.4677268475210477,2.806361085126286,0.9354536950420954,0.0,0.9354536950420954,0.0,0.9354536950420954,0.4677268475210477,0.0,0.9354536950420954,0.9354536950420954,0.0,0.9354536950420954,0.0,0.0,0.0,0.4677268475210477,0.0,2.3386342376052385,0.0,0.4677268475210477,0.0,0.4677268475210477,0.0,0.0,0.4677268475210477,0.9354536950420954,0.4677268475210477,0.0,0.9354536950420954,0.0,0.9354536950420954,0.4677268475210477,0.4677268475210477,0.0,0.0,1.403180542563143,0.0,0.9354536950420954,0.4677268475210477,0.0,0.0,0.0,1.8709073900841908,0.4677268475210477,1.8709073900841908,0.4677268475210477,0.0,0.4677268475210477,0.0,0.0
/Users/oksanagoncarova/Desktop/статьи написать/генерация статья/real docx_converted/37.docx,real,37.docx,19.86520042568287,38.311457963816956,17.382050372472506,20.21993614757006,7.8041858815182685,4.966300106420717,2.8378857750975524,3.1926214969847466,5.675771550195105,3.1926214969847466,4.2568286626463285,0.35473572188719404,2.8378857750975524,1.0642071656615821,2.1284143313231643,1.77367860943597,1.4189428875487762,5.321035828307911,0.7094714437743881,1.0642071656615821,1.0642071656615821,5.321035828307911,1.0642071656615821,0.0,3.1926214969847466,3.54735721887194,0.35473572188719404,0.0,0.7094714437743881,0.0,1.4189428875487762,15.253636041149344,0.7094714437743881,0.7094714437743881,0.7094714437743881,0.35473572188719404,0.35473572188719404,0.0,0.7094714437743881,0.35473572188719404,0.0,1.4189428875487762,5.675771550195105,0.35473572188719404,3.54735721887194,0.7094714437743881,0.35473572188719404,1.4189428875487762,0.7094714437743881,0.7094714437743881,0.7094714437743881,0.35473572188719404,5.675771550195105,0.35473572188719404,0.35473572188719404,1.0642071656615821,1.4189428875487762,1.77367860943597,0.7094714437743881,4.2568286626463285,0.35473572188719404,0.0,0.35473572188719404,0.35473572188719404,2.1284143313231643,0.0,1.0642071656615821,0.0,1.4189428875487762,1.0642071656615821,1.0642071656615821,1.4189428875487762,0.7094714437743881,0.35473572188719404,1.77367860943597,0.0,1.0642071656615821,0.35473572188719404,0.0,0.35473572188719404,0.0,0.7094714437743881,0.7094714437743881,0.35473572188719404,0.7094714437743881,0.0,0.0,0.35473572188719404,6.739978715856687,0.0,1.0642071656615821,0.35473572188719404,3.1926214969847466,0.0,1.77367860943597,0.0,0.0,0.35473572188719404,0.0,0.0,0.7094714437743881,0.0,0.35473572188719404,0.35473572188719404,0.35473572188719404,1.0642071656615821,1.4189428875487762,0.0,1.77367860943597,2.4831500532103585,0.35473572188719404,0.0,0.0,0.35473572188719404,0.35473572188719404,0.0,0.0,0.0,0.35473572188719404,0.0,0.0,0.0,0.0,0.35473572188719404,0.35473572188719404,0.0,0.35473572188719404,0.0,0.0,0.7094714437743881,0.0,0.0,0.0,1.77367860943597,0.0,0.0,0.35473572188719404,0.0,0.35473572188719404,0.0,1.4189428875487762,1.0642071656615821,0.0,0.35473572188719404,1.0642071656615821,0.0,0.0,0.0,1.77367860943597,0.0,0.0,0.7094714437743881,0.35473572188719404,0.0,0.35473572188719404,0.7094714437743881,0.0,0.35473572188719404,0.0,1.0642071656615821,1.4189428875487762,0.7094714437743881,1.4189428875487762,0.0,0.0,0.0,0.7094714437743881,7.8041858815182685,0.0,1.4189428875487762,2.1284143313231643,0.0,1.0642071656615821,0.35473572188719404,0.0,1.4189428875487762,0.0,0.0,0.0,0.0,0.0,0.35473572188719404,1.0642071656615821,0.0,0.0,3.9020929407591343,0.35473572188719404,2.8378857750975524,0.7094714437743881,0.7094714437743881,0.7094714437743881,0.0,0.0,0.35473572188719404,0.7094714437743881,0.0,1.0642071656615821,0.0,0.7094714437743881,0.0
/Users/oksanagoncarova/Desktop/статьи написать/генерация статья/real docx_converted/38.docx,real,38.docx,25.888547608600263,38.61342694164107,13.163668275559456,12.724879333040809,7.0206230802983765,11.408512505484861,3.949100482667837,5.7042562527424305,4.826678367705134,5.7042562527424305,7.898200965335674,2.1939447125932428,3.5103115401491882,7.459412022817025,0.8775778850372971,1.7551557700745941,10.092145677928917,0.8775778850372971,1.3163668275559457,2.1939447125932428,1.3163668275559457,2.6327336551118914,0.0,0.8775778850372971,3.5103115401491882,4.3878894251864855,0.0,0.0,1.7551557700745941,0.43878894251864853,0.0,0.0,0.8775778850372971,2.1939447125932428,3.5103115401491882,0.43878894251864853,0.0,0.43878894251864853,0.0,1.7551557700745941,0.43878894251864853,0.0,0.0,0.0,0.8775778850372971,0.0,0.0,2.6327336551118914,3.5103115401491882,0.8775778850372971,0.0,0.0,0.0,3.07152259763054,0.43878894251864853,0.8775778850372971,3.949100482667837,0.0,0.43878894251864853,0.0,0.8775778850372971,0.0,0.0,1.7551557700745941,0.8775778850372971,0.43878894251864853,1.3163668275559457,0.0,0.43878894251864853,0.8775778850372971,0.0,0.8775778850372971,0.0,0.43878894251864853,0.0,0.0,0.0,7.0206230802983765,0.0,0.8775778850372971,0.0,2.1939447125932428,2.6327336551118914,0.8775778850372971,0.43878894251864853,0.8775778850372971,1.3163668275559457,0.0,0.0,1.7551557700745941,0.43878894251864853,0.43878894251864853,0.0,2.6327336551118914,1.3163668275559457,0.43878894251864853,0.8775778850372971,0.0,41.684949539271614,0.0,0.0,0.0,0.8775778850372971,0.43878894251864853,0.0,0.0,0.0,1.7551557700745941,0.0,0.0,0.43878894251864853,1.3163668275559457,0.0,0.8775778850372971,0.8775778850372971,0.8775778850372971,0.0,0.43878894251864853,0.8775778850372971,3.07152259763054,0.8775778850372971,0.0,4.3878894251864855,0.43878894251864853,0.8775778850372971,0.0,0.0,0.43878894251864853,0.0,0.8775778850372971,1.7551557700745941,0.0,2.1939447125932428,0.8775778850372971,0.43878894251864853,2.1939447125932428,0.0,0.0,0.0,0.43878894251864853,0.0,0.0,0.0,0.0,0.0,0.0,0.8775778850372971,0.0,0.0,0.8775778850372971,0.0,0.8775778850372971,0.8775778850372971,0.0,0.43878894251864853,0.0,0.0,0.43878894251864853,2.1939447125932428,0.43878894251864853,0.0,1.3163668275559457,0.0,0.0,0.43878894251864853,0.0,0.0,0.0,0.0,0.0,2.1939447125932428,0.43878894251864853,0.0,0.0,0.8775778850372971,0.43878894251864853,0.0,0.0,0.0,0.43878894251864853,0.43878894251864853,0.43878894251864853,5.265467310223783,0.0,0.0,0.0,0.43878894251864853,0.43878894251864853,0.0,0.0,0.0,0.8775778850372971,0.0,0.0,0.0,0.8775778850372971,0.43878894251864853,0.0,0.43878894251864853,0.0
/Users/oksanagoncarova/Desktop/статьи написать/генерация статья/real docx_converted/39.docx,real,39.docx,30.645921735030647,44.79019330504479,13.201320132013201,9.900990099009901,8.486562942008486,7.5436115040075435,5.657708628005658,1.4144271570014144,1.8859028760018859,4.714757190004715,0.9429514380009429,4.243281471004243,3.3003300330033003,5.186232909005186,0.0,5.186232909005186,5.657708628005658,3.3003300330033003,2.3573785950023574,1.4144271570014144,2.3573785950023574,2.3573785950023574,1.4144271570014144,0.0,1.4144271570014144,0.47147571900047147,0.0,17.444601603017446,0.9429514380009429,2.828854314002829,3.3003300330033003,0.0,8.958038661008958,0.9429514380009429,1.4144271570014144,0.47147571900047147,0.9429514380009429,1.4144271570014144,0.0,1.4144271570014144,2.828854314002829,2.828854314002829,0.0,0.47147571900047147,2.828854314002829,1.4144271570014144,0.0,0.47147571900047147,0.0,0.9429514380009429,1.4144271570014144,2.3573785950023574,0.9429514380009429,0.47147571900047147,0.9429514380009429,0.9429514380009429,1.4144271570014144,0.9429514380009429,0.47147571900047147,0.47147571900047147,0.47147571900047147,8.486562942008486,1.8859028760018859,1.4144271570014144,0.9429514380009429,0.47147571900047147,0.47147571900047147,1.4144271570014144,1.8859028760018859,1.4144271570014144,0.47147571900047147,2.828854314002829,0.47147571900047147,0.47147571900047147,0.0,0.0,0.47147571900047147,0.47147571900047147,0.0,0.9429514380009429,0.47147571900047147,0.9429514380009429,1.8859028760018859,0.0,0.47147571900047147,0.9429514380009429,0.47147571900047147,0.47147571900047147,0.0,4.714757190004715,0.47147571900047147,0.47147571900047147,0.47147571900047147,0.47147571900047147,0.0,0.47147571900047147,2.828854314002829,0.9429514380009429,0.0,0.0,0.0,0.47147571900047147,0.0,0.0,0.0,0.0,0.47147571900047147,3.3003300330033003,0.0,0.47147571900047147,0.0,1.4144271570014144,0.0,0.47147571900047147,0.47147571900047147,0.47147571900047147,0.47147571900047147,0.0,0.0,0.9429514380009429,0.47147571900047147,0.0,0.47147571900047147,0.47147571900047147,0.0,0.0,0.0,0.0,0.9429514380009429,0.0,0.0,0.0,0.47147571900047147,0.47147571900047147,0.47147571900047147,1.4144271570014144,0.0,0.0,0.0,1.8859028760018859,0.0,0.47147571900047147,0.0,0.0,0.0,0.47147571900047147,0.0,1.4144271570014144,0.0,0.0,0.47147571900047147,0.47147571900047147,0.9429514380009429,0.0,0.47147571900047147,0.0,0.47147571900047147,3.3003300330033003,0.47147571900047147,2.3573785950023574,0.0,0.47147571900047147,0.0,0.0,0.0,0.47147571900047147,0.0,0.0,0.0,0.0,1.8859028760018859,0.9429514380009429,0.0,0.0,0.0,0.0,0.0,0.0,0.0,0.0,0.0,0.0,0.0,0.0,0.9429514380009429,0.0,1.8859028760018859,0.47147571900047147,0.0,0.9429514380009429,0.0,0.0,4.714757190004715,0.9429514380009429,0.0,1.4144271570014144,0.0,0.0,1.4144271570014144,0.47147571900047147
/Users/oksanagoncarova/Desktop/статьи написать/генерация статья/real docx_converted/4.docx,real,4.docx,34.46909667194929,39.520602218700475,7.9239302694136295,8.716323296354993,7.725832012678288,8.716323296354993,8.022979397781299,4.952456418383518,5.8438985736925515,7.230586370839936,4.655309033280507,5.150554675118859,6.240095087163232,3.5657686212361335,2.8724247226624406,3.3676703645007926,4.457210776545167,2.6743264659270998,1.4857369255150554,2.3771790808240887,1.2876386687797148,0.9904912836767037,1.881933438985737,1.0895404120443741,2.3771790808240887,0.39619651347068147,1.2876386687797148,0.09904912836767037,2.5752773375594296,2.1790808240887483,1.2876386687797148,0.49524564183835185,2.2781299524564185,0.8914421553090334,3.3676703645007926,0.49524564183835185,1.2876386687797148,0.9904912836767037,0.19809825673534073,0.7923930269413629,0.2971473851030111,1.0895404120443741,0.0,1.4857369255150554,1.5847860538827259,1.2876386687797148,2.1790808240887483,1.0895404120443741,1.0895404120443741,0.09904912836767037,1.5847860538827259,0.7923930269413629,1.1885895404120443,0.49524564183835185,0.6933438985736926,0.9904912836767037,3.5657686212361335,0.5942947702060222,1.2876386687797148,0.49524564183835185,2.1790808240887483,0.0,0.7923930269413629,1.881933438985737,0.09904912836767037,0.0,2.0800316957210776,2.3771790808240887,0.19809825673534073,0.8914421553090334,2.5752773375594296,0.8914421553090334,0.39619651347068147,0.7923930269413629,0.19809825673534073,20.305071315372423,1.4857369255150554,0.39619651347068147,1.1885895404120443,0.39619651347068147,0.09904912836767037,1.4857369255150554,0.7923930269413629,0.5942947702060222,1.7828843106180667,0.49524564183835185,2.3771790808240887,1.7828843106180667,0.09904912836767037,0.19809825673534073,1.1885895404120443,1.2876386687797148,0.49524564183835185,0.0,0.8914421553090334,0.09904912836767037,0.0,0.8914421553090334,0.0,0.5942947702060222,0.6933438985736926,0.7923930269413629,0.39619651347068147,0.39619651347068147,0.09904912836767037,0.0,0.39619651347068147,0.49524564183835185,0.7923930269413629,1.0895404120443741,0.0,1.1885895404120443,0.5942947702060222,0.6933438985736926,0.5942947702060222,0.9904912836767037,0.09904912836767037,0.39619651347068147,1.2876386687797148,0.0,0.09904912836767037,0.2971473851030111,0.6933438985736926,0.49524564183835185,0.39619651347068147,0.5942947702060222,0.09904912836767037,0.09904912836767037,0.0,0.19809825673534073,0.0,0.09904912836767037,1.9809825673534074,0.0,0.7923930269413629,1.0895404120443741,0.19809825673534073,0.6933438985736926,0.19809825673534073,0.19809825673534073,0.19809825673534073,0.49524564183835185,0.09904912836767037,1.0895404120443741,0.0,1.5847860538827259,1.3866877971473852,0.49524564183835185,0.8914421553090334,0.49524564183835185,0.2971473851030111,1.1885895404120443,0.0,0.39619651347068147,0.8914421553090334,0.09904912836767037,0.2971473851030111,0.2971473851030111,1.2876386687797148,0.39619651347068147,0.0,0.19809825673534073,0.19809825673534073,0.0,0.7923930269413629,0.39619651347068147,0.0,0.19809825673534073,0.2971473851030111,1.0895404120443741,0.39619651347068147,0.19809825673534073,0.09904912836767037,0.2971473851030111,0.39619651347068147,0.2971473851030111,3.070522979397781,0.0,0.9904912836767037,0.5942947702060222,1.2876386687797148,0.09904912836767037,0.0,1.0895404120443741,0.0,0.0,0.39619651347068147,0.6933438985736926,0.0,0.7923930269413629,2.2781299524564185,0.39619651347068147,0.19809825673534073,0.19809825673534073,0.19809825673534073,0.49524564183835185,0.5942947702060222,0.9904912836767037,0.2971473851030111,0.09904912836767037
/Users/oksanagoncarova/Desktop/статьи написать/генерация статья/real docx_converted/40.docx,real,40.docx,47.34369353089989,41.19985543910372,10.480664980122878,6.1438380917961695,5.421033610408385,4.6982291290206,4.6982291290206,16.263100831225152,6.505240332490061,4.336826888326708,1.084206722081677,0.0,2.8912179255511385,3.2526201662450305,1.4456089627755693,2.5298156848572457,7.589447054571739,1.8070112034694614,1.4456089627755693,5.782435851102277,5.782435851102277,5.782435851102277,2.168413444163354,0.7228044813877846,2.8912179255511385,3.9754246476328152,3.2526201662450305,0.0,1.8070112034694614,2.8912179255511385,1.4456089627755693,2.8912179255511385,0.3614022406938923,1.8070112034694614,2.8912179255511385,0.7228044813877846,1.8070112034694614,0.7228044813877846,0.7228044813877846,2.8912179255511385,0.7228044813877846,0.3614022406938923,9.035056017347307,0.3614022406938923,1.4456089627755693,0.0,0.0,0.3614022406938923,0.7228044813877846,0.7228044813877846,0.7228044813877846,0.7228044813877846,0.0,0.7228044813877846,1.084206722081677,2.5298156848572457,0.7228044813877846,0.7228044813877846,1.084206722081677,0.0,0.0,0.0,0.7228044813877846,2.168413444163354,2.5298156848572457,2.168413444163354,0.3614022406938923,0.0,1.4456089627755693,1.084206722081677,0.3614022406938923,1.084206722081677,0.0,1.084206722081677,0.0,0.0,0.0,0.3614022406938923,1.084206722081677,1.084206722081677,0.0,0.0,1.4456089627755693,0.7228044813877846,3.9754246476328152,1.4456089627755693,0.3614022406938923,2.168413444163354,1.8070112034694614,1.084206722081677,0.0,0.0,0.0,0.3614022406938923,0.3614022406938923,0.3614022406938923,0.0,0.0,0.0,0.3614022406938923,0.0,0.0,1.4456089627755693,0.7228044813877846,0.0,0.0,0.3614022406938923,0.0,0.7228044813877846,0.0,0.3614022406938923,0.0,0.0,2.168413444163354,0.0,0.3614022406938923,4.336826888326708,1.084206722081677,0.0,0.3614022406938923,2.5298156848572457,1.4456089627755693,0.0,0.7228044813877846,1.4456089627755693,0.7228044813877846,3.2526201662450305,0.7228044813877846,0.0,6.866642573183953,0.3614022406938923,0.0,1.8070112034694614,0.0,0.3614022406938923,1.084206722081677,0.0,1.4456089627755693,0.0,0.7228044813877846,6.1438380917961695,1.4456089627755693,0.3614022406938923,0.0,0.7228044813877846,0.0,0.0,0.3614022406938923,0.7228044813877846,0.3614022406938923,0.0,2.168413444163354,0.3614022406938923,0.0,0.0,0.3614022406938923,0.0,1.084206722081677,1.084206722081677,0.0,3.614022406938923,0.0,0.3614022406938923,1.084206722081677,1.8070112034694614,0.7228044813877846,3.2526201662450305,0.7228044813877846,0.0,0.0,0.0,4.6982291290206,0.0,0.7228044813877846,1.084206722081677,0.0,0.3614022406938923,0.3614022406938923,0.3614022406938923,0.7228044813877846,1.8070112034694614,6.505240332490061,0.0,1.084206722081677,0.7228044813877846,0.3614022406938923,0.0,1.084206722081677,0.3614022406938923,0.0,0.0,0.3614022406938923,0.0,0.3614022406938923,0.3614022406938923,0.3614022406938923,1.084206722081677,0.0,0.0,5.0596313697144915
/Users/oksanagoncarova/Desktop/статьи написать/генерация статья/real docx_converted/41.docx,real,41.docx,51.083591331269346,46.43962848297214,7.430340557275541,9.287925696594426,11.145510835913313,6.191950464396285,11.455108359133126,5.88235294117647,2.476780185758514,4.953560371517028,8.978328173374612,0.9287925696594427,1.5479876160990713,5.263157894736842,0.0,2.1671826625387,4.3343653250774,3.405572755417957,1.8575851393188854,4.643962848297213,1.5479876160990713,0.9287925696594427,1.5479876160990713,3.7151702786377707,2.1671826625387,1.5479876160990713,0.9287925696594427,0.0,0.30959752321981426,0.30959752321981426,0.6191950464396285,5.572755417956657,0.9287925696594427,2.1671826625387,0.0,0.0,1.238390092879257,0.6191950464396285,0.30959752321981426,0.30959752321981426,0.9287925696594427,0.6191950464396285,9.597523219814242,0.6191950464396285,0.0,0.6191950464396285,0.0,1.8575851393188854,0.6191950464396285,0.6191950464396285,0.0,0.6191950464396285,0.9287925696594427,0.30959752321981426,0.30959752321981426,0.30959752321981426,0.9287925696594427,0.30959752321981426,0.6191950464396285,0.0,0.0,0.0,0.0,0.6191950464396285,0.0,0.0,1.8575851393188854,0.0,1.238390092879257,1.5479876160990713,0.0,1.8575851393188854,0.0,0.30959752321981426,0.0,0.0,0.9287925696594427,0.30959752321981426,0.6191950464396285,0.0,0.0,0.9287925696594427,0.6191950464396285,0.0,0.30959752321981426,0.9287925696594427,1.5479876160990713,0.9287925696594427,0.30959752321981426,0.6191950464396285,0.9287925696594427,0.30959752321981426,0.0,0.9287925696594427,1.5479876160990713,0.30959752321981426,0.0,0.6191950464396285,0.0,0.0,0.6191950464396285,0.30959752321981426,2.1671826625387,0.30959752321981426,0.30959752321981426,1.8575851393188854,1.238390092879257,0.30959752321981426,0.30959752321981426,0.30959752321981426,0.30959752321981426,0.30959752321981426,0.0,1.238390092879257,0.0,0.30959752321981426,0.30959752321981426,0.30959752321981426,0.0,0.30959752321981426,0.0,1.5479876160990713,0.0,0.0,0.30959752321981426,0.0,0.0,1.5479876160990713,0.0,4.643962848297213,1.238390092879257,0.0,0.0,0.9287925696594427,0.30959752321981426,0.30959752321981426,0.0,0.30959752321981426,0.6191950464396285,0.0,2.476780185758514,0.30959752321981426,0.0,0.30959752321981426,0.9287925696594427,0.30959752321981426,0.30959752321981426,1.238390092879257,1.5479876160990713,0.30959752321981426,0.9287925696594427,0.6191950464396285,0.0,0.0,0.30959752321981426,0.30959752321981426,0.9287925696594427,0.9287925696594427,0.6191950464396285,5.263157894736842,0.0,0.0,0.30959752321981426,0.0,0.0,0.9287925696594427,0.0,2.7863777089783284,0.0,0.30959752321981426,6.191950464396285,0.9287925696594427,1.238390092879257,0.0,1.5479876160990713,0.0,0.30959752321981426,0.0,0.0,0.0,0.30959752321981426,0.6191950464396285,0.6191950464396285,0.6191950464396285,0.0,3.7151702786377707,1.8575851393188854,0.0,0.0,0.6191950464396285,0.0,0.6191950464396285,0.30959752321981426,1.5479876160990713,1.238390092879257,0.6191950464396285,0.30959752321981426,0.0,0.9287925696594427,0.30959752321981426
/Users/oksanagoncarova/Desktop/статьи написать/генерация статья/real docx_converted/42.docx,real,42.docx,38.209360162785444,28.261361067148993,14.92199864345467,16.956816640289397,8.365362875876102,4.747908659281031,1.8087271082975356,1.8087271082975356,15.600271309066246,5.878363101966991,6.104453990504182,0.0,5.878363101966991,2.0348179968347275,0.22609088853719195,3.1652724395206873,1.8087271082975356,3.391363328057879,0.4521817770743839,2.7130906624463034,2.0348179968347275,1.3565453312231517,0.4521817770743839,1.8087271082975356,4.52181777074384,0.6782726656115758,1.13045444268596,0.0,0.9043635541487678,0.6782726656115758,0.22609088853719195,0.0,0.9043635541487678,2.0348179968347275,7.460999321727335,0.0,0.6782726656115758,1.3565453312231517,0.0,1.8087271082975356,0.0,0.22609088853719195,0.0,0.6782726656115758,0.22609088853719195,0.0,0.0,3.843545105132263,0.0,0.22609088853719195,0.22609088853719195,1.3565453312231517,0.0,0.0,0.9043635541487678,1.13045444268596,1.3565453312231517,0.6782726656115758,0.6782726656115758,0.0,0.9043635541487678,0.0,0.9043635541487678,0.22609088853719195,1.3565453312231517,0.22609088853719195,0.0,0.0,0.0,1.13045444268596,0.0,0.4521817770743839,0.0,0.0,0.0,0.0,24.41781596201673,12.208907981008364,13.565453312231517,1.3565453312231517,0.4521817770743839,2.26090888537192,7.913181098801719,0.9043635541487678,0.6782726656115758,1.5826362197603436,0.6782726656115758,0.4521817770743839,0.22609088853719195,0.0,0.4521817770743839,0.22609088853719195,0.4521817770743839,2.7130906624463034,1.8087271082975356,0.0,0.0,0.0,0.0,0.6782726656115758,0.22609088853719195,0.0,0.22609088853719195,1.3565453312231517,0.0,0.0,0.0,0.0,0.0,0.4521817770743839,0.0,0.4521817770743839,0.0,0.22609088853719195,0.0,0.0,0.0,1.13045444268596,0.22609088853719195,2.0348179968347275,0.0,0.6782726656115758,0.0,1.3565453312231517,0.9043635541487678,0.0,0.4521817770743839,0.22609088853719195,0.0,0.6782726656115758,0.0,2.26090888537192,0.9043635541487678,0.9043635541487678,0.0,0.6782726656115758,0.9043635541487678,0.6782726656115758,0.22609088853719195,0.22609088853719195,0.0,0.0,7.460999321727335,1.13045444268596,0.0,0.4521817770743839,0.0,0.0,0.0,0.0,0.0,0.22609088853719195,0.0,0.0,0.0,0.6782726656115758,0.0,0.0,1.3565453312231517,0.4521817770743839,0.4521817770743839,0.22609088853719195,0.9043635541487678,5.878363101966991,0.0,0.6782726656115758,0.9043635541487678,0.0,0.0,0.0,0.0,0.22609088853719195,0.0,0.0,0.4521817770743839,0.22609088853719195,0.0,2.4869997739091114,2.0348179968347275,0.0,0.0,0.0,0.6782726656115758,0.6782726656115758,0.0,0.0,0.22609088853719195,0.22609088853719195,0.22609088853719195,0.0,0.0,0.4521817770743839,0.4521817770743839,0.22609088853719195,0.0,0.22609088853719195,0.9043635541487678,0.0,0.0,0.0
/Users/oksanagoncarova/Desktop/статьи написать/генерация статья/real docx_converted/43.docx,real,43.docx,41.8702023726448,48.15073272854152,12.212142358688068,13.60781577110956,10.4675505931612,1.7445917655268668,7.32728541521284,2.0935101186322402,4.535938590369853,5.931612002791347,8.722958827634335,0.6978367062107467,3.4891835310537336,4.535938590369853,1.0467550593161201,3.838101884159107,2.7913468248429867,12.909979064898813,0.34891835310537334,3.4891835310537336,0.6978367062107467,11.165387299371947,0.6978367062107467,3.1402651779483604,1.3956734124214933,1.3956734124214933,0.0,0.0,2.0935101186322402,4.1870202372644805,1.3956734124214933,22.67969295184927,1.7445917655268668,0.0,1.0467550593161201,0.6978367062107467,1.7445917655268668,1.0467550593161201,0.34891835310537334,0.34891835310537334,0.34891835310537334,1.0467550593161201,12.909979064898813,1.0467550593161201,0.0,0.6978367062107467,0.0,0.6978367062107467,0.6978367062107467,0.34891835310537334,0.34891835310537334,1.0467550593161201,0.0,0.6978367062107467,0.34891835310537334,4.1870202372644805,0.6978367062107467,0.34891835310537334,0.34891835310537334,0.34891835310537334,0.0,0.0,0.0,1.7445917655268668,0.0,2.0935101186322402,0.0,1.0467550593161201,0.6978367062107467,0.0,1.0467550593161201,1.3956734124214933,0.0,0.6978367062107467,0.0,0.0,1.0467550593161201,0.6978367062107467,2.4424284717376135,0.34891835310537334,0.0,0.0,0.34891835310537334,0.0,0.6978367062107467,0.0,2.4424284717376135,0.6978367062107467,0.34891835310537334,2.7913468248429867,0.34891835310537334,0.0,0.0,0.34891835310537334,0.6978367062107467,0.6978367062107467,0.34891835310537334,0.6978367062107467,0.0,0.34891835310537334,1.3956734124214933,0.0,0.6978367062107467,0.6978367062107467,0.0,0.0,0.0,0.6978367062107467,1.3956734124214933,1.7445917655268668,1.0467550593161201,1.3956734124214933,0.34891835310537334,1.7445917655268668,0.0,1.0467550593161201,0.0,0.34891835310537334,0.34891835310537334,0.6978367062107467,0.34891835310537334,1.0467550593161201,0.0,0.0,0.0,0.0,0.34891835310537334,6.280530355896721,0.0,0.6978367062107467,0.0,0.0,1.3956734124214933,0.0,0.34891835310537334,0.0,0.0,0.0,1.3956734124214933,1.0467550593161201,1.3956734124214933,0.0,0.34891835310537334,0.0,3.1402651779483604,1.3956734124214933,0.0,1.3956734124214933,2.0935101186322402,0.0,0.6978367062107467,0.0,0.0,0.0,0.0,1.7445917655268668,1.7445917655268668,0.0,0.0,3.1402651779483604,0.34891835310537334,0.6978367062107467,0.34891835310537334,0.6978367062107467,0.0,0.6978367062107467,0.0,0.6978367062107467,0.0,1.0467550593161201,0.0,0.34891835310537334,0.0,0.0,0.34891835310537334,0.34891835310537334,0.0,0.0,0.0,3.1402651779483604,0.6978367062107467,0.34891835310537334,0.6978367062107467,0.0,0.0,3.1402651779483604,1.7445917655268668,1.7445917655268668,1.7445917655268668,0.0,0.0,0.0,0.6978367062107467,0.0,2.0935101186322402,1.7445917655268668,0.6978367062107467,0.0,0.0,0.0
/Users/oksanagoncarova/Desktop/статьи написать/генерация статья/real docx_converted/44.docx,real,44.docx,35.12575888985256,35.55941023417172,8.673026886383347,9.97398091934085,13.443191673894189,5.637467476149176,3.469210754553339,5.203816131830009,2.6019080659150045,5.637467476149176,2.168256721595837,1.7346053772766694,3.035559410234172,4.770164787510842,0.43365134431916735,4.770164787510842,1.7346053772766694,4.770164787510842,1.7346053772766694,0.43365134431916735,2.168256721595837,6.5047701647875105,2.168256721595837,1.3009540329575022,1.7346053772766694,0.8673026886383347,0.0,0.0,4.336513443191674,1.3009540329575022,1.3009540329575022,1.7346053772766694,2.6019080659150045,0.43365134431916735,1.7346053772766694,0.0,0.0,2.6019080659150045,0.43365134431916735,2.6019080659150045,0.0,0.8673026886383347,0.0,0.43365134431916735,3.469210754553339,1.7346053772766694,0.8673026886383347,0.8673026886383347,0.8673026886383347,0.43365134431916735,1.3009540329575022,0.0,0.0,0.0,0.8673026886383347,0.8673026886383347,1.7346053772766694,2.168256721595837,0.43365134431916735,0.43365134431916735,0.0,0.0,0.8673026886383347,1.3009540329575022,0.0,0.0,0.8673026886383347,1.7346053772766694,0.43365134431916735,0.0,0.8673026886383347,2.168256721595837,0.0,0.8673026886383347,0.0,0.0,0.0,0.43365134431916735,0.0,0.43365134431916735,0.43365134431916735,0.43365134431916735,0.43365134431916735,0.43365134431916735,0.8673026886383347,0.8673026886383347,0.0,1.3009540329575022,0.0,0.0,1.3009540329575022,0.0,0.0,0.0,0.43365134431916735,0.0,0.8673026886383347,0.43365134431916735,0.0,1.3009540329575022,0.43365134431916735,1.3009540329575022,0.0,0.43365134431916735,0.43365134431916735,0.0,0.0,0.8673026886383347,0.43365134431916735,0.43365134431916735,0.0,1.7346053772766694,2.6019080659150045,1.3009540329575022,0.8673026886383347,0.8673026886383347,0.0,0.0,0.43365134431916735,0.0,0.43365134431916735,0.0,0.43365134431916735,0.0,2.168256721595837,0.0,1.7346053772766694,0.0,0.0,0.0,0.0,0.0,0.43365134431916735,0.0,0.8673026886383347,0.0,3.035559410234172,0.43365134431916735,0.0,0.0,0.0,0.0,0.0,2.168256721595837,0.0,1.3009540329575022,1.7346053772766694,0.0,2.6019080659150045,0.43365134431916735,0.0,1.3009540329575022,0.0,0.8673026886383347,0.0,1.3009540329575022,0.0,0.8673026886383347,0.8673026886383347,1.7346053772766694,0.0,0.43365134431916735,0.8673026886383347,0.0,0.43365134431916735,0.43365134431916735,0.0,0.0,3.469210754553339,0.0,0.0,0.0,0.0,0.0,0.0,0.8673026886383347,0.43365134431916735,3.035559410234172,0.8673026886383347,0.8673026886383347,0.0,0.43365134431916735,0.0,0.0,0.0,0.0,1.3009540329575022,0.8673026886383347,1.3009540329575022,0.0,0.0,0.43365134431916735,0.43365134431916735,0.0,0.43365134431916735,0.8673026886383347,0.0,0.0,1.3009540329575022,0.0
/Users/oksanagoncarova/Desktop/статьи написать/генерация статья/real docx_converted/45.docx,real,45.docx,22.332506203473944,60.79404466501241,11.166253101736972,14.267990074441686,7.444168734491315,2.4813895781637716,4.3424317617866,3.7220843672456576,1.2406947890818858,3.7220843672456576,3.101736972704715,1.8610421836228288,8.6848635235732,4.962779156327543,0.0,3.7220843672456576,2.4813895781637716,3.7220843672456576,1.2406947890818858,0.6203473945409429,1.2406947890818858,3.7220843672456576,4.962779156327543,0.6203473945409429,2.4813895781637716,1.2406947890818858,0.6203473945409429,0.0,1.8610421836228288,0.0,1.8610421836228288,0.0,2.4813895781637716,1.2406947890818858,3.7220843672456576,0.6203473945409429,2.4813895781637716,2.4813895781637716,0.0,0.6203473945409429,0.0,1.8610421836228288,0.0,0.0,0.6203473945409429,0.6203473945409429,2.4813895781637716,3.101736972704715,1.2406947890818858,0.0,1.8610421836228288,0.0,0.0,0.0,1.8610421836228288,0.6203473945409429,1.2406947890818858,0.6203473945409429,1.2406947890818858,0.6203473945409429,0.0,0.0,0.0,0.6203473945409429,0.6203473945409429,0.0,0.6203473945409429,0.0,0.0,0.6203473945409429,0.0,0.6203473945409429,0.0,0.0,0.0,0.0,0.0,1.2406947890818858,0.0,0.0,0.6203473945409429,3.101736972704715,0.0,0.0,0.6203473945409429,0.6203473945409429,0.0,3.101736972704715,0.0,0.0,0.0,1.2406947890818858,0.0,0.6203473945409429,0.0,0.6203473945409429,0.0,3.101736972704715,0.0,1.2406947890818858,0.6203473945409429,0.6203473945409429,0.6203473945409429,0.6203473945409429,0.6203473945409429,0.0,0.6203473945409429,0.0,2.4813895781637716,0.0,0.0,1.2406947890818858,0.0,3.101736972704715,0.0,1.8610421836228288,0.6203473945409429,0.6203473945409429,0.0,0.0,0.0,8.064516129032258,0.0,0.0,0.0,0.0,0.6203473945409429,0.0,0.0,0.6203473945409429,0.0,1.2406947890818858,1.2406947890818858,0.6203473945409429,0.6203473945409429,0.0,0.0,0.0,0.0,3.101736972704715,0.0,0.0,0.0,0.0,0.0,0.6203473945409429,0.0,0.0,0.0,2.4813895781637716,0.0,0.6203473945409429,0.0,0.0,0.0,0.0,0.0,0.6203473945409429,1.8610421836228288,0.0,0.0,0.0,0.0,0.0,0.0,0.6203473945409429,0.0,0.0,0.6203473945409429,0.6203473945409429,0.0,0.6203473945409429,0.0,0.0,1.8610421836228288,0.0,1.2406947890818858,0.0,0.0,0.0,0.0,0.0,0.0,0.6203473945409429,0.0,0.0,0.0,1.8610421836228288,0.0,0.0,0.6203473945409429,0.0,0.0,1.8610421836228288,0.0,3.101736972704715,0.0,0.0,0.0,4.3424317617866
/Users/oksanagoncarova/Desktop/статьи написать/генерация статья/real docx_converted/46.docx,real,46.docx,29.694688414889168,50.188205771643666,7.52823086574655,8.782936010037641,12.128816394813885,4.182350480970306,5.018820577164366,2.509410288582183,2.091175240485153,3.764115432873275,1.672940192388122,1.672940192388122,2.9276453366792135,5.437055625261397,1.672940192388122,0.836470096194061,0.836470096194061,1.672940192388122,2.091175240485153,3.764115432873275,2.509410288582183,1.672940192388122,0.4182350480970305,0.836470096194061,0.0,2.509410288582183,0.4182350480970305,0.0,1.672940192388122,0.4182350480970305,0.0,1.672940192388122,0.4182350480970305,2.091175240485153,0.4182350480970305,2.9276453366792135,0.0,0.4182350480970305,0.836470096194061,4.600585529067336,0.0,0.0,0.0,0.836470096194061,0.4182350480970305,0.0,1.672940192388122,0.0,1.2547051442910915,2.9276453366792135,0.0,0.0,7.94646591384358,0.0,1.2547051442910915,0.836470096194061,0.4182350480970305,0.4182350480970305,0.836470096194061,0.0,0.4182350480970305,0.0,0.0,0.4182350480970305,0.836470096194061,1.2547051442910915,0.4182350480970305,0.4182350480970305,1.2547051442910915,0.4182350480970305,0.0,1.2547051442910915,0.4182350480970305,0.0,4.600585529067336,0.0,0.4182350480970305,0.0,0.836470096194061,0.0,0.0,0.0,0.0,0.0,0.4182350480970305,1.2547051442910915,0.0,2.091175240485153,0.0,2.509410288582183,1.672940192388122,0.0,4.182350480970306,0.4182350480970305,0.0,0.4182350480970305,0.4182350480970305,3.764115432873275,0.0,0.4182350480970305,0.0,0.0,0.836470096194061,0.836470096194061,0.0,0.4182350480970305,0.0,0.836470096194061,0.0,0.836470096194061,1.2547051442910915,0.4182350480970305,0.836470096194061,0.0,0.0,0.0,0.4182350480970305,0.0,0.0,0.0,0.0,0.836470096194061,0.4182350480970305,0.4182350480970305,0.0,0.0,0.0,0.0,0.0,0.0,0.0,0.0,0.4182350480970305,0.0,0.4182350480970305,0.4182350480970305,0.0,0.0,0.0,0.4182350480970305,2.509410288582183,0.4182350480970305,0.0,0.0,0.0,0.836470096194061,0.836470096194061,0.0,0.0,0.4182350480970305,0.0,0.836470096194061,0.0,0.0,0.0,0.836470096194061,0.4182350480970305,0.0,0.4182350480970305,0.4182350480970305,0.0,0.4182350480970305,0.0,0.4182350480970305,0.836470096194061,0.0,0.0,0.0,0.836470096194061,0.0,2.9276453366792135,1.2547051442910915,0.0,0.0,0.0,0.0,0.4182350480970305,1.2547051442910915,0.0,0.4182350480970305,0.0,0.4182350480970305,0.0,0.4182350480970305,0.4182350480970305,0.0,1.2547051442910915,1.2547051442910915,0.4182350480970305,11.292346298619824,0.4182350480970305,0.0,0.0,0.0,0.836470096194061,0.4182350480970305,0.836470096194061,0.0,0.0,0.0
/Users/oksanagoncarova/Desktop/статьи написать/генерация статья/real docx_converted/5.docx,real,5.docx,28.37718001773574,47.29530002955956,11.528229382205144,7.685486254803429,7.389890629618682,12.415016257759387,13.597398758498374,5.616316878510198,7.685486254803429,3.25155187703222,4.729530002955957,4.729530002955957,2.660360626662725,1.1823825007389892,2.9559562518474727,4.433934377771209,4.729530002955957,2.3647650014779784,5.32072125332545,4.138338752586462,3.25155187703222,2.3647650014779784,4.433934377771209,2.9559562518474727,4.433934377771209,0.2955956251847473,4.138338752586462,0.0,3.8427431274017145,1.1823825007389892,3.25155187703222,0.0,2.3647650014779784,2.3647650014779784,0.8867868755542418,0.8867868755542418,2.660360626662725,2.660360626662725,0.5911912503694946,1.4779781259237363,0.0,1.4779781259237363,0.0,1.1823825007389892,1.7735737511084837,0.5911912503694946,3.5471475022169674,0.5911912503694946,2.3647650014779784,2.069169376293231,1.1823825007389892,1.4779781259237363,0.0,0.5911912503694946,1.1823825007389892,3.25155187703222,0.8867868755542418,0.2955956251847473,1.7735737511084837,0.2955956251847473,0.0,0.0,1.4779781259237363,3.25155187703222,1.1823825007389892,2.3647650014779784,0.5911912503694946,2.9559562518474727,1.7735737511084837,2.3647650014779784,0.8867868755542418,0.2955956251847473,0.2955956251847473,1.7735737511084837,0.0,0.0,0.2955956251847473,0.2955956251847473,1.7735737511084837,1.1823825007389892,0.0,2.069169376293231,0.8867868755542418,0.8867868755542418,2.3647650014779784,0.2955956251847473,0.0,0.8867868755542418,0.2955956251847473,0.8867868755542418,2.3647650014779784,1.1823825007389892,1.1823825007389892,0.0,1.1823825007389892,0.2955956251847473,0.0,2.3647650014779784,0.0,2.069169376293231,0.8867868755542418,1.1823825007389892,0.2955956251847473,0.2955956251847473,0.5911912503694946,0.2955956251847473,0.0,0.2955956251847473,0.2955956251847473,3.8427431274017145,0.0,0.5911912503694946,0.0,0.8867868755542418,2.3647650014779784,2.069169376293231,0.2955956251847473,0.2955956251847473,0.8867868755542418,0.0,0.0,0.0,0.2955956251847473,1.4779781259237363,0.2955956251847473,0.8867868755542418,0.8867868755542418,0.0,0.0,0.2955956251847473,1.4779781259237363,1.1823825007389892,1.1823825007389892,0.5911912503694946,0.0,0.2955956251847473,0.0,2.9559562518474727,0.0,0.2955956251847473,0.0,1.4779781259237363,0.0,0.2955956251847473,0.0,0.0,2.3647650014779784,0.2955956251847473,0.0,1.1823825007389892,0.2955956251847473,0.8867868755542418,0.0,2.069169376293231,0.2955956251847473,0.2955956251847473,0.2955956251847473,0.5911912503694946,0.5911912503694946,0.0,0.8867868755542418,0.2955956251847473,2.9559562518474727,0.0,0.2955956251847473,0.5911912503694946,0.0,0.0,0.0,0.8867868755542418,0.0,0.2955956251847473,0.0,0.5911912503694946,0.5911912503694946,0.0,1.1823825007389892,0.0,1.7735737511084837,0.5911912503694946,0.0,0.0,0.2955956251847473,1.4779781259237363,0.2955956251847473,0.0,0.0,1.7735737511084837,3.5471475022169674,0.8867868755542418,0.0,0.8867868755542418,0.5911912503694946,0.5911912503694946,1.1823825007389892,2.069169376293231,0.8867868755542418,0.0,0.5911912503694946,0.2955956251847473
/Users/oksanagoncarova/Desktop/статьи написать/генерация статья/real docx_converted/6.docx,real,6.docx,37.356321839080465,45.97701149425287,11.494252873563218,5.747126436781609,8.620689655172413,4.310344827586206,10.057471264367816,2.8735632183908044,4.310344827586206,8.620689655172413,7.183908045977011,2.8735632183908044,5.747126436781609,4.310344827586206,0.0,1.4367816091954022,1.4367816091954022,2.8735632183908044,1.4367816091954022,2.8735632183908044,1.4367816091954022,1.4367816091954022,0.0,0.0,2.8735632183908044,0.0,0.0,0.0,1.4367816091954022,7.183908045977011,1.4367816091954022,0.0,1.4367816091954022,0.0,0.0,1.4367816091954022,1.4367816091954022,2.8735632183908044,1.4367816091954022,0.0,1.4367816091954022,0.0,0.0,1.4367816091954022,1.4367816091954022,0.0,14.367816091954023,1.4367816091954022,1.4367816091954022,0.0,1.4367816091954022,1.4367816091954022,0.0,1.4367816091954022,2.8735632183908044,0.0,1.4367816091954022,2.8735632183908044,1.4367816091954022,0.0,0.0,0.0,0.0,2.8735632183908044,0.0,0.0,2.8735632183908044,8.620689655172413,0.0,1.4367816091954022,0.0,2.8735632183908044,11.494252873563218,0.0,0.0,0.0,0.0,0.0,0.0,0.0,0.0,0.0,1.4367816091954022,1.4367816091954022,0.0,0.0,0.0,0.0,5.747126436781609,0.0,0.0,0.0,0.0,0.0,1.4367816091954022,0.0,1.4367816091954022,0.0,0.0,0.0,1.4367816091954022,0.0,2.8735632183908044,0.0,0.0,0.0,0.0,2.8735632183908044,0.0,0.0,0.0,1.4367816091954022,1.4367816091954022,0.0,0.0,1.4367816091954022,0.0,0.0,0.0,0.0,1.4367816091954022,1.4367816091954022,1.4367816091954022,0.0,1.4367816091954022,0.0,7.183908045977011,0.0,0.0,0.0,1.4367816091954022,0.0,0.0,0.0,1.4367816091954022,1.4367816091954022,0.0,0.0,0.0,0.0,0.0,0.0,0.0,0.0,0.0,1.4367816091954022,0.0,2.8735632183908044,0.0,0.0,0.0,0.0,1.4367816091954022,0.0,0.0,0.0,1.4367816091954022,1.4367816091954022,1.4367816091954022,0.0,0.0,0.0,0.0,0.0,0.0,0.0,0.0,0.0,0.0,0.0,1.4367816091954022,0.0,0.0,0.0,0.0,4.310344827586206,0.0,0.0,0.0,1.4367816091954022,0.0,0.0,0.0,0.0,0.0,0.0,1.4367816091954022,0.0,1.4367816091954022,0.0,2.8735632183908044,0.0,7.183908045977011,0.0,0.0,0.0,0.0,0.0,0.0,1.4367816091954022
/Users/oksanagoncarova/Desktop/статьи написать/генерация статья/real docx_converted/7.docx,real,7.docx,34.68780971258672,45.58969276511397,13.875123885034688,10.901883052527255,5.946481665014866,4.955401387512389,4.955401387512389,9.910802775024777,1.9821605550049552,2.973240832507433,5.946481665014866,3.9643211100099105,2.973240832507433,1.9821605550049552,0.0,1.9821605550049552,3.9643211100099105,1.9821605550049552,0.9910802775024776,3.9643211100099105,1.9821605550049552,4.955401387512389,0.9910802775024776,0.9910802775024776,0.9910802775024776,5.946481665014866,0.9910802775024776,0.0,0.9910802775024776,1.9821605550049552,0.0,0.0,2.973240832507433,0.0,0.9910802775024776,0.0,1.9821605550049552,0.0,0.0,2.973240832507433,0.9910802775024776,0.0,0.0,0.9910802775024776,0.9910802775024776,0.0,0.0,0.9910802775024776,0.0,0.0,0.0,0.0,0.0,0.0,1.9821605550049552,1.9821605550049552,0.0,0.9910802775024776,0.0,0.9910802775024776,0.0,0.0,0.9910802775024776,0.0,0.0,0.0,2.973240832507433,0.0,1.9821605550049552,0.9910802775024776,0.0,0.0,0.0,0.0,0.0,0.0,0.9910802775024776,0.9910802775024776,0.0,0.9910802775024776,0.0,0.9910802775024776,0.0,0.9910802775024776,0.9910802775024776,1.9821605550049552,0.0,0.0,0.0,1.9821605550049552,0.9910802775024776,0.0,0.0,0.0,1.9821605550049552,0.0,0.0,1.9821605550049552,0.0,0.0,0.0,0.0,0.0,0.0,0.0,6.937561942517344,0.0,0.9910802775024776,0.9910802775024776,0.0,0.0,0.9910802775024776,0.9910802775024776,0.9910802775024776,0.9910802775024776,1.9821605550049552,0.0,0.0,0.0,0.0,0.9910802775024776,0.9910802775024776,0.0,0.0,1.9821605550049552,0.9910802775024776,0.9910802775024776,0.9910802775024776,0.0,0.9910802775024776,0.0,0.0,1.9821605550049552,0.0,0.0,3.9643211100099105,0.0,0.0,0.0,0.9910802775024776,0.0,1.9821605550049552,0.0,0.9910802775024776,0.0,0.9910802775024776,0.0,0.0,0.0,0.0,0.9910802775024776,0.0,0.0,0.0,0.0,1.9821605550049552,0.0,0.0,0.0,0.0,0.0,0.0,0.9910802775024776,0.0,0.0,0.0,0.0,0.0,0.0,1.9821605550049552,0.0,3.9643211100099105,1.9821605550049552,0.0,1.9821605550049552,0.0,0.0,0.0,0.0,0.0,0.0,0.0,0.0,0.0,0.0,0.0,0.0,0.9910802775024776,1.9821605550049552,0.0,1.9821605550049552,0.0,0.0,0.9910802775024776,0.0,0.9910802775024776,1.9821605550049552,0.0,0.0,0.0
/Users/oksanagoncarova/Desktop/статьи написать/генерация статья/real docx_converted/8.docx,real,8.docx,16.43835616438356,16.43835616438356,13.698630136986301,13.698630136986301,1.36986301369863,1.36986301369863,1.36986301369863,5.47945205479452,1.36986301369863,2.73972602739726,1.36986301369863,1.36986301369863,2.73972602739726,0.0,8.21917808219178,0.0,1.36986301369863,1.36986301369863,1.36986301369863,0.0,5.47945205479452,16.43835616438356,1.36986301369863,4.10958904109589,1.36986301369863,4.10958904109589,0.0,0.0,0.0,0.0,0.0,0.0,5.47945205479452,1.36986301369863,2.73972602739726,0.0,4.10958904109589,0.0,0.0,1.36986301369863,0.0,0.0,1.36986301369863,4.10958904109589,0.0,0.0,0.0,0.0,0.0,0.0,0.0,0.0,0.0,1.36986301369863,0.0,0.0,0.0,0.0,0.0,1.36986301369863,0.0,0.0,0.0,0.0,1.36986301369863,0.0,0.0,1.36986301369863,0.0,0.0,1.36986301369863,1.36986301369863,0.0,0.0,0.0,0.0,0.0,1.36986301369863,0.0,0.0,0.0,0.0,0.0,0.0,0.0,0.0,2.73972602739726,0.0,2.73972602739726,0.0,0.0,0.0,0.0,2.73972602739726,0.0,0.0,0.0,0.0,0.0,0.0,0.0,0.0,0.0,2.73972602739726,0.0,0.0,1.36986301369863,0.0,0.0,0.0,2.73972602739726,1.36986301369863,1.36986301369863,0.0,0.0,1.36986301369863,0.0,0.0,0.0,0.0,0.0,0.0,0.0,0.0,0.0,0.0,1.36986301369863,0.0,0.0,0.0,0.0,0.0,0.0,1.36986301369863,0.0,0.0,0.0,0.0,0.0,0.0,0.0,1.36986301369863,1.36986301369863,0.0,0.0,0.0,0.0,0.0,0.0,0.0,0.0,0.0,0.0,0.0,0.0,0.0,0.0,0.0,0.0,0.0,0.0,0.0,0.0,0.0,0.0,0.0,0.0,0.0,0.0,0.0,0.0,0.0,0.0,0.0,0.0,0.0,0.0,0.0,0.0,0.0,1.36986301369863,1.36986301369863,0.0,0.0,0.0,0.0,0.0,1.36986301369863,0.0,0.0,0.0,1.36986301369863,0.0,0.0,0.0,0.0,0.0,0.0,0.0,0.0
/Users/oksanagoncarova/Desktop/статьи написать/генерация статья/real docx_converted/9.docx,real,9.docx,29.0,44.5,7.0,5.5,11.5,17.5,8.0,8.0,3.5,7.0,5.0,3.0,5.0,2.5,3.0,8.0,5.5,2.0,3.5,1.0,3.5,4.0,4.0,2.5,3.0,3.5,3.5,0.0,2.0,1.0,3.0,0.0,0.0,4.0,4.0,0.0,5.0,2.5,0.5,5.0,0.0,3.0,0.0,1.5,3.0,1.5,0.0,0.5,1.5,0.0,1.0,0.5,0.0,5.0,2.5,0.5,1.0,2.5,2.5,1.0,4.5,0.0,1.5,3.0,2.0,1.0,2.5,1.5,0.0,1.0,3.0,0.0,0.0,0.5,0.0,0.0,0.0,1.0,3.0,1.5,0.0,1.5,1.5,0.0,1.0,1.5,1.0,0.5,0.5,0.0,1.0,0.0,0.0,0.5,1.0,0.0,0.0,0.0,0.0,0.0,1.0,0.0,0.0,1.0,0.0,0.0,2.0,0.0,0.0,1.5,5.0,0.0,0.0,2.5,0.5,1.0,0.0,0.5,1.5,3.5,1.0,0.5,0.0,1.5,1.0,0.5,1.0,1.5,0.0,0.0,1.5,0.5,0.5,0.0,0.0,0.0,0.0,0.0,0.5,0.5,0.0,0.0,0.0,0.5,0.0,0.5,5.0,0.0,0.0,2.0,0.0,0.5,0.0,2.0,2.0,1.5,0.0,2.0,0.0,0.0,3.0,2.5,0.0,0.0,0.0,2.0,3.5,0.5,0.0,0.0,0.0,0.0,0.0,0.5,3.0,0.0,0.5,0.0,0.5,0.0,2.0,0.0,0.0,0.5,0.0,0.0,0.0,0.5,1.5,0.0,1.0,1.0,0.5,0.0,0.0,0.0,0.0,0.0,0.0,0.0
/Users/oksanagoncarova/Desktop/статьи написать/генерация статья/generated_docx_converted/1.docx,generated,1.docx,50.60034305317324,33.44768439108062,7.718696397941681,10.291595197255575,11.149228130360205,1.7152658662092624,8.576329331046313,0.8576329331046312,11.149228130360205,6.003430531732418,5.145797598627787,2.5728987993138936,4.288164665523157,7.718696397941681,5.145797598627787,0.8576329331046312,1.7152658662092624,2.5728987993138936,2.5728987993138936,0.0,2.5728987993138936,2.5728987993138936,0.0,2.5728987993138936,0.0,0.0,0.8576329331046312,0.0,0.0,0.8576329331046312,2.5728987993138936,0.0,0.0,1.7152658662092624,2.5728987993138936,2.5728987993138936,0.0,0.0,3.4305317324185247,0.0,0.0,2.5728987993138936,0.0,3.4305317324185247,0.0,0.8576329331046312,0.8576329331046312,1.7152658662092624,0.0,1.7152658662092624,1.7152658662092624,0.0,0.0,0.0,0.0,0.8576329331046312,1.7152658662092624,1.7152658662092624,0.8576329331046312,0.8576329331046312,0.8576329331046312,0.0,5.145797598627787,0.0,0.0,0.8576329331046312,1.7152658662092624,0.8576329331046312,0.8576329331046312,0.0,0.0,0.8576329331046312,0.0,0.8576329331046312,0.0,0.0,0.8576329331046312,1.7152658662092624,0.0,0.8576329331046312,0.0,1.7152658662092624,0.0,0.8576329331046312,1.7152658662092624,0.0,2.5728987993138936,3.4305317324185247,0.8576329331046312,2.5728987993138936,0.8576329331046312,2.5728987993138936,0.0,0.0,0.0,0.0,0.0,0.0,0.0,0.0,0.0,0.0,0.0,0.0,0.0,0.0,0.0,0.0,0.0,0.8576329331046312,0.0,0.8576329331046312,0.8576329331046312,0.8576329331046312,0.0,0.0,0.0,0.0,0.0,0.0,0.0,1.7152658662092624,0.0,0.0,1.7152658662092624,0.0,0.0,0.0,0.0,0.0,0.0,1.7152658662092624,0.8576329331046312,0.0,0.0,0.0,0.0,2.5728987993138936,0.0,0.0,0.8576329331046312,0.0,0.0,1.7152658662092624,0.0,0.0,0.0,0.0,0.0,0.8576329331046312,0.0,0.0,1.7152658662092624,0.0,0.0,0.8576329331046312,0.0,0.8576329331046312,1.7152658662092624,0.0,0.0,0.0,0.0,0.0,0.0,0.0,0.0,0.0,0.0,0.0,0.8576329331046312,0.8576329331046312,0.0,0.8576329331046312,0.8576329331046312,0.8576329331046312,0.0,0.8576329331046312,0.0,2.5728987993138936,0.0,0.0,0.8576329331046312,0.0,0.0,0.0,0.0,0.0,0.8576329331046312,0.0,0.0,0.0,0.0,0.8576329331046312,0.0,0.0,0.0,0.8576329331046312,0.0,0.8576329331046312
/Users/oksanagoncarova/Desktop/статьи написать/генерация статья/generated_docx_converted/10.docx,generated,10.docx,25.0,21.721311475409838,4.0983606557377055,8.196721311475411,12.704918032786885,21.721311475409838,6.967213114754099,2.0491803278688527,5.327868852459016,7.3770491803278695,9.836065573770492,2.0491803278688527,6.967213114754099,1.2295081967213115,0.4098360655737705,3.6885245901639347,4.508196721311475,3.278688524590164,2.459016393442623,5.327868852459016,0.819672131147541,4.0983606557377055,2.459016393442623,0.819672131147541,0.4098360655737705,2.0491803278688527,3.6885245901639347,0.0,0.4098360655737705,1.2295081967213115,0.4098360655737705,0.0,0.819672131147541,0.819672131147541,0.0,1.2295081967213115,0.0,2.0491803278688527,0.4098360655737705,0.0,5.327868852459016,0.4098360655737705,0.0,0.819672131147541,0.819672131147541,2.8688524590163933,0.0,0.0,0.0,2.8688524590163933,0.819672131147541,0.819672131147541,0.0,0.0,2.0491803278688527,2.0491803278688527,0.0,2.459016393442623,0.4098360655737705,0.0,0.4098360655737705,0.0,0.819672131147541,0.819672131147541,0.4098360655737705,0.819672131147541,0.0,0.0,1.2295081967213115,1.2295081967213115,1.639344262295082,0.0,0.0,0.4098360655737705,0.819672131147541,0.0,0.0,0.4098360655737705,1.2295081967213115,0.819672131147541,2.0491803278688527,0.4098360655737705,0.0,1.639344262295082,1.2295081967213115,1.2295081967213115,0.0,0.0,4.508196721311475,0.4098360655737705,0.0,0.0,0.0,1.639344262295082,1.2295081967213115,2.0491803278688527,0.0,0.0,0.0,0.4098360655737705,0.819672131147541,0.0,1.639344262295082,0.0,0.0,0.0,1.2295081967213115,0.0,0.4098360655737705,0.0,0.0,0.0,0.0,0.4098360655737705,0.0,0.819672131147541,0.819672131147541,0.0,0.0,0.0,6.557377049180328,0.0,2.459016393442623,0.4098360655737705,0.819672131147541,0.0,1.2295081967213115,0.0,0.0,0.0,0.0,0.819672131147541,0.819672131147541,0.0,0.0,0.819672131147541,1.639344262295082,1.639344262295082,0.0,0.4098360655737705,0.0,0.819672131147541,0.0,0.0,0.0,1.2295081967213115,0.4098360655737705,0.0,0.0,0.0,0.0,3.278688524590164,0.0,1.2295081967213115,0.4098360655737705,0.0,0.819672131147541,0.4098360655737705,0.0,0.0,4.918032786885246,1.2295081967213115,0.4098360655737705,0.0,0.4098360655737705,0.4098360655737705,0.4098360655737705,0.0,0.0,0.4098360655737705,0.0,0.0,0.0,0.819672131147541,0.0,0.0,0.0,0.0,1.639344262295082,0.0,0.4098360655737705,0.0,0.0,0.4098360655737705,0.0,0.0,0.0,0.4098360655737705,0.0,0.0,0.819672131147541,0.0,0.4098360655737705,0.0,0.4098360655737705,0.0,0.0,0.819672131147541,0.4098360655737705,0.4098360655737705
/Users/oksanagoncarova/Desktop/статьи написать/генерация статья/generated_docx_converted/11.docx,generated,11.docx,39.15984336062655,34.531861872552504,12.637949448202207,6.407974368102528,14.061943752224991,4.271982912068352,8.721965112139552,12.103951584193664,5.161979352082592,2.313990744037024,4.271982912068352,12.993948024207903,2.66998932004272,2.491990032039872,3.025987896048416,3.5599857600569598,2.313990744037024,4.627981488074048,2.313990744037024,3.915984336062656,3.203987184051264,0.711997152011392,1.245995016019936,3.737985048059808,0.8899964400142399,1.7799928800284799,4.271982912068352,5.161979352082592,1.067995728017088,0.711997152011392,2.313990744037024,0.177999288002848,1.7799928800284799,0.8899964400142399,0.0,4.627981488074048,1.067995728017088,0.355998576005696,3.025987896048416,1.245995016019936,1.957992168031328,2.135991456034176,0.0,2.135991456034176,1.067995728017088,3.915984336062656,0.533997864008544,0.177999288002848,0.177999288002848,1.7799928800284799,1.7799928800284799,2.313990744037024,5.873976504093984,0.355998576005696,0.533997864008544,0.355998576005696,1.423994304022784,0.533997864008544,0.711997152011392,0.355998576005696,1.7799928800284799,5.517977928088288,1.245995016019936,1.067995728017088,5.33997864008544,1.7799928800284799,1.245995016019936,1.957992168031328,1.957992168031328,0.177999288002848,0.355998576005696,0.8899964400142399,0.355998576005696,0.8899964400142399,4.805980776076896,0.0,0.0,0.177999288002848,0.355998576005696,1.245995016019936,2.847988608045568,0.711997152011392,0.0,4.093983624065504,1.245995016019936,1.423994304022784,0.0,0.177999288002848,0.355998576005696,0.8899964400142399,0.177999288002848,0.711997152011392,4.093983624065504,0.177999288002848,0.355998576005696,4.093983624065504,0.177999288002848,1.957992168031328,0.0,0.8899964400142399,0.711997152011392,0.355998576005696,0.711997152011392,1.423994304022784,1.7799928800284799,0.177999288002848,0.355998576005696,1.601993592025632,0.177999288002848,0.355998576005696,1.423994304022784,0.711997152011392,0.0,0.533997864008544,0.711997152011392,0.533997864008544,0.177999288002848,1.245995016019936,0.0,0.177999288002848,0.177999288002848,0.0,0.177999288002848,0.177999288002848,0.355998576005696,1.423994304022784,0.0,0.0,1.957992168031328,0.0,1.067995728017088,0.355998576005696,0.177999288002848,4.4499822000712,0.355998576005696,0.355998576005696,0.0,0.177999288002848,0.0,0.177999288002848,0.533997864008544,0.533997864008544,0.0,0.711997152011392,0.0,0.177999288002848,0.355998576005696,0.711997152011392,0.0,0.355998576005696,1.423994304022784,1.067995728017088,0.177999288002848,0.355998576005696,0.355998576005696,0.177999288002848,0.0,0.0,0.0,0.177999288002848,0.0,0.177999288002848,0.177999288002848,0.355998576005696,2.313990744037024,0.355998576005696,0.8899964400142399,0.0,0.0,0.0,0.711997152011392,0.355998576005696,0.533997864008544,0.8899964400142399,0.0,0.177999288002848,0.177999288002848,0.0,0.177999288002848,0.533997864008544,0.533997864008544,1.601993592025632,0.355998576005696,0.711997152011392,0.177999288002848,0.0,0.0,0.355998576005696,0.177999288002848,0.0,0.0,0.177999288002848,0.355998576005696,0.711997152011392,1.957992168031328,0.355998576005696,0.533997864008544,0.177999288002848,0.0,0.355998576005696
/Users/oksanagoncarova/Desktop/статьи написать/генерация статья/generated_docx_converted/12.docx,generated,12.docx,38.88160768894714,24.464831804281346,13.10615989515072,9.611183923110527,6.55307994757536,12.232415902140673,17.03800786369594,3.931847968545216,3.058103975535168,3.931847968545216,3.494975972040192,3.058103975535168,2.6212319790301444,3.931847968545216,4.805591961555264,2.18435998252512,4.36871996505024,0.436871996505024,10.048055919615551,1.3106159895150722,1.747487986020096,3.058103975535168,0.436871996505024,0.436871996505024,3.494975972040192,0.0,0.436871996505024,0.0,2.6212319790301444,7.426823940585408,1.3106159895150722,9.611183923110527,0.0,2.18435998252512,0.873743993010048,2.6212319790301444,0.873743993010048,0.436871996505024,1.747487986020096,0.436871996505024,4.36871996505024,0.873743993010048,0.0,1.3106159895150722,2.6212319790301444,2.6212319790301444,4.36871996505024,0.873743993010048,1.747487986020096,1.3106159895150722,0.0,0.436871996505024,0.0,0.873743993010048,0.436871996505024,1.3106159895150722,0.436871996505024,2.6212319790301444,0.873743993010048,0.0,1.3106159895150722,0.0,0.0,0.0,0.0,2.18435998252512,2.6212319790301444,1.747487986020096,0.0,0.436871996505024,0.436871996505024,0.0,0.873743993010048,0.873743993010048,0.0,0.0,0.0,0.0,1.3106159895150722,0.873743993010048,0.873743993010048,0.0,0.0,0.873743993010048,0.436871996505024,0.0,0.0,0.873743993010048,0.0,0.0,1.747487986020096,1.747487986020096,0.0,0.0,0.0,0.436871996505024,0.0,0.0,0.0,0.436871996505024,2.6212319790301444,0.873743993010048,0.0,0.436871996505024,0.436871996505024,0.0,0.0,0.0,0.873743993010048,0.0,0.0,0.0,0.436871996505024,0.0,0.873743993010048,1.747487986020096,0.436871996505024,0.0,0.0,0.0,0.0,0.0,2.18435998252512,0.0,0.0,0.436871996505024,0.436871996505024,0.0,0.0,0.436871996505024,0.0,0.0,0.0,0.0,1.3106159895150722,0.436871996505024,0.436871996505024,0.436871996505024,1.747487986020096,3.931847968545216,0.436871996505024,0.436871996505024,0.0,0.0,0.0,0.0,0.436871996505024,2.18435998252512,0.0,0.0,0.0,0.0,2.6212319790301444,1.3106159895150722,0.0,1.3106159895150722,0.0,0.0,0.0,0.0,0.0,1.3106159895150722,0.873743993010048,0.0,0.0,0.436871996505024,0.0,2.6212319790301444,0.0,1.3106159895150722,0.0,0.436871996505024,0.0,0.0,0.873743993010048,0.0,0.436871996505024,0.436871996505024,0.0,0.0,0.0,0.0,0.0,0.873743993010048,0.436871996505024,0.0,0.0,1.3106159895150722,0.0,0.0,0.0,0.873743993010048,0.0,0.436871996505024,0.0,1.3106159895150722,0.0,0.873743993010048,0.436871996505024,0.436871996505024
/Users/oksanagoncarova/Desktop/статьи написать/генерация статья/generated_docx_converted/13.docx,generated,13.docx,30.677882236516577,43.047996041563586,2.9688273132112815,10.885700148441366,10.390895596239485,10.885700148441366,7.422068283028204,9.896091044037604,6.927263730826324,2.474022761009401,16.32855022266205,4.453240969816922,5.937654626422563,10.885700148441366,5.442850074220683,1.4844136566056407,0.9896091044037606,0.0,5.937654626422563,0.0,0.4948045522018803,3.463631865413162,1.9792182088075212,1.4844136566056407,1.4844136566056407,0.9896091044037606,1.4844136566056407,0.0,2.9688273132112815,0.9896091044037606,2.474022761009401,0.0,1.9792182088075212,1.4844136566056407,3.9584364176150424,1.9792182088075212,3.9584364176150424,0.0,2.474022761009401,0.4948045522018803,3.9584364176150424,0.9896091044037606,0.0,1.4844136566056407,2.474022761009401,3.9584364176150424,0.0,2.474022761009401,1.4844136566056407,0.4948045522018803,0.0,0.9896091044037606,0.0,1.4844136566056407,0.0,0.4948045522018803,0.4948045522018803,1.9792182088075212,2.474022761009401,0.0,0.4948045522018803,0.0,1.9792182088075212,0.0,0.4948045522018803,0.4948045522018803,0.0,0.0,0.0,0.4948045522018803,1.9792182088075212,0.4948045522018803,0.0,0.0,1.9792182088075212,0.0,0.0,0.4948045522018803,0.4948045522018803,0.4948045522018803,0.9896091044037606,0.9896091044037606,1.9792182088075212,0.0,0.9896091044037606,0.4948045522018803,1.9792182088075212,0.4948045522018803,0.0,0.0,0.4948045522018803,0.0,0.0,0.0,0.0,4.453240969816922,0.0,0.0,0.0,1.4844136566056407,1.9792182088075212,2.474022761009401,0.0,0.4948045522018803,0.0,0.0,0.9896091044037606,0.0,0.9896091044037606,0.0,0.0,0.0,1.9792182088075212,0.4948045522018803,0.0,0.4948045522018803,1.4844136566056407,2.474022761009401,0.0,0.0,0.0,0.0,3.463631865413162,0.0,0.0,0.9896091044037606,1.9792182088075212,2.474022761009401,0.0,0.0,0.4948045522018803,1.4844136566056407,0.4948045522018803,1.4844136566056407,0.4948045522018803,0.0,0.4948045522018803,2.474022761009401,10.390895596239485,0.4948045522018803,0.0,0.4948045522018803,0.0,0.0,0.0,0.0,0.9896091044037606,0.0,0.0,0.9896091044037606,0.9896091044037606,0.0,0.0,0.0,0.0,0.0,1.4844136566056407,0.0,0.0,0.0,0.0,1.9792182088075212,0.0,0.0,4.453240969816922,0.9896091044037606,0.0,0.0,0.9896091044037606,0.9896091044037606,0.0,0.0,0.0,0.4948045522018803,5.442850074220683,1.4844136566056407,0.0,0.9896091044037606,0.4948045522018803,0.0,0.0,0.0,3.463631865413162,0.0,0.0,0.0,0.4948045522018803,0.0,0.0,0.0,0.9896091044037606,0.9896091044037606,0.0,0.0,0.0,0.4948045522018803,0.0,0.9896091044037606,0.0,0.0
/Users/oksanagoncarova/Desktop/статьи написать/генерация статья/generated_docx_converted/14.docx,generated,14.docx,44.646384828131175,33.58356380877123,12.050572896088502,7.5069142631371,13.235875148162782,5.333860134334254,9.284867641248518,11.655472145397077,7.111813512445673,4.741209008297116,4.93875938364283,5.728960885025681,2.568154879494271,2.765705254839984,5.728960885025681,1.9755037534571318,2.765705254839984,1.7779533781114183,1.5804030027657052,4.93875938364283,2.568154879494271,0.9877518767285659,4.1485578822599765,3.1608060055314104,1.7779533781114183,0.5926511260371395,6.124061635717108,0.0,1.185302252074279,1.5804030027657052,1.5804030027657052,0.0,2.173054128802845,1.382852627419992,0.3951007506914263,3.75345713156855,1.382852627419992,2.370604504148558,2.173054128802845,1.7779533781114183,2.173054128802845,1.5804030027657052,0.0,0.9877518767285659,0.3951007506914263,0.9877518767285659,2.173054128802845,0.0,0.19755037534571315,5.728960885025681,0.7902015013828526,1.382852627419992,0.0,0.3951007506914263,2.963255630185697,0.7902015013828526,0.5926511260371395,1.185302252074279,0.7902015013828526,7.704464638482813,0.5926511260371395,0.0,2.370604504148558,1.5804030027657052,1.7779533781114183,3.9510075069142636,1.382852627419992,0.5926511260371395,2.370604504148558,0.9877518767285659,0.19755037534571315,1.185302252074279,0.19755037534571315,1.185302252074279,0.0,0.0,0.0,0.3951007506914263,0.19755037534571315,0.9877518767285659,0.9877518767285659,0.0,0.0,0.3951007506914263,0.5926511260371395,0.9877518767285659,0.0,0.7902015013828526,0.19755037534571315,1.382852627419992,0.19755037534571315,1.185302252074279,0.0,0.9877518767285659,0.19755037534571315,0.7902015013828526,0.0,2.765705254839984,0.0,0.9877518767285659,0.9877518767285659,0.5926511260371395,0.3951007506914263,1.9755037534571318,2.568154879494271,0.19755037534571315,0.5926511260371395,0.19755037534571315,0.3951007506914263,0.0,0.7902015013828526,0.3951007506914263,0.0,0.5926511260371395,1.382852627419992,0.5926511260371395,1.382852627419992,1.5804030027657052,0.19755037534571315,0.5926511260371395,0.9877518767285659,0.0,0.19755037534571315,0.19755037534571315,0.19755037534571315,0.3951007506914263,0.19755037534571315,0.0,0.0,0.9877518767285659,0.3951007506914263,0.3951007506914263,0.3951007506914263,1.5804030027657052,0.7902015013828526,1.185302252074279,0.0,0.3951007506914263,0.0,0.5926511260371395,0.0,1.185302252074279,0.0,0.3951007506914263,0.0,0.3951007506914263,0.19755037534571315,0.0,0.0,0.5926511260371395,1.7779533781114183,0.3951007506914263,0.0,1.185302252074279,0.5926511260371395,0.19755037534571315,0.0,0.0,0.19755037534571315,0.0,0.19755037534571315,0.0,0.0,0.0,0.3951007506914263,0.19755037534571315,0.7902015013828526,0.0,0.3951007506914263,0.19755037534571315,0.19755037534571315,0.9877518767285659,0.19755037534571315,0.5926511260371395,0.0,0.3951007506914263,0.9877518767285659,0.0,0.19755037534571315,1.382852627419992,1.185302252074279,1.185302252074279,0.0,0.0,0.7902015013828526,0.0,0.0,0.0,0.0,0.19755037534571315,0.3951007506914263,0.19755037534571315,0.3951007506914263,0.9877518767285659,1.9755037534571318,0.0,0.0,0.3951007506914263,0.7902015013828526,0.7902015013828526
/Users/oksanagoncarova/Desktop/статьи написать/генерация статья/generated_docx_converted/15.docx,generated,15.docx,41.650294695481335,33.39882121807466,9.037328094302554,9.037328094302554,16.110019646365423,4.322200392927309,13.7524557956778,4.322200392927309,4.322200392927309,3.536345776031434,3.536345776031434,3.536345776031434,1.9646365422396854,5.50098231827112,4.322200392927309,0.7858546168958742,4.322200392927309,1.1787819253438114,0.7858546168958742,1.1787819253438114,1.5717092337917484,5.50098231827112,1.1787819253438114,0.7858546168958742,3.143418467583497,0.7858546168958742,0.3929273084479371,15.324165029469548,0.3929273084479371,0.7858546168958742,1.1787819253438114,0.7858546168958742,0.3929273084479371,0.7858546168958742,0.7858546168958742,2.75049115913556,0.7858546168958742,0.3929273084479371,1.9646365422396854,1.1787819253438114,5.893909626719057,0.7858546168958742,0.0,1.9646365422396854,1.5717092337917484,0.0,1.1787819253438114,0.7858546168958742,0.0,1.5717092337917484,1.1787819253438114,2.75049115913556,3.143418467583497,1.1787819253438114,0.0,2.357563850687623,0.3929273084479371,1.1787819253438114,0.3929273084479371,0.3929273084479371,2.75049115913556,10.609037328094301,0.0,0.0,1.5717092337917484,1.1787819253438114,1.9646365422396854,0.7858546168958742,0.3929273084479371,0.3929273084479371,0.7858546168958742,0.3929273084479371,0.3929273084479371,0.3929273084479371,0.0,0.3929273084479371,0.7858546168958742,0.0,0.0,0.0,1.5717092337917484,0.3929273084479371,0.0,0.3929273084479371,0.0,0.0,0.7858546168958742,0.3929273084479371,0.3929273084479371,1.5717092337917484,0.7858546168958742,1.1787819253438114,0.3929273084479371,0.3929273084479371,0.3929273084479371,0.0,2.75049115913556,0.0,0.0,0.3929273084479371,0.3929273084479371,0.0,0.7858546168958742,0.7858546168958742,1.1787819253438114,0.0,1.1787819253438114,0.0,1.5717092337917484,0.0,0.3929273084479371,0.0,2.75049115913556,0.0,0.3929273084479371,0.3929273084479371,0.0,0.3929273084479371,0.0,0.0,0.0,0.0,0.0,0.3929273084479371,0.0,0.7858546168958742,0.0,0.7858546168958742,3.143418467583497,0.3929273084479371,0.3929273084479371,1.5717092337917484,0.0,0.0,0.0,1.1787819253438114,1.9646365422396854,0.3929273084479371,0.0,0.3929273084479371,0.7858546168958742,0.7858546168958742,0.0,0.7858546168958742,0.0,0.0,0.0,0.3929273084479371,1.1787819253438114,0.0,0.3929273084479371,0.0,0.0,0.7858546168958742,0.3929273084479371,0.0,0.0,0.0,0.7858546168958742,0.0,0.0,0.3929273084479371,0.3929273084479371,0.0,0.3929273084479371,0.0,0.0,0.3929273084479371,0.0,0.0,0.0,0.3929273084479371,0.0,0.7858546168958742,0.0,1.1787819253438114,0.3929273084479371,0.3929273084479371,0.3929273084479371,1.1787819253438114,0.0,0.0,0.0,0.3929273084479371,0.3929273084479371,0.0,0.3929273084479371,0.7858546168958742,0.0,0.0,0.0,0.3929273084479371,0.0,0.7858546168958742,0.7858546168958742,0.3929273084479371,2.357563850687623,0.7858546168958742,0.0,0.7858546168958742
/Users/oksanagoncarova/Desktop/статьи написать/генерация статья/generated_docx_converted/16.docx,generated,16.docx,53.59056806002144,33.22615219721329,8.217220435869955,5.716327259735619,8.217220435869955,7.145409074669525,6.430868167202572,2.500893176134334,2.8581636298678097,9.28903179707038,7.502679528403001,5.001786352268668,5.359056806002144,2.1436227224008575,2.500893176134334,5.001786352268668,2.500893176134334,0.3572704537334762,2.8581636298678097,0.7145409074669524,2.500893176134334,5.001786352268668,0.0,2.1436227224008575,1.4290818149339048,1.4290818149339048,1.0718113612004287,1.0718113612004287,3.929974991068239,0.3572704537334762,2.500893176134334,0.0,0.3572704537334762,0.7145409074669524,2.8581636298678097,1.7863522686673812,0.3572704537334762,0.0,1.4290818149339048,1.0718113612004287,1.7863522686673812,1.4290818149339048,0.0,2.500893176134334,2.1436227224008575,0.7145409074669524,2.500893176134334,0.7145409074669524,0.7145409074669524,1.7863522686673812,0.7145409074669524,0.3572704537334762,0.0,0.3572704537334762,0.0,2.8581636298678097,1.7863522686673812,1.7863522686673812,1.7863522686673812,0.7145409074669524,1.7863522686673812,0.0,1.0718113612004287,0.3572704537334762,0.0,0.7145409074669524,0.7145409074669524,1.7863522686673812,1.0718113612004287,1.4290818149339048,2.1436227224008575,0.0,1.7863522686673812,1.4290818149339048,0.0,0.0,0.0,0.0,0.7145409074669524,0.3572704537334762,0.0,2.1436227224008575,2.1436227224008575,0.3572704537334762,0.0,0.0,1.0718113612004287,0.7145409074669524,0.7145409074669524,0.0,1.0718113612004287,0.0,0.0,0.7145409074669524,2.1436227224008575,0.0,1.4290818149339048,0.0,0.0,1.0718113612004287,0.3572704537334762,0.3572704537334762,0.0,0.0,2.8581636298678097,0.3572704537334762,1.4290818149339048,0.0,0.0,0.0,0.7145409074669524,0.3572704537334762,2.1436227224008575,0.0,1.0718113612004287,0.0,0.3572704537334762,0.0,0.0,0.0,0.0,3.215434083601286,0.3572704537334762,1.0718113612004287,0.0,0.3572704537334762,0.7145409074669524,0.3572704537334762,0.0,0.0,0.0,0.7145409074669524,0.0,0.3572704537334762,0.0,0.3572704537334762,0.0,0.7145409074669524,0.0,0.0,1.7863522686673812,0.0,0.0,0.3572704537334762,0.0,0.0,0.0,0.0,0.0,0.3572704537334762,1.0718113612004287,0.0,0.7145409074669524,0.3572704537334762,2.1436227224008575,0.7145409074669524,0.7145409074669524,0.3572704537334762,0.7145409074669524,0.7145409074669524,0.0,0.0,0.0,0.0,0.3572704537334762,0.0,0.0,1.0718113612004287,0.0,0.0,0.0,0.0,0.3572704537334762,0.3572704537334762,1.7863522686673812,0.3572704537334762,0.7145409074669524,0.7145409074669524,0.3572704537334762,0.3572704537334762,0.0,0.0,0.0,0.0,0.3572704537334762,0.0,0.0,0.3572704537334762,0.7145409074669524,0.0,0.7145409074669524,0.0,0.3572704537334762,0.3572704537334762,0.3572704537334762,0.0,0.0,0.0,1.0718113612004287,0.0
/Users/oksanagoncarova/Desktop/статьи написать/генерация статья/generated_docx_converted/17.docx,generated,17.docx,35.89517727372826,24.664170887469723,10.790574763268003,12.111869632239594,7.927769213829553,16.07575423915437,7.046905967848492,7.927769213829553,14.093811935696984,5.285179475886369,4.844747852895838,5.285179475886369,3.3032371724289806,1.9819423034573882,4.844747852895838,3.523452983924246,3.743668795419511,3.0830213609337154,3.9638846069147764,7.487337590839022,8.588416648315349,0.6606474344857961,2.6425897379431844,3.3032371724289806,1.9819423034573882,2.8628055494384497,4.184100418410042,0.0,1.761726491962123,1.761726491962123,1.5415106804668577,0.22021581149526537,1.5415106804668577,1.3212948689715922,0.8808632459810615,2.202158114952654,5.725611098876899,1.9819423034573882,2.6425897379431844,1.9819423034573882,0.8808632459810615,1.761726491962123,0.0,4.404316229905308,1.3212948689715922,1.3212948689715922,0.0,0.22021581149526537,0.8808632459810615,1.3212948689715922,0.6606474344857961,1.761726491962123,0.0,0.44043162299053074,1.5415106804668577,0.6606474344857961,0.8808632459810615,1.3212948689715922,1.5415106804668577,1.5415106804668577,3.523452983924246,0.0,2.422373926447919,1.5415106804668577,1.9819423034573882,1.5415106804668577,0.6606474344857961,0.22021581149526537,1.3212948689715922,0.8808632459810615,0.8808632459810615,0.8808632459810615,0.0,1.5415106804668577,0.22021581149526537,0.0,4.624532041400573,0.0,2.202158114952654,1.101079057476327,1.761726491962123,0.22021581149526537,0.44043162299053074,2.6425897379431844,2.422373926447919,3.9638846069147764,0.44043162299053074,0.8808632459810615,0.0,0.8808632459810615,0.44043162299053074,0.6606474344857961,0.0,2.8628055494384497,0.22021581149526537,1.9819423034573882,0.0,0.8808632459810615,0.0,0.44043162299053074,1.101079057476327,1.101079057476327,0.44043162299053074,0.8808632459810615,0.0,0.0,0.6606474344857961,0.22021581149526537,1.101079057476327,0.0,0.22021581149526537,1.101079057476327,0.44043162299053074,0.8808632459810615,1.5415106804668577,0.8808632459810615,0.6606474344857961,1.101079057476327,0.44043162299053074,0.6606474344857961,0.44043162299053074,0.0,0.8808632459810615,2.6425897379431844,0.0,0.8808632459810615,0.22021581149526537,0.0,0.0,0.0,0.22021581149526537,0.8808632459810615,0.22021581149526537,1.3212948689715922,0.22021581149526537,0.22021581149526537,1.5415106804668577,0.0,0.0,0.6606474344857961,0.22021581149526537,0.8808632459810615,0.0,0.44043162299053074,0.0,0.44043162299053074,2.202158114952654,0.22021581149526537,0.0,1.9819423034573882,0.0,0.8808632459810615,0.0,0.8808632459810615,0.22021581149526537,0.22021581149526537,0.22021581149526537,0.6606474344857961,0.44043162299053074,0.44043162299053074,0.0,0.22021581149526537,0.6606474344857961,0.0,0.22021581149526537,0.44043162299053074,0.0,0.0,0.8808632459810615,0.0,0.0,1.5415106804668577,0.0,0.6606474344857961,0.0,1.101079057476327,0.44043162299053074,0.0,0.0,0.8808632459810615,0.44043162299053074,0.22021581149526537,1.761726491962123,3.3032371724289806,0.6606474344857961,0.0,0.0,1.101079057476327,0.44043162299053074,0.0,0.0,0.44043162299053074,0.44043162299053074,0.44043162299053074,1.101079057476327,0.22021581149526537,1.101079057476327,0.22021581149526537,0.22021581149526537,0.0
/Users/oksanagoncarova/Desktop/статьи написать/генерация статья/generated_docx_converted/18.docx,generated,18.docx,39.87730061349693,27.169149868536373,4.382120946538125,11.393514460999123,13.584574934268186,7.011393514460999,7.011393514460999,6.134969325153374,7.011393514460999,10.955302366345311,7.449605609114811,3.067484662576687,6.573181419807186,2.1910604732690624,3.9439088518843115,3.067484662576687,3.9439088518843115,4.820333041191937,4.382120946538125,0.8764241893076249,2.629272567922875,0.8764241893076249,0.8764241893076249,4.820333041191937,1.7528483786152498,0.43821209465381245,0.8764241893076249,0.0,1.7528483786152498,0.43821209465381245,2.629272567922875,0.0,0.0,0.8764241893076249,3.067484662576687,3.9439088518843115,2.1910604732690624,0.0,3.067484662576687,0.0,0.8764241893076249,2.1910604732690624,0.0,2.629272567922875,0.43821209465381245,0.8764241893076249,0.0,3.5056967572304996,1.7528483786152498,2.1910604732690624,3.5056967572304996,0.0,0.43821209465381245,0.43821209465381245,0.0,0.0,0.43821209465381245,3.067484662576687,0.43821209465381245,0.0,0.8764241893076249,0.0,1.7528483786152498,0.43821209465381245,0.0,0.0,0.8764241893076249,0.8764241893076249,0.43821209465381245,0.8764241893076249,0.0,0.43821209465381245,0.0,0.8764241893076249,0.0,0.0,0.0,2.1910604732690624,0.43821209465381245,1.7528483786152498,1.3146362839614374,0.43821209465381245,0.0,0.8764241893076249,0.8764241893076249,2.629272567922875,2.1910604732690624,0.43821209465381245,0.0,0.8764241893076249,0.8764241893076249,0.8764241893076249,2.629272567922875,0.0,0.8764241893076249,0.0,0.8764241893076249,0.0,0.0,0.8764241893076249,0.43821209465381245,0.0,0.8764241893076249,0.0,0.0,0.0,0.43821209465381245,0.8764241893076249,0.0,0.0,0.43821209465381245,0.0,2.1910604732690624,0.43821209465381245,0.0,0.8764241893076249,0.8764241893076249,0.8764241893076249,0.8764241893076249,0.0,0.0,0.8764241893076249,1.3146362839614374,0.0,0.0,0.43821209465381245,0.0,0.8764241893076249,0.0,0.0,0.8764241893076249,0.0,0.0,0.0,0.0,0.0,5.25854513584575,0.8764241893076249,0.0,0.0,0.0,0.0,0.0,0.0,0.0,0.0,0.0,0.0,0.0,0.43821209465381245,0.0,0.43821209465381245,2.629272567922875,0.0,0.0,0.0,0.0,0.43821209465381245,0.8764241893076249,0.0,0.0,3.067484662576687,0.0,0.0,0.8764241893076249,0.43821209465381245,0.0,0.0,4.382120946538125,0.0,0.0,0.43821209465381245,0.0,0.0,1.7528483786152498,0.8764241893076249,0.43821209465381245,0.8764241893076249,0.0,0.43821209465381245,0.0,0.0,0.0,0.43821209465381245,0.43821209465381245,0.0,0.43821209465381245,0.43821209465381245,0.0,0.43821209465381245,0.0,0.0,0.0,0.0,0.0,0.43821209465381245,0.0,1.7528483786152498,0.0,0.0
/Users/oksanagoncarova/Desktop/статьи написать/генерация статья/generated_docx_converted/19.docx,generated,19.docx,29.19851067999216,24.691358024691358,13.129531648050166,13.52145796590241,10.777973740936703,10.190084264158338,3.919263178522437,11.561826376641191,6.466784244562022,5.682931608857535,4.3111894963746815,8.818342151675484,4.703115814226925,1.371742112482853,2.5475210660395846,8.42641583382324,5.682931608857535,1.9596315892612186,6.270821085635901,4.703115814226925,2.1555947481873408,1.5677052714089752,5.878894767783657,1.763668430335097,0.9798157946306093,6.270821085635901,2.1555947481873408,7.054673721340388,1.5677052714089752,3.1354105428179504,0.9798157946306093,0.1959631589261219,1.1757789535567313,1.5677052714089752,0.0,2.5475210660395846,2.1555947481873408,4.11522633744856,2.743484224965706,1.763668430335097,1.1757789535567313,0.9798157946306093,0.3919263178522438,2.1555947481873408,2.1555947481873408,3.527336860670194,0.0,0.5878894767783657,0.9798157946306093,1.9596315892612186,0.5878894767783657,4.3111894963746815,0.0,3.331373701744072,1.1757789535567313,0.9798157946306093,0.5878894767783657,2.1555947481873408,1.9596315892612186,0.3919263178522438,4.5071526553008034,5.878894767783657,1.763668430335097,1.1757789535567313,1.1757789535567313,1.371742112482853,0.5878894767783657,1.1757789535567313,1.763668430335097,1.1757789535567313,2.5475210660395846,1.763668430335097,0.0,2.1555947481873408,0.0,0.0,0.7838526357044876,2.5475210660395846,0.7838526357044876,0.9798157946306093,2.3515579071134627,0.0,0.0,2.3515579071134627,1.1757789535567313,0.7838526357044876,0.1959631589261219,0.1959631589261219,0.3919263178522438,0.9798157946306093,0.5878894767783657,1.763668430335097,0.0,4.703115814226925,0.5878894767783657,1.1757789535567313,3.919263178522437,0.5878894767783657,0.1959631589261219,0.5878894767783657,0.7838526357044876,0.7838526357044876,0.9798157946306093,0.9798157946306093,0.0,0.0,0.9798157946306093,0.5878894767783657,0.7838526357044876,2.3515579071134627,1.1757789535567313,0.9798157946306093,0.0,0.9798157946306093,0.0,0.3919263178522438,0.0,0.7838526357044876,1.1757789535567313,2.743484224965706,1.9596315892612186,0.0,1.371742112482853,0.1959631589261219,0.7838526357044876,0.3919263178522438,0.1959631589261219,0.5878894767783657,4.3111894963746815,0.0,2.9394473838918285,8.622378992749363,0.3919263178522438,0.1959631589261219,1.1757789535567313,0.1959631589261219,0.3919263178522438,1.371742112482853,0.0,2.9394473838918285,0.0,0.1959631589261219,0.1959631589261219,0.3919263178522438,0.0,0.1959631589261219,0.0,0.0,0.1959631589261219,0.5878894767783657,0.3919263178522438,0.7838526357044876,7.054673721340388,1.371742112482853,0.1959631589261219,0.7838526357044876,0.5878894767783657,1.763668430335097,0.0,0.1959631589261219,0.0,1.5677052714089752,0.0,0.0,0.0,0.0,0.0,0.0,0.0,1.1757789535567313,0.0,0.9798157946306093,0.0,0.5878894767783657,0.0,0.0,0.5878894767783657,0.0,1.1757789535567313,1.1757789535567313,0.1959631589261219,0.5878894767783657,1.5677052714089752,0.1959631589261219,0.5878894767783657,0.0,0.5878894767783657,0.0,0.3919263178522438,0.0,0.3919263178522438,0.1959631589261219,0.0,0.1959631589261219,0.5878894767783657,0.9798157946306093,0.1959631589261219,0.0,0.3919263178522438,0.3919263178522438
/Users/oksanagoncarova/Desktop/статьи написать/генерация статья/generated_docx_converted/2.docx,generated,2.docx,43.452730475631235,35.23194362889019,8.807985907222548,12.331180270111567,8.220786846741044,5.28479154433353,5.28479154433353,1.7615971814445097,5.28479154433353,4.697592483852025,9.39518496770405,2.935995302407516,2.935995302407516,5.28479154433353,1.7615971814445097,2.3487962419260127,3.5231943628890194,4.697592483852025,2.935995302407516,1.7615971814445097,1.1743981209630063,0.0,0.0,1.1743981209630063,1.7615971814445097,0.0,0.5871990604815032,0.5871990604815032,1.7615971814445097,3.5231943628890194,4.110393423370522,4.697592483852025,0.5871990604815032,1.7615971814445097,0.0,1.7615971814445097,1.1743981209630063,0.0,0.5871990604815032,0.0,6.4591896652965355,4.110393423370522,0.0,1.1743981209630063,1.1743981209630063,0.5871990604815032,0.0,6.4591896652965355,0.0,0.5871990604815032,2.3487962419260127,0.0,0.0,1.1743981209630063,1.1743981209630063,0.0,1.1743981209630063,1.7615971814445097,1.1743981209630063,0.5871990604815032,1.7615971814445097,0.0,2.3487962419260127,0.0,0.0,1.1743981209630063,0.0,0.0,1.1743981209630063,0.5871990604815032,0.0,0.0,0.0,0.5871990604815032,0.0,0.0,0.0,1.1743981209630063,0.0,0.5871990604815032,0.0,0.5871990604815032,0.0,1.7615971814445097,0.0,0.0,0.0,0.0,0.0,0.5871990604815032,1.1743981209630063,0.5871990604815032,0.0,0.0,0.5871990604815032,0.0,3.5231943628890194,0.0,0.0,0.0,0.0,0.5871990604815032,0.0,0.5871990604815032,0.0,1.1743981209630063,0.5871990604815032,4.110393423370522,0.5871990604815032,0.0,0.5871990604815032,0.5871990604815032,1.1743981209630063,0.0,1.1743981209630063,1.1743981209630063,0.5871990604815032,1.1743981209630063,0.5871990604815032,0.5871990604815032,0.0,0.0,0.5871990604815032,1.1743981209630063,0.5871990604815032,0.5871990604815032,0.5871990604815032,0.5871990604815032,0.0,0.0,0.5871990604815032,0.0,0.0,0.0,0.0,0.0,0.0,0.0,0.0,1.7615971814445097,2.935995302407516,0.5871990604815032,0.0,1.1743981209630063,0.0,3.5231943628890194,0.5871990604815032,0.5871990604815032,4.697592483852025,0.0,0.5871990604815032,0.0,1.1743981209630063,0.5871990604815032,0.0,0.5871990604815032,0.0,0.5871990604815032,0.5871990604815032,1.7615971814445097,0.0,0.0,0.0,0.0,0.5871990604815032,0.0,0.0,0.5871990604815032,0.0,0.0,1.1743981209630063,0.0,0.0,1.1743981209630063,0.5871990604815032,0.5871990604815032,0.5871990604815032,0.0,0.0,0.5871990604815032,0.0,0.0,0.0,0.0,0.5871990604815032,0.0,0.0,0.0,0.0,0.0,0.0,0.0,0.0,0.0,0.0,0.0,0.0,0.5871990604815032,0.0,0.5871990604815032
/Users/oksanagoncarova/Desktop/статьи написать/генерация статья/generated_docx_converted/20.docx,generated,20.docx,38.864898210980876,24.676125848241828,13.26341764342998,11.412708204811846,11.412708204811846,4.9352251696483656,6.785934608266502,5.243676742751388,11.104256631708822,7.402837754472547,4.626773596545342,4.318322023442319,4.318322023442319,1.5422578655151142,9.561998766193708,4.318322023442319,0.9253547193090684,3.0845157310302285,2.7760641579272054,0.6169031462060457,1.5422578655151142,3.7014188772362737,2.7760641579272054,0.6169031462060457,1.8507094386181369,0.30845157310302285,1.5422578655151142,0.0,1.5422578655151142,2.4676125848241828,1.5422578655151142,7.094386181369525,3.392967304133251,0.9253547193090684,1.2338062924120914,1.8507094386181369,5.552128315854411,1.2338062924120914,1.5422578655151142,0.30845157310302285,0.9253547193090684,1.5422578655151142,26.52683528685996,0.6169031462060457,1.5422578655151142,1.2338062924120914,0.6169031462060457,1.8507094386181369,0.30845157310302285,1.2338062924120914,0.30845157310302285,2.1591610117211597,0.0,1.2338062924120914,1.2338062924120914,1.2338062924120914,0.6169031462060457,0.6169031462060457,0.30845157310302285,0.0,1.8507094386181369,0.0,0.0,0.0,0.30845157310302285,1.5422578655151142,0.30845157310302285,0.30845157310302285,0.30845157310302285,0.30845157310302285,2.4676125848241828,0.0,0.0,0.30845157310302285,0.0,0.0,1.2338062924120914,0.30845157310302285,0.30845157310302285,0.6169031462060457,1.8507094386181369,1.8507094386181369,0.6169031462060457,0.6169031462060457,0.0,0.0,0.9253547193090684,1.5422578655151142,0.30845157310302285,0.9253547193090684,1.2338062924120914,0.30845157310302285,0.0,0.0,0.9253547193090684,1.5422578655151142,0.30845157310302285,0.30845157310302285,0.0,0.0,0.9253547193090684,0.6169031462060457,0.30845157310302285,0.0,0.30845157310302285,19.740900678593462,0.30845157310302285,0.0,0.9253547193090684,0.0,0.0,0.6169031462060457,0.30845157310302285,0.30845157310302285,0.0,0.9253547193090684,1.8507094386181369,0.0,0.30845157310302285,0.0,0.0,0.9253547193090684,1.2338062924120914,1.5422578655151142,1.8507094386181369,0.0,1.2338062924120914,1.8507094386181369,0.0,0.6169031462060457,0.0,0.0,0.0,0.0,0.30845157310302285,0.30845157310302285,0.0,0.9253547193090684,0.0,0.30845157310302285,0.0,0.0,0.0,0.0,4.009870450339297,0.9253547193090684,0.6169031462060457,1.2338062924120914,1.2338062924120914,0.30845157310302285,0.0,0.0,0.9253547193090684,0.30845157310302285,0.9253547193090684,0.30845157310302285,1.5422578655151142,0.6169031462060457,0.6169031462060457,0.0,0.0,0.6169031462060457,0.30845157310302285,0.0,0.6169031462060457,0.0,0.0,0.0,0.0,1.5422578655151142,0.30845157310302285,0.30845157310302285,19.123997532387417,0.30845157310302285,0.6169031462060457,0.0,0.9253547193090684,0.0,0.0,0.30845157310302285,0.0,0.30845157310302285,0.0,0.30845157310302285,0.9253547193090684,3.392967304133251,0.30845157310302285,0.0,0.30845157310302285,0.0,0.0,0.9253547193090684,0.0,0.30845157310302285,0.0,0.30845157310302285,0.6169031462060457,0.30845157310302285,0.0,0.6169031462060457
/Users/oksanagoncarova/Desktop/статьи написать/генерация статья/generated_docx_converted/21.docx,generated,21.docx,36.63855772026752,26.606571677813317,14.102936900261703,9.595812736260541,12.79441698168072,8.287292817679557,5.088688572259378,12.503634777551614,6.106426286711254,6.251817388775807,6.687990694969468,7.99651061355045,1.7446932247746438,2.1808665309683044,3.343995347484734,2.7624309392265194,4.361733061936609,4.070950857807502,2.7624309392265194,5.234079674323932,4.7979063681302705,0.43617330619366096,2.907822041291073,1.59930212271009,1.0177377144518756,1.4539110206455366,3.9255597557429485,17.446932247746435,2.035475428903751,2.907822041291073,1.59930212271009,0.5815644082582145,2.7624309392265194,1.59930212271009,0.0,2.7624309392265194,2.035475428903751,1.8900843268391974,1.7446932247746438,3.634777551613841,2.907822041291073,1.308519918580983,6.978772899098575,3.343995347484734,0.8723466123873219,2.035475428903751,0.14539110206455363,2.1808665309683044,0.7269555103227683,1.8900843268391974,1.308519918580983,2.1808665309683044,0.0,0.5815644082582145,2.907822041291073,1.8900843268391974,0.43617330619366096,1.59930212271009,1.0177377144518756,1.0177377144518756,1.163128816516429,4.652515266065716,2.617039837161966,2.471648735097412,0.7269555103227683,2.035475428903751,0.43617330619366096,1.7446932247746438,1.8900843268391974,1.4539110206455366,1.308519918580983,0.8723466123873219,0.29078220412910727,2.471648735097412,0.0,0.0,0.29078220412910727,0.29078220412910727,0.0,2.035475428903751,1.308519918580983,0.0,0.0,1.0177377144518756,1.4539110206455366,0.29078220412910727,0.0,2.326257633032858,2.1808665309683044,1.0177377144518756,0.14539110206455363,1.163128816516429,0.29078220412910727,0.8723466123873219,0.43617330619366096,1.308519918580983,0.29078220412910727,1.308519918580983,0.0,1.0177377144518756,2.035475428903751,0.5815644082582145,1.163128816516429,1.308519918580983,0.29078220412910727,0.29078220412910727,1.0177377144518756,0.0,1.308519918580983,0.5815644082582145,0.8723466123873219,0.0,0.0,1.59930212271009,1.4539110206455366,0.7269555103227683,0.7269555103227683,0.29078220412910727,0.0,0.29078220412910727,0.29078220412910727,0.0,0.5815644082582145,0.7269555103227683,0.29078220412910727,2.907822041291073,0.7269555103227683,1.308519918580983,6.39720849084036,0.0,0.0,1.7446932247746438,0.43617330619366096,0.0,3.19860424542018,0.43617330619366096,0.0,0.29078220412910727,0.29078220412910727,0.0,0.43617330619366096,2.326257633032858,0.0,0.29078220412910727,1.163128816516429,0.29078220412910727,0.29078220412910727,3.9255597557429485,0.5815644082582145,0.5815644082582145,1.4539110206455366,0.8723466123873219,0.7269555103227683,0.29078220412910727,1.0177377144518756,0.43617330619366096,2.7624309392265194,0.0,0.0,0.0,0.0,0.29078220412910727,0.5815644082582145,0.0,0.43617330619366096,0.29078220412910727,0.29078220412910727,0.29078220412910727,0.0,0.43617330619366096,0.29078220412910727,0.7269555103227683,0.0,0.8723466123873219,0.0,1.0177377144518756,0.5815644082582145,0.0,0.29078220412910727,0.8723466123873219,0.29078220412910727,0.14539110206455363,0.0,0.29078220412910727,1.308519918580983,0.5815644082582145,0.0,0.29078220412910727,0.43617330619366096,0.0,0.0,0.5815644082582145,0.29078220412910727,0.29078220412910727,0.0,0.5815644082582145,0.0,0.0,1.0177377144518756,1.59930212271009
/Users/oksanagoncarova/Desktop/статьи написать/генерация статья/generated_docx_converted/22.docx,generated,22.docx,55.09065550906555,41.84100418410041,5.578800557880055,16.736401673640167,14.644351464435147,4.881450488145049,6.97350069735007,6.2761506276150625,4.184100418410042,6.2761506276150625,6.2761506276150625,3.486750348675035,2.7894002789400276,4.184100418410042,1.3947001394700138,0.0,3.486750348675035,6.2761506276150625,2.092050209205021,1.3947001394700138,0.6973500697350069,2.7894002789400276,0.6973500697350069,2.7894002789400276,0.6973500697350069,0.0,0.0,0.0,2.092050209205021,0.6973500697350069,3.486750348675035,0.6973500697350069,0.0,2.092050209205021,0.6973500697350069,2.7894002789400276,0.6973500697350069,0.6973500697350069,0.6973500697350069,0.0,2.092050209205021,2.7894002789400276,0.0,0.0,1.3947001394700138,0.0,9.06555090655509,1.3947001394700138,1.3947001394700138,2.092050209205021,2.7894002789400276,0.0,0.0,1.3947001394700138,0.0,0.6973500697350069,0.0,0.6973500697350069,0.6973500697350069,0.0,0.0,1.3947001394700138,1.3947001394700138,0.6973500697350069,0.0,2.092050209205021,2.092050209205021,1.3947001394700138,0.6973500697350069,1.3947001394700138,0.0,0.0,14.644351464435147,0.6973500697350069,0.0,0.0,0.0,0.0,0.0,1.3947001394700138,0.0,2.7894002789400276,0.0,0.0,0.6973500697350069,0.0,0.0,1.3947001394700138,0.6973500697350069,0.0,0.0,1.3947001394700138,0.0,0.6973500697350069,0.6973500697350069,0.0,0.0,0.0,0.0,0.6973500697350069,0.0,0.6973500697350069,0.0,0.0,4.184100418410042,0.6973500697350069,1.3947001394700138,1.3947001394700138,0.6973500697350069,0.0,0.0,0.0,0.0,0.0,0.0,0.6973500697350069,0.6973500697350069,0.0,0.0,1.3947001394700138,0.6973500697350069,0.6973500697350069,0.6973500697350069,0.0,1.3947001394700138,1.3947001394700138,0.0,1.3947001394700138,0.0,0.6973500697350069,0.0,0.0,0.0,0.0,0.6973500697350069,0.0,0.6973500697350069,0.6973500697350069,0.0,1.3947001394700138,2.092050209205021,0.0,0.0,0.0,0.0,0.6973500697350069,0.0,1.3947001394700138,2.092050209205021,0.6973500697350069,0.0,0.6973500697350069,1.3947001394700138,0.0,0.0,0.0,1.3947001394700138,0.0,0.0,0.0,0.0,1.3947001394700138,0.0,0.0,0.0,0.0,0.0,0.0,0.6973500697350069,0.6973500697350069,2.092050209205021,0.6973500697350069,0.0,0.0,0.6973500697350069,1.3947001394700138,0.0,0.6973500697350069,0.0,0.0,0.6973500697350069,0.0,0.0,0.0,0.6973500697350069,0.0,0.0,0.6973500697350069,0.0,0.0,0.0,0.0,0.0,0.6973500697350069,0.0,2.092050209205021,0.6973500697350069,0.0,2.092050209205021,0.0
/Users/oksanagoncarova/Desktop/статьи написать/генерация статья/generated_docx_converted/23.docx,generated,23.docx,35.40045192066282,36.90685413005272,5.774541802661311,11.549083605322622,12.804418779814212,9.791614361034396,10.042681395932712,10.042681395932712,6.778809942254582,6.025608837559629,7.0298769771529,7.280944012051218,1.5064022093899072,2.0085362791865427,5.523474767762993,6.527742907356265,3.2638714536781324,5.523474767762993,2.510670348983178,13.306552849610846,1.5064022093899072,0.7532011046949536,4.519206628169721,4.519206628169721,1.255335174491589,3.0128044187798144,4.770273663068039,0.0,2.510670348983178,2.7617373838814965,2.2596033140848606,0.0,1.5064022093899072,1.255335174491589,0.0,4.268139593271403,1.757469244288225,2.510670348983178,1.5064022093899072,3.0128044187798144,0.7532011046949536,2.2596033140848606,0.0,0.7532011046949536,2.0085362791865427,1.757469244288225,0.0,1.0042681395932713,0.5021340697966357,1.757469244288225,4.017072558373085,0.7532011046949536,0.0,0.7532011046949536,1.5064022093899072,0.0,0.25106703489831783,1.757469244288225,0.5021340697966357,1.0042681395932713,0.5021340697966357,0.0,1.255335174491589,1.5064022093899072,0.7532011046949536,1.5064022093899072,1.757469244288225,0.0,2.7617373838814965,1.255335174491589,1.255335174491589,2.2596033140848606,0.0,4.519206628169721,0.25106703489831783,0.0,0.0,0.5021340697966357,0.5021340697966357,1.5064022093899072,0.25106703489831783,0.7532011046949536,0.25106703489831783,2.0085362791865427,1.757469244288225,2.0085362791865427,0.0,1.757469244288225,1.0042681395932713,0.7532011046949536,0.7532011046949536,0.5021340697966357,0.25106703489831783,1.0042681395932713,1.757469244288225,1.0042681395932713,0.0,1.0042681395932713,0.0,0.25106703489831783,1.255335174491589,1.255335174491589,2.7617373838814965,2.2596033140848606,0.0,0.5021340697966357,1.255335174491589,0.0,1.255335174491589,0.0,1.0042681395932713,1.0042681395932713,0.0,0.5021340697966357,0.5021340697966357,0.7532011046949536,0.0,1.0042681395932713,0.25106703489831783,0.0,0.5021340697966357,0.0,0.7532011046949536,0.25106703489831783,1.0042681395932713,1.757469244288225,0.5021340697966357,0.5021340697966357,0.0,0.25106703489831783,0.25106703489831783,0.25106703489831783,0.25106703489831783,0.0,2.2596033140848606,1.255335174491589,1.255335174491589,0.5021340697966357,0.25106703489831783,0.25106703489831783,0.0,0.7532011046949536,0.0,0.7532011046949536,0.0,0.0,0.0,0.5021340697966357,0.0,0.5021340697966357,0.25106703489831783,1.5064022093899072,0.0,2.7617373838814965,1.0042681395932713,0.0,0.0,1.0042681395932713,0.0,0.0,0.5021340697966357,0.25106703489831783,0.5021340697966357,0.0,0.5021340697966357,3.2638714536781324,0.0,0.0,0.7532011046949536,1.0042681395932713,0.0,0.25106703489831783,0.0,1.5064022093899072,0.0,0.0,0.0,0.0,0.5021340697966357,0.25106703489831783,0.25106703489831783,0.5021340697966357,0.0,1.255335174491589,0.7532011046949536,0.0,0.0,0.5021340697966357,0.0,0.25106703489831783,1.5064022093899072,0.7532011046949536,0.25106703489831783,0.0,1.255335174491589,0.0,0.0,0.0,0.25106703489831783,0.0
/Users/oksanagoncarova/Desktop/статьи написать/генерация статья/generated_docx_converted/24.docx,generated,24.docx,28.958430639887904,38.7669313404951,7.473143390938813,18.682858477347033,9.341429238673516,15.880429705744978,7.006071929005137,2.8024287716020555,6.071929005137786,13.5450723960766,7.940214852872489,4.203643157403083,4.203643157403083,2.335357309668379,7.940214852872489,0.9341429238673516,1.4012143858010278,0.0,4.670714619336758,0.4670714619336758,4.670714619336758,4.203643157403083,0.0,1.8682858477347033,1.4012143858010278,5.137786081270434,0.0,0.0,1.8682858477347033,0.0,2.8024287716020555,0.0,0.0,1.8682858477347033,1.8682858477347033,0.9341429238673516,0.9341429238673516,0.0,0.0,0.0,0.4670714619336758,2.335357309668379,0.0,4.670714619336758,3.7365716954694066,2.335357309668379,0.0,0.9341429238673516,0.9341429238673516,0.4670714619336758,0.0,0.9341429238673516,0.0,1.4012143858010278,0.0,2.335357309668379,1.8682858477347033,1.8682858477347033,3.269500233535731,0.4670714619336758,1.4012143858010278,0.0,1.8682858477347033,0.0,1.8682858477347033,0.9341429238673516,0.9341429238673516,1.4012143858010278,0.4670714619336758,0.0,0.4670714619336758,0.0,0.0,0.4670714619336758,0.9341429238673516,0.0,0.0,0.0,1.4012143858010278,1.8682858477347033,0.0,2.335357309668379,3.7365716954694066,0.4670714619336758,0.0,0.9341429238673516,0.9341429238673516,0.9341429238673516,0.0,0.0,0.0,0.9341429238673516,0.0,0.4670714619336758,0.4670714619336758,0.0,0.0,0.0,0.0,0.4670714619336758,0.4670714619336758,0.9341429238673516,0.0,0.9341429238673516,0.0,0.0,0.4670714619336758,0.0,0.9341429238673516,0.4670714619336758,3.7365716954694066,0.0,3.269500233535731,0.4670714619336758,0.4670714619336758,0.0,0.4670714619336758,0.9341429238673516,0.0,0.0,0.9341429238673516,9.341429238673516,0.9341429238673516,0.0,0.4670714619336758,0.4670714619336758,0.4670714619336758,0.0,0.0,0.0,0.4670714619336758,0.4670714619336758,0.0,2.8024287716020555,0.0,0.4670714619336758,0.0,0.0,1.8682858477347033,0.0,0.0,0.0,0.4670714619336758,1.4012143858010278,0.0,0.0,0.4670714619336758,0.4670714619336758,0.0,0.0,0.0,0.0,0.0,1.4012143858010278,0.9341429238673516,0.4670714619336758,0.0,0.4670714619336758,0.0,0.0,0.0,3.7365716954694066,0.4670714619336758,0.4670714619336758,0.0,0.0,0.0,0.4670714619336758,0.0,0.4670714619336758,0.0,0.4670714619336758,0.0,0.9341429238673516,0.0,0.0,0.4670714619336758,0.4670714619336758,0.4670714619336758,0.0,0.0,1.4012143858010278,3.7365716954694066,0.4670714619336758,0.9341429238673516,0.0,0.0,0.0,0.0,0.0,2.8024287716020555,0.0,0.4670714619336758,0.9341429238673516,0.0,0.0,0.0,1.4012143858010278,0.0,0.4670714619336758
/Users/oksanagoncarova/Desktop/статьи написать/генерация статья/generated_docx_converted/25.docx,generated,25.docx,37.6269621421976,30.932594644506,6.463527239150507,10.38781163434903,8.541089566020315,12.003693444136657,7.386888273314866,8.541089566020315,10.84949215143121,6.001846722068328,9.926131117266852,5.77100646352724,4.385964912280701,2.770083102493075,4.1551246537396125,7.617728531855956,2.308402585410896,4.385964912280701,3.693444136657433,5.77100646352724,4.616805170821792,0.4616805170821791,2.0775623268698062,2.5392428439519854,2.0775623268698062,2.0775623268698062,3.000923361034164,0.6925207756232687,1.154201292705448,2.0775623268698062,2.5392428439519854,0.0,1.6158818097876269,2.0775623268698062,0.4616805170821791,5.77100646352724,0.4616805170821791,2.0775623268698062,3.693444136657433,2.308402585410896,0.4616805170821791,2.0775623268698062,0.0,1.6158818097876269,1.8467220683287164,1.154201292705448,0.0,0.9233610341643582,0.23084025854108955,3.2317636195752537,0.23084025854108955,1.3850415512465375,0.0,3.000923361034164,1.6158818097876269,0.23084025854108955,0.6925207756232687,0.6925207756232687,1.3850415512465375,2.0775623268698062,1.6158818097876269,0.4616805170821791,2.0775623268698062,3.4626038781163433,2.0775623268698062,1.6158818097876269,1.6158818097876269,0.23084025854108955,3.000923361034164,1.8467220683287164,1.154201292705448,0.9233610341643582,0.0,0.6925207756232687,0.0,0.0,0.0,0.6925207756232687,0.23084025854108955,0.9233610341643582,6.001846722068328,0.0,0.23084025854108955,1.6158818097876269,0.23084025854108955,3.000923361034164,0.6925207756232687,0.4616805170821791,0.0,1.3850415512465375,0.6925207756232687,1.3850415512465375,0.0,2.5392428439519854,0.23084025854108955,3.4626038781163433,0.0,0.4616805170821791,0.0,1.154201292705448,1.3850415512465375,0.0,1.6158818097876269,1.3850415512465375,0.23084025854108955,0.0,1.3850415512465375,0.4616805170821791,0.4616805170821791,0.9233610341643582,0.9233610341643582,0.9233610341643582,0.0,0.23084025854108955,0.23084025854108955,1.154201292705448,0.9233610341643582,0.4616805170821791,0.23084025854108955,3.000923361034164,0.0,0.0,0.23084025854108955,0.0,1.3850415512465375,1.3850415512465375,0.6925207756232687,0.9233610341643582,0.0,0.0,2.308402585410896,0.23084025854108955,0.4616805170821791,0.6925207756232687,0.9233610341643582,0.0,0.23084025854108955,0.0,0.0,0.23084025854108955,0.0,0.4616805170821791,0.0,0.23084025854108955,0.0,0.0,0.23084025854108955,0.4616805170821791,0.0,0.23084025854108955,0.23084025854108955,0.4616805170821791,0.6925207756232687,0.9233610341643582,0.4616805170821791,0.0,0.4616805170821791,0.4616805170821791,0.0,0.23084025854108955,0.0,0.6925207756232687,0.0,0.0,0.4616805170821791,0.0,0.0,0.23084025854108955,0.4616805170821791,0.6925207756232687,0.0,1.154201292705448,0.0,0.6925207756232687,0.0,0.0,0.6925207756232687,0.0,0.4616805170821791,0.23084025854108955,0.9233610341643582,0.6925207756232687,1.6158818097876269,0.0,0.4616805170821791,0.0,0.23084025854108955,0.23084025854108955,0.23084025854108955,0.0,1.3850415512465375,0.4616805170821791,0.0,0.6925207756232687,1.154201292705448,0.23084025854108955,0.0,0.0,0.0,0.4616805170821791
/Users/oksanagoncarova/Desktop/статьи написать/генерация статья/generated_docx_converted/26.docx,generated,26.docx,45.662100456621005,25.570776255707763,13.394216133942162,7.001522070015221,12.480974124809741,2.73972602739726,9.1324200913242,3.3485540334855406,5.783866057838661,8.52359208523592,5.47945205479452,5.47945205479452,2.4353120243531206,3.9573820395738206,3.3485540334855406,1.82648401826484,2.13089802130898,1.5220700152207,1.82648401826484,0.91324200913242,3.65296803652968,3.3485540334855406,0.6088280060882801,3.3485540334855406,1.2176560121765603,0.0,0.0,1.2176560121765603,0.6088280060882801,0.0,1.2176560121765603,0.91324200913242,1.5220700152207,0.6088280060882801,1.2176560121765603,2.73972602739726,0.0,0.0,2.73972602739726,0.6088280060882801,5.47945205479452,0.91324200913242,0.0,3.0441400304414,0.6088280060882801,1.2176560121765603,5.175038051750381,1.2176560121765603,0.0,1.5220700152207,0.30441400304414007,1.82648401826484,0.91324200913242,0.6088280060882801,0.6088280060882801,2.73972602739726,2.13089802130898,0.91324200913242,0.6088280060882801,1.2176560121765603,1.2176560121765603,0.0,0.91324200913242,0.0,0.0,0.6088280060882801,0.6088280060882801,7.30593607305936,0.6088280060882801,1.5220700152207,0.6088280060882801,0.0,3.9573820395738206,0.30441400304414007,0.0,0.0,1.5220700152207,0.91324200913242,0.30441400304414007,0.0,0.6088280060882801,0.91324200913242,0.30441400304414007,0.6088280060882801,0.0,1.2176560121765603,0.30441400304414007,0.30441400304414007,1.2176560121765603,0.0,0.91324200913242,0.0,1.2176560121765603,0.0,0.30441400304414007,0.0,2.13089802130898,0.0,0.0,0.30441400304414007,0.0,0.0,0.0,0.91324200913242,2.73972602739726,5.783866057838661,0.6088280060882801,0.0,0.0,0.0,0.91324200913242,0.0,0.0,0.0,0.0,0.30441400304414007,0.0,0.30441400304414007,0.30441400304414007,0.0,0.0,0.0,0.91324200913242,0.0,0.91324200913242,0.0,0.30441400304414007,0.91324200913242,0.30441400304414007,0.6088280060882801,0.30441400304414007,0.91324200913242,0.30441400304414007,0.30441400304414007,0.0,0.6088280060882801,0.0,0.30441400304414007,0.6088280060882801,0.0,2.13089802130898,0.6088280060882801,0.0,0.30441400304414007,0.0,0.6088280060882801,0.0,0.6088280060882801,0.91324200913242,0.30441400304414007,0.30441400304414007,0.0,0.0,0.91324200913242,0.30441400304414007,0.30441400304414007,0.6088280060882801,0.0,0.91324200913242,0.30441400304414007,0.0,0.0,0.0,1.2176560121765603,0.0,0.0,0.30441400304414007,0.6088280060882801,0.30441400304414007,0.30441400304414007,0.30441400304414007,0.0,6.392694063926941,0.0,0.0,0.30441400304414007,0.6088280060882801,0.30441400304414007,0.30441400304414007,0.91324200913242,0.0,0.6088280060882801,0.0,0.6088280060882801,0.0,0.0,0.0,0.0,0.30441400304414007,1.2176560121765603,0.6088280060882801,0.0,0.30441400304414007,0.30441400304414007,0.6088280060882801,0.0,0.30441400304414007,0.30441400304414007,0.0,0.0
/Users/oksanagoncarova/Desktop/статьи написать/генерация статья/generated_docx_converted/27.docx,generated,27.docx,45.87155963302752,34.862385321100916,8.562691131498472,9.785932721712538,11.009174311926607,4.892966360856269,12.232415902140673,12.232415902140673,1.834862385321101,2.4464831804281344,4.281345565749236,2.4464831804281344,3.058103975535168,2.4464831804281344,3.669724770642202,3.058103975535168,4.892966360856269,1.834862385321101,2.4464831804281344,1.2232415902140672,3.669724770642202,2.4464831804281344,0.6116207951070336,0.6116207951070336,3.669724770642202,1.834862385321101,1.834862385321101,0.0,1.2232415902140672,1.2232415902140672,3.058103975535168,4.281345565749236,0.0,0.0,1.2232415902140672,1.2232415902140672,1.2232415902140672,1.2232415902140672,1.834862385321101,2.4464831804281344,0.6116207951070336,2.4464831804281344,0.0,5.5045871559633035,1.2232415902140672,1.2232415902140672,3.058103975535168,0.6116207951070336,0.6116207951070336,1.2232415902140672,1.2232415902140672,0.6116207951070336,0.0,0.6116207951070336,0.6116207951070336,2.4464831804281344,0.6116207951070336,0.0,2.4464831804281344,9.174311926605505,1.2232415902140672,0.0,1.834862385321101,1.2232415902140672,0.6116207951070336,1.2232415902140672,0.6116207951070336,2.4464831804281344,0.0,1.834862385321101,0.0,0.6116207951070336,1.834862385321101,0.0,0.0,0.0,0.0,0.0,0.0,2.4464831804281344,0.0,0.0,0.0,0.6116207951070336,0.6116207951070336,0.6116207951070336,1.2232415902140672,0.0,0.0,1.2232415902140672,1.834862385321101,2.4464831804281344,0.0,0.0,0.0,0.0,1.2232415902140672,0.0,0.0,0.0,0.6116207951070336,0.0,3.669724770642202,1.2232415902140672,1.834862385321101,0.0,0.6116207951070336,0.0,0.0,0.0,1.2232415902140672,0.0,3.058103975535168,0.6116207951070336,0.6116207951070336,1.2232415902140672,0.6116207951070336,0.0,0.0,0.6116207951070336,0.0,0.0,0.0,1.2232415902140672,0.6116207951070336,1.2232415902140672,0.6116207951070336,0.6116207951070336,0.0,0.6116207951070336,0.6116207951070336,0.0,0.0,0.0,0.6116207951070336,0.6116207951070336,0.0,1.2232415902140672,1.834862385321101,0.0,1.834862385321101,0.0,0.0,0.0,0.0,0.0,1.2232415902140672,0.6116207951070336,0.0,0.0,1.834862385321101,0.0,0.0,0.0,0.0,0.0,0.0,0.0,0.6116207951070336,0.0,0.0,0.0,0.6116207951070336,0.0,0.0,0.6116207951070336,0.0,3.058103975535168,0.0,0.0,0.0,0.0,0.0,0.0,0.0,1.834862385321101,0.0,1.834862385321101,0.0,2.4464831804281344,0.0,0.0,0.0,1.2232415902140672,0.6116207951070336,0.0,0.0,0.0,0.0,0.0,0.0,0.0,0.0,1.2232415902140672,0.0,0.0,0.0,0.0,0.0,0.0
/Users/oksanagoncarova/Desktop/статьи написать/генерация статья/generated_docx_converted/28.docx,generated,28.docx,43.90633315593401,42.30973922299095,9.579563597658328,6.120276742948376,14.635444385311336,3.7253858435337945,9.047365620010643,3.991484832357637,5.854177754124534,2.6609898882384244,7.450771687067589,2.12879191059074,3.459286854709952,7.184672698243746,6.652474720596062,1.3304949441192122,3.459286854709952,0.532197977647685,2.6609898882384244,0.532197977647685,2.394890899414582,3.459286854709952,1.8626929217668973,2.6609898882384244,1.06439595529537,1.06439595529537,0.532197977647685,9.579563597658328,0.532197977647685,2.927088877062267,2.12879191059074,0.2660989888238425,0.532197977647685,0.7982969664715274,2.12879191059074,3.7253858435337945,1.3304949441192122,0.532197977647685,3.991484832357637,1.06439595529537,5.588078765300692,1.5965939329430547,0.0,0.2660989888238425,0.2660989888238425,1.3304949441192122,1.5965939329430547,0.7982969664715274,1.06439595529537,2.6609898882384244,0.2660989888238425,0.7982969664715274,0.0,0.532197977647685,1.8626929217668973,2.12879191059074,2.12879191059074,1.06439595529537,0.2660989888238425,0.532197977647685,1.3304949441192122,4.5236828100053215,1.5965939329430547,0.532197977647685,1.3304949441192122,0.532197977647685,0.7982969664715274,2.927088877062267,0.0,0.7982969664715274,0.0,0.0,0.2660989888238425,0.2660989888238425,0.0,0.0,0.0,0.7982969664715274,0.0,0.532197977647685,1.8626929217668973,0.0,1.5965939329430547,0.2660989888238425,0.2660989888238425,1.06439595529537,1.5965939329430547,0.2660989888238425,5.055880787653007,0.532197977647685,0.7982969664715274,0.7982969664715274,0.2660989888238425,0.0,0.2660989888238425,1.06439595529537,3.7253858435337945,0.0,0.0,0.7982969664715274,0.7982969664715274,1.3304949441192122,0.532197977647685,0.7982969664715274,3.459286854709952,0.0,0.2660989888238425,0.532197977647685,0.0,0.0,0.2660989888238425,0.0,2.12879191059074,0.0,0.2660989888238425,0.532197977647685,1.8626929217668973,0.532197977647685,0.2660989888238425,0.2660989888238425,0.2660989888238425,0.0,0.7982969664715274,0.0,0.2660989888238425,0.0,1.3304949441192122,0.7982969664715274,2.12879191059074,0.0,0.532197977647685,0.532197977647685,0.0,2.6609898882384244,0.0,0.0,0.0,0.2660989888238425,0.0,0.2660989888238425,0.7982969664715274,0.2660989888238425,0.0,0.2660989888238425,0.0,0.2660989888238425,0.2660989888238425,0.2660989888238425,0.0,0.2660989888238425,2.394890899414582,0.532197977647685,0.532197977647685,0.0,0.0,0.0,1.3304949441192122,0.0,0.7982969664715274,0.0,0.2660989888238425,1.06439595529537,0.2660989888238425,0.0,0.7982969664715274,0.0,1.5965939329430547,0.0,0.0,0.532197977647685,2.6609898882384244,0.0,0.0,0.7982969664715274,0.2660989888238425,1.3304949441192122,0.0,0.2660989888238425,0.2660989888238425,0.532197977647685,0.2660989888238425,0.0,1.06439595529537,0.0,0.2660989888238425,0.0,0.0,0.2660989888238425,0.0,0.0,1.06439595529537,0.2660989888238425,0.532197977647685,0.7982969664715274,0.2660989888238425,0.0,1.8626929217668973,0.532197977647685,0.0,1.06439595529537
/Users/oksanagoncarova/Desktop/статьи написать/генерация статья/generated_docx_converted/29.docx,generated,29.docx,42.966983265490725,25.32790592492085,8.14111261872456,12.211668928086839,6.784260515603799,5.879692446856626,4.975124378109452,7.688828584350972,7.236544549977386,3.618272274988693,3.165988240615106,2.261420171867933,8.593396653098146,3.618272274988693,8.593396653098146,2.261420171867933,2.261420171867933,0.4522840343735866,1.3568521031207597,0.4522840343735866,2.7137042062415193,4.07055630936228,2.7137042062415193,2.261420171867933,1.8091361374943464,2.261420171867933,0.4522840343735866,0.0,0.0,0.0,1.3568521031207597,2.7137042062415193,1.3568521031207597,1.3568521031207597,2.7137042062415193,1.3568521031207597,1.3568521031207597,2.261420171867933,0.4522840343735866,0.0,1.8091361374943464,0.9045680687471732,0.0,0.4522840343735866,0.4522840343735866,0.9045680687471732,0.0,0.9045680687471732,0.4522840343735866,2.261420171867933,0.4522840343735866,1.8091361374943464,0.4522840343735866,4.522840343735866,2.261420171867933,0.0,0.0,1.3568521031207597,0.0,0.4522840343735866,0.9045680687471732,0.0,0.0,0.0,0.4522840343735866,0.9045680687471732,1.3568521031207597,0.0,1.3568521031207597,0.9045680687471732,0.4522840343735866,0.0,0.0,0.4522840343735866,0.4522840343735866,0.0,0.0,0.0,0.4522840343735866,0.4522840343735866,0.0,0.4522840343735866,0.0,0.4522840343735866,0.4522840343735866,0.4522840343735866,2.261420171867933,0.0,0.0,1.3568521031207597,0.4522840343735866,0.9045680687471732,1.8091361374943464,0.4522840343735866,0.0,0.9045680687471732,0.4522840343735866,0.0,0.0,0.4522840343735866,0.0,0.0,0.0,0.9045680687471732,0.0,0.0,0.4522840343735866,0.0,0.0,0.0,1.8091361374943464,0.4522840343735866,1.3568521031207597,0.4522840343735866,0.4522840343735866,0.0,2.261420171867933,0.4522840343735866,0.0,2.261420171867933,0.9045680687471732,0.0,0.0,0.9045680687471732,0.9045680687471732,0.0,2.261420171867933,0.4522840343735866,0.0,0.0,4.07055630936228,0.4522840343735866,0.0,0.0,0.0,0.9045680687471732,0.0,1.3568521031207597,0.0,0.0,4.07055630936228,0.0,0.0,0.0,0.4522840343735866,0.4522840343735866,0.0,0.0,0.0,0.0,0.4522840343735866,0.0,0.4522840343735866,0.0,0.4522840343735866,1.3568521031207597,2.261420171867933,0.0,1.3568521031207597,0.0,0.0,0.0,0.4522840343735866,0.0,0.0,0.0,0.0,1.3568521031207597,0.0,0.0,0.9045680687471732,0.0,0.0,0.0,0.4522840343735866,0.0,0.4522840343735866,0.4522840343735866,0.0,0.9045680687471732,0.0,0.0,0.0,0.0,0.9045680687471732,0.4522840343735866,0.0,0.0,0.9045680687471732,0.4522840343735866,0.0,0.4522840343735866,0.0,0.4522840343735866,0.0,0.0,0.0,0.4522840343735866,0.0,0.0
/Users/oksanagoncarova/Desktop/статьи написать/генерация статья/generated_docx_converted/3.docx,generated,3.docx,35.48277038553395,25.24735585124531,15.011941316956671,11.600136472193789,13.30603889457523,2.7294438758103037,5.8000682360968945,4.435346298191743,10.576595018764927,2.0470829068577276,4.435346298191743,4.776526782668031,3.7529853292391677,2.7294438758103037,5.8000682360968945,3.0706243602865912,2.3882633913340157,0.6823609689525759,1.3647219379051518,1.0235414534288638,3.7529853292391677,3.7529853292391677,1.7059024223814399,1.7059024223814399,2.0470829068577276,1.7059024223814399,1.7059024223814399,9.553053565336063,1.7059024223814399,1.3647219379051518,2.3882633913340157,0.0,2.0470829068577276,0.6823609689525759,1.7059024223814399,3.0706243602865912,2.3882633913340157,0.34118048447628796,1.7059024223814399,1.7059024223814399,4.094165813715455,2.0470829068577276,0.0,2.0470829068577276,2.0470829068577276,1.0235414534288638,0.0,1.0235414534288638,1.7059024223814399,1.0235414534288638,1.7059024223814399,1.7059024223814399,0.0,3.0706243602865912,2.0470829068577276,0.6823609689525759,0.0,0.34118048447628796,0.6823609689525759,0.34118048447628796,2.0470829068577276,5.8000682360968945,2.0470829068577276,1.0235414534288638,0.34118048447628796,0.6823609689525759,1.7059024223814399,1.7059024223814399,1.3647219379051518,1.0235414534288638,0.6823609689525759,1.0235414534288638,0.34118048447628796,0.34118048447628796,0.34118048447628796,0.0,0.6823609689525759,0.34118048447628796,0.6823609689525759,1.0235414534288638,1.0235414534288638,0.0,0.34118048447628796,0.34118048447628796,0.34118048447628796,0.0,1.0235414534288638,0.34118048447628796,0.0,2.3882633913340157,0.34118048447628796,1.7059024223814399,0.0,2.7294438758103037,0.0,1.3647219379051518,3.4118048447628797,0.0,0.34118048447628796,1.3647219379051518,0.6823609689525759,1.7059024223814399,0.0,0.6823609689525759,1.0235414534288638,1.7059024223814399,1.0235414534288638,0.34118048447628796,1.0235414534288638,0.6823609689525759,0.34118048447628796,0.0,1.0235414534288638,0.34118048447628796,0.34118048447628796,1.0235414534288638,0.34118048447628796,0.6823609689525759,0.34118048447628796,3.7529853292391677,1.0235414534288638,0.0,0.34118048447628796,0.6823609689525759,0.6823609689525759,0.34118048447628796,0.0,0.6823609689525759,3.4118048447628797,0.0,1.0235414534288638,0.34118048447628796,0.0,0.0,1.3647219379051518,0.0,0.6823609689525759,0.34118048447628796,0.0,0.6823609689525759,0.6823609689525759,0.34118048447628796,5.8000682360968945,1.0235414534288638,0.0,0.6823609689525759,0.6823609689525759,0.34118048447628796,0.0,0.0,0.6823609689525759,0.34118048447628796,0.34118048447628796,0.0,0.34118048447628796,0.34118048447628796,0.6823609689525759,0.0,0.34118048447628796,0.0,0.0,0.0,2.3882633913340157,2.7294438758103037,1.0235414534288638,0.0,0.0,0.34118048447628796,1.7059024223814399,0.0,0.34118048447628796,0.34118048447628796,0.0,0.0,0.6823609689525759,0.6823609689525759,0.34118048447628796,0.34118048447628796,0.34118048447628796,0.34118048447628796,0.6823609689525759,0.0,0.0,0.34118048447628796,0.6823609689525759,0.0,0.0,0.0,0.34118048447628796,0.0,0.0,0.34118048447628796,0.0,0.34118048447628796,0.34118048447628796,0.6823609689525759,0.0,1.0235414534288638,0.0,0.6823609689525759
/Users/oksanagoncarova/Desktop/статьи написать/генерация статья/generated_docx_converted/30.docx,generated,30.docx,30.055817947617005,39.931300987548305,7.728638900815801,9.8754830399313,15.027908973808502,5.5817947617003005,6.011163589523401,2.1468441391155,6.869901245169601,7.299270072992701,5.1524259338772005,3.0055817947617003,5.5817947617003005,3.0055817947617003,3.4349506225848003,2.5762129669386002,3.0055817947617003,1.7174753112924002,3.8643194504079004,0.42936882782310004,1.2881064834693001,3.8643194504079004,0.8587376556462001,2.1468441391155,0.42936882782310004,0.0,0.8587376556462001,0.42936882782310004,0.42936882782310004,0.0,0.8587376556462001,0.0,0.0,0.42936882782310004,1.2881064834693001,1.2881064834693001,0.8587376556462001,0.8587376556462001,5.1524259338772005,0.0,2.1468441391155,0.42936882782310004,2.1468441391155,1.2881064834693001,1.2881064834693001,0.42936882782310004,0.0,5.5817947617003005,0.8587376556462001,1.7174753112924002,1.7174753112924002,0.42936882782310004,0.0,1.2881064834693001,0.42936882782310004,0.0,0.42936882782310004,0.42936882782310004,0.8587376556462001,0.42936882782310004,0.42936882782310004,0.42936882782310004,1.7174753112924002,0.8587376556462001,0.42936882782310004,0.0,0.0,0.0,0.0,1.7174753112924002,0.0,0.42936882782310004,0.0,1.2881064834693001,0.0,0.0,0.0,0.42936882782310004,0.0,0.42936882782310004,0.0,0.8587376556462001,0.42936882782310004,0.0,0.0,0.0,0.0,0.0,0.0,0.0,0.0,1.2881064834693001,0.0,1.2881064834693001,0.8587376556462001,0.0,2.1468441391155,0.0,0.0,0.42936882782310004,0.0,0.8587376556462001,0.42936882782310004,0.0,0.0,0.0,0.0,0.0,0.0,0.0,0.42936882782310004,0.8587376556462001,2.5762129669386002,1.2881064834693001,0.42936882782310004,0.0,0.0,0.0,2.1468441391155,0.0,0.0,0.42936882782310004,0.8587376556462001,0.0,0.42936882782310004,3.4349506225848003,0.42936882782310004,0.8587376556462001,0.0,0.0,3.0055817947617003,0.42936882782310004,0.0,0.8587376556462001,0.0,0.0,0.0,0.0,0.0,0.0,0.0,0.42936882782310004,0.0,0.0,3.4349506225848003,0.8587376556462001,0.42936882782310004,0.0,0.0,0.0,0.0,0.0,0.42936882782310004,0.42936882782310004,0.0,0.0,2.1468441391155,0.0,0.42936882782310004,0.42936882782310004,0.0,1.2881064834693001,0.8587376556462001,0.0,0.42936882782310004,0.0,0.0,2.1468441391155,0.0,0.0,0.0,0.0,0.0,0.42936882782310004,0.0,0.42936882782310004,0.0,3.0055817947617003,0.0,0.0,0.0,0.0,0.0,0.42936882782310004,0.0,2.1468441391155,0.0,0.0,0.0,0.0,1.7174753112924002,0.8587376556462001,0.0,0.0,0.0,0.0,0.0,2.5762129669386002,0.0,0.0
/Users/oksanagoncarova/Desktop/статьи написать/генерация статья/generated_docx_converted/31.docx,generated,31.docx,37.00588730025231,36.164844407064756,7.008690776562938,8.971124194000561,4.4855620970002805,3.36417157275021,3.644519203812728,12.895991028875805,7.008690776562938,2.2427810485001403,4.4855620970002805,0.28034763106251753,11.2139052425007,1.4017381553125876,7.5693860386879726,3.924866834875245,1.9624334174376226,0.0,3.924866834875245,0.5606952621250351,2.2427810485001403,1.682085786375105,1.4017381553125876,3.36417157275021,1.1213905242500701,2.523128679562658,1.9624334174376226,0.5606952621250351,0.28034763106251753,0.8410428931875525,1.4017381553125876,0.28034763106251753,0.0,0.5606952621250351,3.924866834875245,0.8410428931875525,0.8410428931875525,0.0,3.36417157275021,0.0,0.8410428931875525,1.1213905242500701,0.0,0.8410428931875525,1.1213905242500701,2.523128679562658,0.0,4.205214465937763,3.36417157275021,1.682085786375105,0.8410428931875525,0.28034763106251753,0.0,0.5606952621250351,0.5606952621250351,0.8410428931875525,0.28034763106251753,0.5606952621250351,0.5606952621250351,0.0,1.1213905242500701,0.0,2.2427810485001403,0.28034763106251753,0.8410428931875525,0.5606952621250351,0.5606952621250351,0.8410428931875525,0.28034763106251753,1.4017381553125876,0.28034763106251753,0.28034763106251753,0.0,1.1213905242500701,1.4017381553125876,0.0,0.0,0.5606952621250351,0.28034763106251753,1.9624334174376226,0.0,1.4017381553125876,0.28034763106251753,0.5606952621250351,0.0,0.28034763106251753,2.2427810485001403,0.0,0.8410428931875525,0.28034763106251753,1.4017381553125876,0.0,0.0,0.0,0.28034763106251753,0.0,0.0,0.0,0.0,0.28034763106251753,0.28034763106251753,0.0,0.0,0.8410428931875525,0.0,0.28034763106251753,0.28034763106251753,2.523128679562658,1.4017381553125876,0.0,0.28034763106251753,1.1213905242500701,4.4855620970002805,0.28034763106251753,0.5606952621250351,0.5606952621250351,0.8410428931875525,1.1213905242500701,0.0,2.2427810485001403,0.0,0.0,1.1213905242500701,0.0,0.0,0.28034763106251753,0.8410428931875525,0.0,0.28034763106251753,0.0,1.1213905242500701,0.8410428931875525,0.0,0.0,0.0,0.28034763106251753,0.0,1.1213905242500701,0.0,0.28034763106251753,0.28034763106251753,0.0,9.251471825063078,0.0,0.28034763106251753,0.28034763106251753,0.5606952621250351,0.0,0.0,0.5606952621250351,0.5606952621250351,0.0,0.0,0.5606952621250351,0.28034763106251753,0.0,0.28034763106251753,0.0,0.5606952621250351,0.5606952621250351,1.682085786375105,0.28034763106251753,0.0,6.167647883375385,1.4017381553125876,0.28034763106251753,4.4855620970002805,0.0,0.28034763106251753,0.8410428931875525,0.0,0.8410428931875525,0.0,0.8410428931875525,0.8410428931875525,0.0,0.0,2.2427810485001403,0.28034763106251753,0.28034763106251753,0.8410428931875525,0.0,0.8410428931875525,0.5606952621250351,0.5606952621250351,0.0,0.28034763106251753,0.0,0.0,0.0,0.28034763106251753,1.682085786375105,0.28034763106251753,0.28034763106251753,1.4017381553125876,0.0,0.0,3.36417157275021,0.0,0.0
/Users/oksanagoncarova/Desktop/статьи написать/генерация статья/generated_docx_converted/32.docx,generated,32.docx,42.1417947446703,29.747149231531978,7.4367873078829945,8.924144769459593,21.81457610312345,10.411502231036193,15.369360436291522,2.478929102627665,6.941001487357461,6.941001487357461,6.4452156668319285,3.9662865642042635,4.95785820525533,2.974714923153198,5.949429846306396,2.974714923153198,1.9831432821021318,3.9662865642042635,4.4620723847297965,1.487357461576599,2.478929102627665,3.4705007436787305,3.4705007436787305,2.974714923153198,1.9831432821021318,0.0,1.9831432821021318,0.0,2.478929102627665,3.9662865642042635,0.9915716410510659,0.0,1.487357461576599,0.49578582052553294,0.0,0.9915716410510659,0.49578582052553294,0.49578582052553294,0.9915716410510659,0.0,1.487357461576599,0.9915716410510659,0.0,0.9915716410510659,0.9915716410510659,0.49578582052553294,0.0,0.9915716410510659,0.9915716410510659,0.49578582052553294,0.49578582052553294,0.0,0.0,0.49578582052553294,0.9915716410510659,1.487357461576599,1.487357461576599,0.0,0.0,0.0,0.0,0.49578582052553294,1.487357461576599,0.49578582052553294,0.49578582052553294,0.49578582052553294,1.9831432821021318,0.9915716410510659,0.49578582052553294,1.487357461576599,0.49578582052553294,0.49578582052553294,0.49578582052553294,0.0,1.487357461576599,0.0,0.0,0.0,0.0,0.9915716410510659,1.487357461576599,0.9915716410510659,0.0,0.49578582052553294,0.49578582052553294,0.0,0.0,0.49578582052553294,0.49578582052553294,0.49578582052553294,0.49578582052553294,0.49578582052553294,0.0,0.0,0.0,1.487357461576599,0.0,0.0,0.0,1.487357461576599,1.9831432821021318,0.0,0.0,0.0,0.9915716410510659,0.0,0.0,0.0,0.49578582052553294,0.0,0.0,0.49578582052553294,1.487357461576599,0.0,0.0,0.0,0.0,0.49578582052553294,0.0,0.0,0.0,0.9915716410510659,0.49578582052553294,0.49578582052553294,0.49578582052553294,0.0,0.49578582052553294,1.487357461576599,0.0,0.0,0.9915716410510659,0.0,0.0,0.49578582052553294,1.487357461576599,0.0,0.0,3.4705007436787305,0.0,1.487357461576599,0.0,0.49578582052553294,0.0,0.0,0.0,0.49578582052553294,0.0,0.49578582052553294,0.0,0.0,0.49578582052553294,0.49578582052553294,0.0,0.49578582052553294,0.49578582052553294,0.49578582052553294,0.9915716410510659,0.0,0.0,0.49578582052553294,0.0,0.49578582052553294,0.0,0.0,0.0,0.0,0.0,0.0,0.0,0.9915716410510659,0.49578582052553294,0.49578582052553294,0.0,0.49578582052553294,0.0,0.9915716410510659,0.9915716410510659,0.49578582052553294,0.49578582052553294,0.0,0.49578582052553294,0.0,0.0,0.0,1.487357461576599,0.0,0.0,0.0,0.49578582052553294,0.0,0.9915716410510659,0.49578582052553294,0.0,0.0,0.9915716410510659,0.0,0.0,0.49578582052553294,0.49578582052553294,0.0
/Users/oksanagoncarova/Desktop/статьи написать/генерация статья/generated_docx_converted/33.docx,generated,33.docx,29.795781720790092,46.53498493471711,9.70873786407767,9.373953799799128,8.034817542684968,7.365249414127887,8.034817542684968,2.343488449949782,8.369601606963508,6.6956812855708066,4.686976899899564,3.6826247070639435,9.70873786407767,1.004352192835621,7.700033478406428,1.3391362571141614,1.004352192835621,2.343488449949782,4.686976899899564,1.004352192835621,1.3391362571141614,4.017408771342484,3.3478406427854033,1.004352192835621,2.008704385671242,1.3391362571141614,1.6739203213927016,0.0,0.6695681285570807,1.3391362571141614,1.004352192835621,0.0,0.33478406427854035,2.008704385671242,2.678272514228323,0.6695681285570807,0.6695681285570807,0.6695681285570807,2.008704385671242,0.33478406427854035,0.6695681285570807,1.3391362571141614,0.0,1.004352192835621,2.008704385671242,2.008704385671242,0.0,0.33478406427854035,1.3391362571141614,0.33478406427854035,0.33478406427854035,0.6695681285570807,0.0,2.008704385671242,0.6695681285570807,2.008704385671242,0.6695681285570807,0.0,1.004352192835621,0.33478406427854035,1.004352192835621,0.0,0.33478406427854035,0.6695681285570807,1.3391362571141614,0.0,0.33478406427854035,0.33478406427854035,0.0,0.6695681285570807,2.008704385671242,0.0,0.0,0.0,6.026113157013726,0.0,0.0,0.33478406427854035,0.0,0.6695681285570807,0.0,0.6695681285570807,0.0,0.6695681285570807,0.0,0.33478406427854035,3.013056578506863,0.33478406427854035,0.0,0.33478406427854035,0.6695681285570807,0.6695681285570807,0.0,0.0,0.33478406427854035,0.33478406427854035,0.0,0.0,0.0,1.004352192835621,0.33478406427854035,1.6739203213927016,0.33478406427854035,0.6695681285570807,0.0,0.0,0.6695681285570807,0.0,1.3391362571141614,0.6695681285570807,1.004352192835621,1.6739203213927016,2.008704385671242,0.33478406427854035,0.0,0.6695681285570807,0.0,0.33478406427854035,0.33478406427854035,0.0,3.013056578506863,1.3391362571141614,1.004352192835621,2.343488449949782,0.33478406427854035,0.33478406427854035,2.343488449949782,1.3391362571141614,0.0,0.0,0.33478406427854035,3.013056578506863,0.0,2.678272514228323,0.0,0.33478406427854035,7.030465349849347,1.004352192835621,10.043521928356212,0.0,0.0,0.33478406427854035,0.0,0.0,0.0,1.004352192835621,0.33478406427854035,0.0,0.0,0.6695681285570807,0.6695681285570807,0.0,0.33478406427854035,0.6695681285570807,0.0,1.3391362571141614,0.6695681285570807,1.004352192835621,0.0,0.0,1.6739203213927016,1.3391362571141614,0.0,0.0,0.0,1.3391362571141614,3.6826247070639435,0.0,1.6739203213927016,0.0,0.0,0.33478406427854035,0.0,0.33478406427854035,1.004352192835621,1.004352192835621,0.33478406427854035,0.6695681285570807,1.3391362571141614,0.0,0.0,0.0,0.6695681285570807,0.33478406427854035,0.6695681285570807,0.0,0.33478406427854035,0.0,1.3391362571141614,0.0,0.6695681285570807,1.6739203213927016,1.6739203213927016,0.33478406427854035,0.0,0.33478406427854035,0.0,2.008704385671242,0.33478406427854035,0.0
/Users/oksanagoncarova/Desktop/статьи написать/генерация статья/generated_docx_converted/34.docx,generated,34.docx,53.59477124183006,24.400871459694986,16.122004357298476,7.8431372549019605,14.37908496732026,5.228758169934641,13.507625272331154,5.228758169934641,6.100217864923747,6.9716775599128535,4.793028322440088,4.793028322440088,4.357298474945535,4.357298474945535,7.407407407407407,1.3071895424836601,0.43572984749455335,2.1786492374727673,1.7429193899782134,0.8714596949891067,2.1786492374727673,5.228758169934641,4.357298474945535,2.6143790849673203,1.7429193899782134,1.3071895424836601,3.0501089324618733,0.43572984749455335,2.1786492374727673,1.3071895424836601,3.0501089324618733,0.0,0.43572984749455335,0.43572984749455335,1.3071895424836601,0.8714596949891067,0.43572984749455335,0.0,3.0501089324618733,0.43572984749455335,3.9215686274509802,2.6143790849673203,0.43572984749455335,1.3071895424836601,1.3071895424836601,0.0,5.228758169934641,0.43572984749455335,1.3071895424836601,1.7429193899782134,3.9215686274509802,1.7429193899782134,0.0,0.8714596949891067,0.43572984749455335,1.7429193899782134,0.8714596949891067,1.3071895424836601,0.43572984749455335,0.0,0.0,0.43572984749455335,0.0,1.7429193899782134,0.0,1.3071895424836601,1.3071895424836601,1.3071895424836601,1.7429193899782134,0.8714596949891067,0.43572984749455335,0.0,12.200435729847493,0.43572984749455335,0.0,0.0,0.0,0.0,0.43572984749455335,0.0,1.7429193899782134,0.8714596949891067,0.0,0.8714596949891067,0.0,0.43572984749455335,0.8714596949891067,0.8714596949891067,2.1786492374727673,0.0,1.3071895424836601,0.8714596949891067,0.0,0.0,0.43572984749455335,1.7429193899782134,0.8714596949891067,1.3071895424836601,0.0,1.3071895424836601,0.0,2.1786492374727673,0.0,2.1786492374727673,0.43572984749455335,0.43572984749455335,0.43572984749455335,0.43572984749455335,0.8714596949891067,0.0,0.0,0.0,1.7429193899782134,0.43572984749455335,0.0,0.8714596949891067,0.43572984749455335,0.0,0.43572984749455335,0.0,0.0,0.0,0.43572984749455335,0.43572984749455335,0.8714596949891067,0.0,0.0,0.43572984749455335,0.43572984749455335,0.43572984749455335,0.0,0.0,0.0,0.0,0.43572984749455335,1.7429193899782134,0.0,1.3071895424836601,0.0,0.43572984749455335,0.0,1.3071895424836601,0.0,0.0,0.0,0.43572984749455335,0.43572984749455335,1.7429193899782134,0.0,0.0,0.0,0.0,0.0,0.43572984749455335,0.43572984749455335,0.43572984749455335,1.3071895424836601,0.0,0.8714596949891067,0.0,0.0,0.0,0.0,0.0,0.43572984749455335,0.0,0.0,0.0,0.0,1.7429193899782134,0.0,0.43572984749455335,0.0,0.0,0.43572984749455335,0.0,0.0,0.0,0.0,0.0,0.8714596949891067,0.0,0.0,0.8714596949891067,0.8714596949891067,0.0,0.0,0.0,0.0,0.0,0.0,0.0,0.0,2.6143790849673203,0.0,0.8714596949891067,0.0,0.0,1.3071895424836601,0.0
/Users/oksanagoncarova/Desktop/статьи написать/генерация статья/generated_docx_converted/35.docx,generated,35.docx,39.47087689353531,24.74930659270322,16.428419031363347,10.454448474503947,8.534243652656283,9.174311926605505,10.88116065713676,4.267121826328141,3.4136974610625135,6.827394922125027,5.120546191593769,6.827394922125027,4.480477917644549,1.7068487305312567,6.187326648175805,1.7068487305312567,2.346917004480478,1.7068487305312567,5.333902282910177,0.4267121826328142,2.346917004480478,4.907190100277363,4.907190100277363,1.2801365478984423,1.9202048218476637,2.346917004480478,1.0667804565820354,0.0,1.4934926392148495,1.2801365478984423,1.7068487305312567,0.2133560913164071,0.6400682739492212,2.1335609131640707,0.8534243652656284,0.8534243652656284,1.7068487305312567,0.8534243652656284,2.5602730957968847,0.6400682739492212,2.986985278429699,1.4934926392148495,0.0,0.8534243652656284,1.4934926392148495,1.0667804565820354,0.0,1.9202048218476637,2.1335609131640707,1.7068487305312567,0.6400682739492212,0.4267121826328142,2.1335609131640707,1.0667804565820354,0.4267121826328142,0.8534243652656284,0.4267121826328142,1.4934926392148495,0.0,6.187326648175805,0.4267121826328142,0.0,0.8534243652656284,0.8534243652656284,2.1335609131640707,0.6400682739492212,1.0667804565820354,0.2133560913164071,0.2133560913164071,0.6400682739492212,1.0667804565820354,0.6400682739492212,0.0,1.4934926392148495,0.6400682739492212,0.4267121826328142,0.0,0.6400682739492212,0.6400682739492212,1.0667804565820354,0.6400682739492212,0.0,0.2133560913164071,0.2133560913164071,0.0,0.2133560913164071,0.4267121826328142,0.4267121826328142,0.4267121826328142,0.8534243652656284,0.0,1.2801365478984423,1.2801365478984423,0.0,0.4267121826328142,1.7068487305312567,0.0,0.0,0.0,0.4267121826328142,0.4267121826328142,0.8534243652656284,0.2133560913164071,0.4267121826328142,0.0,0.0,1.2801365478984423,0.0,1.0667804565820354,0.0,1.4934926392148495,0.4267121826328142,0.2133560913164071,0.2133560913164071,1.4934926392148495,0.2133560913164071,0.2133560913164071,0.0,0.8534243652656284,0.4267121826328142,0.6400682739492212,0.0,2.986985278429699,0.2133560913164071,0.8534243652656284,0.4267121826328142,0.8534243652656284,0.2133560913164071,0.0,0.2133560913164071,0.4267121826328142,0.4267121826328142,0.0,0.4267121826328142,0.8534243652656284,0.2133560913164071,0.4267121826328142,0.4267121826328142,0.4267121826328142,0.2133560913164071,0.0,0.4267121826328142,0.0,0.4267121826328142,0.0,0.0,0.0,1.0667804565820354,0.0,0.0,0.6400682739492212,0.0,1.4934926392148495,0.4267121826328142,0.8534243652656284,0.6400682739492212,0.2133560913164071,0.2133560913164071,0.8534243652656284,0.0,0.0,0.6400682739492212,0.6400682739492212,0.0,0.0,0.2133560913164071,0.0,0.0,0.0,0.0,0.0,0.0,0.0,0.6400682739492212,0.0,0.0,0.2133560913164071,0.2133560913164071,0.6400682739492212,1.2801365478984423,0.4267121826328142,0.0,0.2133560913164071,0.0,1.2801365478984423,0.0,0.2133560913164071,0.2133560913164071,0.6400682739492212,1.9202048218476637,1.4934926392148495,0.4267121826328142,0.0,1.7068487305312567,0.0,0.2133560913164071,0.4267121826328142,0.2133560913164071,0.2133560913164071,0.4267121826328142
/Users/oksanagoncarova/Desktop/статьи написать/генерация статья/generated_docx_converted/36.docx,generated,36.docx,29.985443959243085,40.46579330422125,7.278020378457059,8.73362445414847,10.480349344978166,7.569141193595342,6.695778748180495,2.6200873362445414,12.518195050946142,8.151382823871907,5.822416302765648,3.2023289665211063,4.075691411935954,5.822416302765648,5.240174672489083,2.911208151382824,4.949053857350801,3.784570596797671,7.278020378457059,0.5822416302765648,1.1644832605531297,1.455604075691412,1.1644832605531297,0.8733624454148472,0.5822416302765648,0.2911208151382824,1.455604075691412,0.0,2.911208151382824,0.5822416302765648,1.7467248908296944,1.7467248908296944,1.455604075691412,0.0,2.911208151382824,1.1644832605531297,1.7467248908296944,0.8733624454148472,3.784570596797671,0.0,2.037845705967977,1.7467248908296944,2.911208151382824,0.8733624454148472,4.366812227074235,5.240174672489083,0.0,4.366812227074235,3.2023289665211063,0.2911208151382824,2.911208151382824,0.5822416302765648,0.0,1.1644832605531297,0.2911208151382824,1.455604075691412,1.1644832605531297,0.5822416302765648,1.1644832605531297,0.0,2.911208151382824,0.0,0.5822416302765648,0.2911208151382824,0.2911208151382824,0.8733624454148472,1.1644832605531297,0.8733624454148472,0.0,2.037845705967977,1.1644832605531297,0.2911208151382824,0.0,0.8733624454148472,0.0,0.0,0.2911208151382824,1.1644832605531297,0.0,0.2911208151382824,0.0,0.8733624454148472,4.075691411935954,0.2911208151382824,0.0,0.0,0.8733624454148472,0.2911208151382824,0.5822416302765648,0.5822416302765648,0.5822416302765648,0.5822416302765648,0.0,1.1644832605531297,2.3289665211062593,0.0,0.8733624454148472,0.0,0.0,0.0,0.2911208151382824,1.455604075691412,0.8733624454148472,0.0,0.0,0.0,0.5822416302765648,2.3289665211062593,0.5822416302765648,0.0,0.8733624454148472,0.0,0.2911208151382824,0.5822416302765648,1.1644832605531297,0.5822416302765648,0.8733624454148472,1.1644832605531297,0.5822416302765648,0.5822416302765648,0.0,1.7467248908296944,0.2911208151382824,1.1644832605531297,1.455604075691412,1.1644832605531297,1.1644832605531297,0.0,0.0,0.0,3.493449781659389,1.1644832605531297,0.0,0.0,0.8733624454148472,0.0,0.0,1.7467248908296944,0.0,0.0,0.2911208151382824,0.0,0.0,0.0,4.657933042212519,0.0,0.8733624454148472,0.0,1.455604075691412,0.0,1.1644832605531297,0.0,0.0,0.2911208151382824,0.2911208151382824,0.8733624454148472,0.8733624454148472,0.0,0.8733624454148472,0.8733624454148472,0.2911208151382824,1.7467248908296944,0.0,0.0,0.0,0.0,0.2911208151382824,0.5822416302765648,0.0,0.0,0.0,0.0,0.2911208151382824,1.1644832605531297,1.7467248908296944,2.3289665211062593,0.2911208151382824,0.0,1.1644832605531297,0.0,0.0,0.0,0.0,0.2911208151382824,0.0,4.949053857350801,0.2911208151382824,0.0,0.2911208151382824,0.0,0.0,0.2911208151382824,0.5822416302765648,0.0,0.8733624454148472,0.0,0.0,0.5822416302765648,0.0,0.0
/Users/oksanagoncarova/Desktop/статьи написать/генерация статья/generated_docx_converted/37.docx,generated,37.docx,31.959629941126998,26.07232968881413,8.410428931875526,8.410428931875526,8.410428931875526,4.205214465937763,6.307821698906644,3.7846930193439863,6.72834314550042,5.046257359125316,4.625735912531539,0.8410428931875525,3.7846930193439863,3.7846930193439863,5.466778805719091,0.8410428931875525,2.943650126156434,3.36417157275021,4.625735912531539,0.8410428931875525,0.8410428931875525,2.1026072329688814,2.1026072329688814,1.682085786375105,2.523128679562658,1.682085786375105,2.1026072329688814,0.42052144659377627,1.261564339781329,0.8410428931875525,1.682085786375105,3.7846930193439863,0.42052144659377627,0.42052144659377627,0.42052144659377627,1.682085786375105,0.0,0.42052144659377627,1.261564339781329,0.0,6.307821698906644,1.682085786375105,3.36417157275021,0.42052144659377627,1.682085786375105,1.261564339781329,0.8410428931875525,1.261564339781329,0.8410428931875525,1.682085786375105,1.261564339781329,0.42052144659377627,6.72834314550042,0.42052144659377627,0.0,0.0,0.42052144659377627,1.261564339781329,1.682085786375105,1.682085786375105,1.261564339781329,0.0,1.261564339781329,0.0,0.0,2.1026072329688814,0.42052144659377627,0.42052144659377627,0.0,0.0,1.261564339781329,0.8410428931875525,0.42052144659377627,0.0,4.205214465937763,0.0,0.0,0.0,0.0,0.0,0.0,0.42052144659377627,0.0,0.42052144659377627,0.0,0.42052144659377627,0.42052144659377627,0.42052144659377627,0.8410428931875525,0.42052144659377627,0.42052144659377627,0.0,5.046257359125316,0.8410428931875525,0.42052144659377627,0.0,1.682085786375105,0.42052144659377627,0.0,0.0,0.42052144659377627,0.0,0.0,0.0,0.0,0.8410428931875525,1.261564339781329,0.0,0.8410428931875525,0.42052144659377627,1.261564339781329,0.0,0.8410428931875525,0.0,1.682085786375105,0.8410428931875525,1.261564339781329,0.42052144659377627,0.0,0.0,0.42052144659377627,0.42052144659377627,1.261564339781329,0.42052144659377627,0.42052144659377627,0.42052144659377627,0.42052144659377627,0.42052144659377627,0.0,0.42052144659377627,0.0,2.1026072329688814,0.0,0.42052144659377627,0.0,0.0,0.0,0.0,0.8410428931875525,0.42052144659377627,1.261564339781329,0.42052144659377627,0.0,0.42052144659377627,5.466778805719091,0.42052144659377627,0.8410428931875525,0.0,0.42052144659377627,0.8410428931875525,0.42052144659377627,0.0,0.42052144659377627,0.42052144659377627,0.8410428931875525,1.261564339781329,0.42052144659377627,0.0,0.8410428931875525,0.0,0.0,0.0,0.42052144659377627,0.0,0.8410428931875525,0.8410428931875525,0.0,1.261564339781329,0.0,0.42052144659377627,0.42052144659377627,0.42052144659377627,1.261564339781329,0.0,0.0,0.0,0.0,0.8410428931875525,0.8410428931875525,0.0,0.0,0.0,0.0,0.0,0.8410428931875525,4.205214465937763,0.0,0.0,1.261564339781329,0.8410428931875525,1.682085786375105,0.8410428931875525,0.0,0.0,0.8410428931875525,0.0,0.8410428931875525,0.42052144659377627,0.0,0.0
/Users/oksanagoncarova/Desktop/статьи написать/генерация статья/generated_docx_converted/38.docx,generated,38.docx,37.12770297837617,31.007751937984494,19.175846593227256,17.95185638514892,15.095879232966135,8.97592819257446,9.383924928600571,2.4479804161566707,1.2239902080783354,9.791921664626683,3.6719706242350063,6.119951040391677,2.8559771521827826,7.751937984496124,4.8959608323133414,3.6719706242350063,0.8159934720522236,0.0,2.8559771521827826,0.8159934720522236,0.8159934720522236,0.0,1.2239902080783354,2.4479804161566707,2.8559771521827826,1.6319869441044472,0.0,0.0,3.2639738882088944,0.8159934720522236,3.6719706242350063,0.0,0.0,1.2239902080783354,0.8159934720522236,1.2239902080783354,0.8159934720522236,2.039983680130559,2.039983680130559,0.0,3.2639738882088944,2.8559771521827826,0.0,1.2239902080783354,0.8159934720522236,0.8159934720522236,0.0,4.079967360261118,6.119951040391677,1.2239902080783354,1.6319869441044472,1.2239902080783354,0.0,0.4079967360261118,0.0,0.4079967360261118,5.303957568339453,0.8159934720522236,1.2239902080783354,0.8159934720522236,2.039983680130559,1.2239902080783354,4.079967360261118,0.4079967360261118,1.6319869441044472,0.4079967360261118,0.8159934720522236,0.8159934720522236,0.4079967360261118,0.4079967360261118,0.0,0.8159934720522236,0.0,2.039983680130559,0.0,0.0,0.0,2.8559771521827826,0.4079967360261118,1.6319869441044472,0.0,0.8159934720522236,0.4079967360261118,0.4079967360261118,0.0,0.4079967360261118,0.0,0.0,0.4079967360261118,0.8159934720522236,0.8159934720522236,0.4079967360261118,0.0,1.2239902080783354,0.4079967360261118,0.0,3.6719706242350063,0.0,36.719706242350064,0.8159934720522236,0.4079967360261118,0.8159934720522236,0.4079967360261118,0.0,0.0,0.0,0.8159934720522236,1.6319869441044472,0.4079967360261118,0.0,0.0,1.2239902080783354,1.2239902080783354,0.0,0.0,0.8159934720522236,0.8159934720522236,0.8159934720522236,0.4079967360261118,0.8159934720522236,0.0,0.0,1.2239902080783354,0.0,0.0,0.0,0.0,0.4079967360261118,0.0,0.0,0.8159934720522236,0.8159934720522236,0.4079967360261118,0.0,0.0,0.0,0.0,0.8159934720522236,0.0,0.4079967360261118,0.0,0.0,0.0,0.0,0.0,0.0,0.4079967360261118,0.0,0.4079967360261118,0.0,0.8159934720522236,0.0,0.4079967360261118,4.079967360261118,1.6319869441044472,0.0,0.0,0.4079967360261118,0.0,0.0,0.0,0.8159934720522236,0.0,0.0,0.0,1.6319869441044472,0.0,0.0,0.0,0.0,0.4079967360261118,0.4079967360261118,0.0,0.0,0.0,3.2639738882088944,0.0,1.2239902080783354,0.4079967360261118,0.4079967360261118,0.0,0.4079967360261118,0.8159934720522236,0.0,0.0,0.0,0.0,0.0,0.0,0.0,0.0,0.0,0.0,0.0,0.8159934720522236,0.0,0.0,0.4079967360261118,0.0,0.0
/Users/oksanagoncarova/Desktop/статьи написать/генерация статья/generated_docx_converted/39.docx,generated,39.docx,39.49293027791322,25.353486104339346,9.263773768893223,5.363237445148708,13.651877133105803,6.825938566552901,16.089712335446126,2.9254022428083863,3.4129692832764507,2.9254022428083863,6.825938566552901,8.288639687957094,3.4129692832764507,1.9502681618722573,3.9005363237445145,0.9751340809361286,4.388103364212579,1.4627011214041932,1.9502681618722573,2.9254022428083863,0.9751340809361286,2.9254022428083863,1.9502681618722573,0.0,2.4378352023403216,0.4875670404680643,0.9751340809361286,12.18917601170161,3.9005363237445145,2.4378352023403216,3.9005363237445145,4.388103364212579,1.9502681618722573,2.4378352023403216,1.9502681618722573,1.9502681618722573,1.4627011214041932,0.0,0.4875670404680643,1.9502681618722573,6.338371526084837,3.4129692832764507,0.0,0.9751340809361286,0.0,0.9751340809361286,0.0,5.850804485616773,0.9751340809361286,2.9254022428083863,0.9751340809361286,1.4627011214041932,0.4875670404680643,0.9751340809361286,0.9751340809361286,0.9751340809361286,1.9502681618722573,0.9751340809361286,0.9751340809361286,0.9751340809361286,0.9751340809361286,11.214041930765479,3.4129692832764507,0.0,0.0,0.9751340809361286,0.9751340809361286,2.4378352023403216,0.9751340809361286,1.9502681618722573,0.4875670404680643,0.4875670404680643,0.4875670404680643,0.4875670404680643,0.4875670404680643,0.4875670404680643,0.4875670404680643,0.9751340809361286,0.0,0.0,1.9502681618722573,0.4875670404680643,0.4875670404680643,0.4875670404680643,0.0,0.4875670404680643,0.9751340809361286,0.9751340809361286,0.4875670404680643,1.4627011214041932,0.9751340809361286,1.4627011214041932,0.0,0.4875670404680643,0.0,0.4875670404680643,5.850804485616773,0.0,0.0,1.4627011214041932,0.0,0.4875670404680643,0.4875670404680643,0.0,0.0,0.0,0.0,0.9751340809361286,0.4875670404680643,0.0,0.9751340809361286,0.4875670404680643,1.4627011214041932,0.4875670404680643,0.0,0.4875670404680643,0.9751340809361286,0.4875670404680643,0.0,0.9751340809361286,0.0,0.4875670404680643,0.0,0.0,0.4875670404680643,0.9751340809361286,0.0,0.4875670404680643,4.388103364212579,0.0,0.0,0.9751340809361286,0.0,0.0,0.4875670404680643,0.0,0.4875670404680643,0.4875670404680643,0.0,0.0,0.4875670404680643,0.4875670404680643,0.0,0.0,0.4875670404680643,0.4875670404680643,0.0,1.4627011214041932,0.9751340809361286,0.0,0.0,0.4875670404680643,1.9502681618722573,0.9751340809361286,0.4875670404680643,1.4627011214041932,1.9502681618722573,0.0,0.4875670404680643,0.0,0.0,0.9751340809361286,0.9751340809361286,0.0,0.4875670404680643,0.0,0.0,0.9751340809361286,0.0,0.0,0.0,0.0,0.0,0.0,0.9751340809361286,1.4627011214041932,0.0,0.0,0.0,0.9751340809361286,0.0,0.4875670404680643,0.0,0.0,0.0,0.4875670404680643,0.0,0.0,0.9751340809361286,0.0,0.4875670404680643,0.0,0.4875670404680643,0.9751340809361286,0.0,0.0,0.4875670404680643,0.4875670404680643,0.4875670404680643,0.4875670404680643
/Users/oksanagoncarova/Desktop/статьи написать/генерация статья/generated_docx_converted/4.docx,generated,4.docx,53.90143737166324,31.314168377823407,9.240246406570842,6.673511293634497,12.320328542094456,2.5667351129363447,7.186858316221766,4.620123203285421,4.620123203285421,6.673511293634497,5.133470225872689,6.160164271047228,4.106776180698152,3.593429158110883,6.673511293634497,1.540041067761807,1.026694045174538,0.513347022587269,1.026694045174538,1.026694045174538,0.0,1.540041067761807,1.540041067761807,0.513347022587269,1.540041067761807,2.053388090349076,1.026694045174538,0.0,1.026694045174538,1.026694045174538,3.080082135523614,0.0,0.513347022587269,0.513347022587269,2.053388090349076,1.540041067761807,1.540041067761807,1.026694045174538,1.540041067761807,0.0,2.053388090349076,3.080082135523614,0.0,0.513347022587269,0.0,3.593429158110883,4.106776180698152,0.513347022587269,0.0,1.026694045174538,1.540041067761807,1.026694045174538,0.0,0.513347022587269,2.5667351129363447,1.026694045174538,0.513347022587269,0.0,1.540041067761807,3.593429158110883,1.026694045174538,0.0,1.026694045174538,0.0,0.0,0.513347022587269,1.026694045174538,1.026694045174538,0.513347022587269,0.0,0.0,0.513347022587269,6.673511293634497,0.513347022587269,0.0,7.700205338809035,1.026694045174538,2.5667351129363447,0.513347022587269,0.0,1.026694045174538,0.513347022587269,0.0,0.0,1.026694045174538,0.513347022587269,2.053388090349076,1.026694045174538,0.513347022587269,0.513347022587269,0.513347022587269,2.053388090349076,1.540041067761807,0.0,0.0,0.0,0.0,0.513347022587269,0.0,0.0,1.026694045174538,0.513347022587269,0.0,0.0,2.053388090349076,0.513347022587269,0.513347022587269,0.0,0.0,0.0,0.0,0.0,0.513347022587269,0.0,1.026694045174538,0.513347022587269,0.513347022587269,0.513347022587269,0.0,0.0,0.513347022587269,0.513347022587269,0.0,1.026694045174538,1.026694045174538,0.513347022587269,1.026694045174538,0.0,0.0,0.513347022587269,0.0,0.0,0.0,0.0,0.513347022587269,1.026694045174538,0.0,0.513347022587269,0.0,0.0,0.513347022587269,0.513347022587269,0.0,0.0,0.0,0.513347022587269,0.0,1.026694045174538,1.540041067761807,0.0,1.540041067761807,0.513347022587269,0.513347022587269,0.0,0.513347022587269,0.513347022587269,0.0,0.0,0.513347022587269,0.0,0.513347022587269,0.0,0.0,0.0,0.513347022587269,0.513347022587269,0.0,0.0,0.0,0.0,2.053388090349076,0.0,0.513347022587269,1.026694045174538,0.0,1.540041067761807,1.540041067761807,0.0,0.0,1.026694045174538,0.0,0.0,0.0,0.0,0.0,0.0,0.513347022587269,0.0,0.513347022587269,0.0,0.0,0.0,0.513347022587269,0.0,0.0,0.0,3.593429158110883,0.513347022587269,0.0,0.0
/Users/oksanagoncarova/Desktop/статьи написать/генерация статья/generated_docx_converted/40.docx,generated,40.docx,46.09665427509294,25.46468401486989,13.940520446096654,10.966542750929369,11.152416356877323,10.037174721189592,6.133828996282528,13.011152416356877,5.204460966542751,8.550185873605948,5.5762081784386615,6.319702602230484,3.5315985130111525,2.41635687732342,2.7881040892193307,5.204460966542751,3.717472118959108,2.0446096654275094,6.133828996282528,2.0446096654275094,7.063197026022305,2.7881040892193307,2.41635687732342,2.973977695167286,0.7434944237918215,0.5576208178438662,1.3011152416356877,0.0,1.3011152416356877,0.7434944237918215,1.858736059479554,0.7434944237918215,1.486988847583643,2.973977695167286,0.0,2.0446096654275094,1.1152416356877324,1.3011152416356877,1.1152416356877324,1.858736059479554,0.7434944237918215,1.858736059479554,7.434944237918216,1.858736059479554,0.929368029739777,1.3011152416356877,0.0,0.7434944237918215,0.5576208178438662,2.7881040892193307,1.6728624535315986,0.18587360594795538,0.0,0.37174721189591076,2.7881040892193307,1.1152416356877324,1.858736059479554,1.486988847583643,1.6728624535315986,0.0,0.7434944237918215,0.0,1.858736059479554,1.486988847583643,0.0,1.858736059479554,0.7434944237918215,0.0,3.159851301115242,0.5576208178438662,0.5576208178438662,1.486988847583643,0.18587360594795538,0.929368029739777,0.18587360594795538,0.0,0.0,0.5576208178438662,0.37174721189591076,0.929368029739777,2.973977695167286,0.5576208178438662,0.0,0.37174721189591076,1.6728624535315986,1.486988847583643,0.0,0.5576208178438662,0.18587360594795538,0.5576208178438662,0.7434944237918215,1.3011152416356877,0.18587360594795538,0.18587360594795538,0.37174721189591076,0.7434944237918215,0.0,0.7434944237918215,0.0,0.7434944237918215,0.7434944237918215,0.37174721189591076,0.929368029739777,2.7881040892193307,0.0,0.18587360594795538,0.7434944237918215,0.18587360594795538,0.7434944237918215,0.0,0.37174721189591076,0.5576208178438662,0.0,0.37174721189591076,0.929368029739777,1.1152416356877324,7.806691449814126,1.1152416356877324,0.18587360594795538,0.0,1.1152416356877324,0.0,0.929368029739777,0.5576208178438662,0.37174721189591076,1.3011152416356877,0.0,0.18587360594795538,0.0,2.0446096654275094,0.0,0.5576208178438662,0.37174721189591076,0.0,2.41635687732342,1.1152416356877324,0.0,0.7434944237918215,0.0,0.37174721189591076,1.858736059479554,1.6728624535315986,0.0,0.7434944237918215,1.6728624535315986,0.0,0.18587360594795538,0.0,0.5576208178438662,0.7434944237918215,0.18587360594795538,0.5576208178438662,0.0,0.5576208178438662,0.18587360594795538,0.0,0.18587360594795538,0.18587360594795538,0.37174721189591076,0.0,0.5576208178438662,0.18587360594795538,0.18587360594795538,0.0,0.0,0.7434944237918215,0.18587360594795538,0.0,0.0,1.3011152416356877,0.0,0.929368029739777,0.0,1.3011152416356877,0.0,0.37174721189591076,2.2304832713754648,0.0,0.18587360594795538,0.0,0.929368029739777,4.089219330855019,0.0,0.18587360594795538,1.6728624535315986,1.6728624535315986,0.37174721189591076,0.18587360594795538,0.0,0.0,0.929368029739777,0.37174721189591076,0.37174721189591076,0.37174721189591076,0.0,0.0,0.0,0.0,1.486988847583643,0.929368029739777
/Users/oksanagoncarova/Desktop/статьи написать/генерация статья/generated_docx_converted/41.docx,generated,41.docx,33.46978088129064,32.747411509751984,14.688177221285818,6.982903924873585,8.668432458463762,14.206597640260053,6.742114134360703,8.186852877437996,11.076330363592584,7.46448350589935,5.538165181796292,6.019744762822056,0.7223693715386468,1.926318324103058,6.501324343847821,4.093426438718998,3.852636648206116,4.8157958102576455,7.46448350589935,5.056585600770528,2.4078979051288227,2.6486876956417045,5.056585600770528,0.4815795810257645,1.4447387430772936,0.4815795810257645,2.6486876956417045,0.0,0.963159162051529,1.4447387430772936,1.4447387430772936,3.1302672766674693,3.1302672766674693,4.093426438718998,0.0,3.6118468576932337,1.6855285335901757,2.1671081146159406,4.8157958102576455,2.1671081146159406,1.6855285335901757,1.4447387430772936,3.3710570671803515,0.7223693715386468,0.963159162051529,2.4078979051288227,0.0,0.963159162051529,0.24078979051288224,0.24078979051288224,3.6118468576932337,0.963159162051529,0.0,0.7223693715386468,1.2039489525644114,0.4815795810257645,1.2039489525644114,0.4815795810257645,0.7223693715386468,0.0,0.963159162051529,0.24078979051288224,1.2039489525644114,0.963159162051529,0.963159162051529,1.926318324103058,0.7223693715386468,0.0,2.1671081146159406,0.963159162051529,1.4447387430772936,2.1671081146159406,0.24078979051288224,2.4078979051288227,0.4815795810257645,0.0,0.24078979051288224,0.0,0.7223693715386468,3.1302672766674693,0.0,0.4815795810257645,0.0,0.963159162051529,1.6855285335901757,0.963159162051529,0.0,0.24078979051288224,1.6855285335901757,0.4815795810257645,0.7223693715386468,0.7223693715386468,0.0,1.6855285335901757,0.24078979051288224,0.0,1.4447387430772936,0.7223693715386468,0.0,1.4447387430772936,0.7223693715386468,0.963159162051529,0.4815795810257645,0.963159162051529,0.0,3.852636648206116,0.24078979051288224,0.24078979051288224,1.926318324103058,0.24078979051288224,0.4815795810257645,0.7223693715386468,0.24078979051288224,1.4447387430772936,2.889477486154587,0.7223693715386468,0.0,2.1671081146159406,1.2039489525644114,0.4815795810257645,0.4815795810257645,0.0,0.4815795810257645,0.24078979051288224,0.4815795810257645,2.1671081146159406,0.24078979051288224,0.963159162051529,0.0,4.093426438718998,0.4815795810257645,0.4815795810257645,0.4815795810257645,0.4815795810257645,0.963159162051529,0.4815795810257645,0.0,0.24078979051288224,0.0,0.4815795810257645,0.963159162051529,0.7223693715386468,0.0,0.24078979051288224,8.186852877437996,0.0,1.2039489525644114,0.24078979051288224,1.6855285335901757,0.4815795810257645,0.7223693715386468,1.4447387430772936,0.0,0.24078979051288224,0.7223693715386468,0.4815795810257645,0.4815795810257645,0.963159162051529,0.24078979051288224,0.0,0.7223693715386468,0.24078979051288224,0.24078979051288224,0.0,0.0,1.4447387430772936,0.0,2.1671081146159406,0.0,0.0,1.2039489525644114,0.24078979051288224,0.963159162051529,0.963159162051529,0.0,0.24078979051288224,0.24078979051288224,0.0,0.24078979051288224,0.7223693715386468,0.4815795810257645,0.0,0.963159162051529,0.24078979051288224,3.852636648206116,4.575006019744762,0.0,0.0,0.4815795810257645,0.0,1.2039489525644114,0.24078979051288224,0.24078979051288224,0.24078979051288224,0.4815795810257645,0.24078979051288224,0.0,0.0,0.963159162051529,0.0
/Users/oksanagoncarova/Desktop/статьи написать/генерация статья/generated_docx_converted/42.docx,generated,42.docx,35.91628959276018,29.41176470588235,13.574660633484163,13.291855203619908,9.332579185520363,11.029411764705882,5.090497737556562,9.332579185520363,7.070135746606335,5.656108597285067,6.221719457013574,3.3936651583710407,1.4140271493212668,0.5656108597285069,9.04977375565611,5.373303167420814,1.9796380090497736,1.6968325791855203,8.766968325791856,6.504524886877828,4.524886877828055,1.6968325791855203,4.807692307692308,3.110859728506787,2.8280542986425337,2.8280542986425337,2.545248868778281,0.0,1.6968325791855203,1.9796380090497736,1.6968325791855203,0.0,3.676470588235294,2.8280542986425337,0.5656108597285069,1.9796380090497736,1.4140271493212668,3.676470588235294,3.959276018099547,3.110859728506787,0.8484162895927602,1.9796380090497736,0.28280542986425344,2.8280542986425337,0.5656108597285069,2.2624434389140275,0.0,0.0,0.8484162895927602,1.9796380090497736,1.4140271493212668,3.3936651583710407,0.0,0.28280542986425344,2.545248868778281,0.28280542986425344,2.545248868778281,1.9796380090497736,0.5656108597285069,1.1312217194570138,0.8484162895927602,0.0,1.6968325791855203,1.4140271493212668,4.242081447963801,2.2624434389140275,0.28280542986425344,0.8484162895927602,2.545248868778281,0.8484162895927602,0.5656108597285069,1.9796380090497736,0.0,1.6968325791855203,0.0,0.0,6.221719457013574,0.8484162895927602,0.28280542986425344,1.4140271493212668,3.3936651583710407,0.28280542986425344,0.0,2.2624434389140275,1.6968325791855203,3.959276018099547,0.8484162895927602,0.8484162895927602,0.0,1.6968325791855203,0.28280542986425344,1.6968325791855203,0.0,1.6968325791855203,0.5656108597285069,3.959276018099547,0.0,1.6968325791855203,0.0,0.5656108597285069,0.8484162895927602,0.8484162895927602,1.1312217194570138,1.6968325791855203,0.0,0.0,0.28280542986425344,0.0,0.5656108597285069,0.8484162895927602,0.0,1.1312217194570138,0.0,0.28280542986425344,0.5656108597285069,0.8484162895927602,0.0,1.4140271493212668,1.1312217194570138,1.4140271493212668,1.6968325791855203,0.0,0.5656108597285069,0.8484162895927602,0.8484162895927602,0.0,0.28280542986425344,0.0,0.0,0.0,0.0,0.5656108597285069,1.6968325791855203,3.676470588235294,1.1312217194570138,0.5656108597285069,0.0,0.28280542986425344,0.0,0.0,0.0,0.28280542986425344,6.504524886877828,0.28280542986425344,0.0,1.1312217194570138,0.5656108597285069,0.28280542986425344,0.0,0.28280542986425344,1.4140271493212668,1.1312217194570138,0.0,0.8484162895927602,0.28280542986425344,0.0,0.0,0.5656108597285069,0.0,0.0,0.5656108597285069,0.28280542986425344,0.0,10.463800904977376,1.6968325791855203,1.6968325791855203,0.0,0.0,0.0,0.5656108597285069,0.0,1.1312217194570138,0.0,1.6968325791855203,0.0,0.28280542986425344,0.28280542986425344,0.0,0.8484162895927602,0.28280542986425344,1.1312217194570138,1.1312217194570138,3.110859728506787,0.0,1.1312217194570138,0.0,0.0,0.28280542986425344,0.0,0.0,0.0,2.2624434389140275,0.28280542986425344,0.5656108597285069,0.5656108597285069,0.0,0.28280542986425344,0.28280542986425344,0.28280542986425344,0.0
/Users/oksanagoncarova/Desktop/статьи написать/генерация статья/generated_docx_converted/43.docx,generated,43.docx,32.84457478005865,40.17595307917889,9.3841642228739,7.624633431085044,12.316715542521996,8.797653958944283,7.624633431085044,10.263929618768328,7.624633431085044,4.398826979472141,7.038123167155425,8.797653958944283,1.1730205278592376,1.1730205278592376,3.225806451612903,3.812316715542522,4.9853372434017595,9.970674486803519,2.932551319648094,5.278592375366569,0.5865102639296188,0.5865102639296188,4.105571847507331,2.346041055718475,1.1730205278592376,0.5865102639296188,2.6392961876832843,0.2932551319648094,3.812316715542522,1.466275659824047,3.225806451612903,16.129032258064516,6.451612903225806,0.8797653958944281,0.2932551319648094,3.5190615835777126,0.8797653958944281,4.105571847507331,0.5865102639296188,2.346041055718475,0.5865102639296188,3.5190615835777126,7.917888563049853,1.1730205278592376,1.7595307917888563,1.466275659824047,0.0,0.5865102639296188,0.5865102639296188,0.8797653958944281,2.6392961876832843,8.504398826979472,0.0,0.5865102639296188,0.5865102639296188,1.7595307917888563,1.1730205278592376,0.8797653958944281,2.6392961876832843,0.0,1.466275659824047,0.2932551319648094,0.8797653958944281,2.0527859237536656,0.5865102639296188,5.865102639296188,1.466275659824047,0.0,1.466275659824047,2.346041055718475,4.398826979472141,4.398826979472141,0.0,3.225806451612903,0.0,0.0,0.2932551319648094,0.0,0.0,0.5865102639296188,0.8797653958944281,0.5865102639296188,0.0,2.932551319648094,0.8797653958944281,0.5865102639296188,0.2932551319648094,0.0,0.2932551319648094,0.5865102639296188,0.2932551319648094,2.0527859237536656,0.0,0.2932551319648094,0.5865102639296188,0.2932551319648094,0.2932551319648094,4.105571847507331,0.0,2.932551319648094,0.5865102639296188,0.8797653958944281,1.1730205278592376,0.0,0.0,0.8797653958944281,0.2932551319648094,0.0,0.5865102639296188,0.5865102639296188,0.0,0.8797653958944281,0.0,1.1730205278592376,2.346041055718475,0.8797653958944281,0.0,0.8797653958944281,0.0,0.2932551319648094,0.5865102639296188,0.0,0.5865102639296188,0.0,0.2932551319648094,2.932551319648094,0.5865102639296188,1.7595307917888563,0.0,0.2932551319648094,0.2932551319648094,0.0,0.5865102639296188,0.0,0.2932551319648094,1.466275659824047,0.0,0.2932551319648094,0.0,0.0,0.2932551319648094,0.2932551319648094,0.0,0.5865102639296188,1.7595307917888563,0.5865102639296188,0.0,0.8797653958944281,3.812316715542522,0.2932551319648094,2.932551319648094,0.5865102639296188,0.8797653958944281,0.5865102639296188,1.466275659824047,0.0,1.7595307917888563,0.5865102639296188,0.0,0.0,0.0,0.5865102639296188,0.5865102639296188,0.0,1.1730205278592376,0.2932551319648094,0.0,2.0527859237536656,0.0,0.5865102639296188,0.2932551319648094,0.2932551319648094,0.0,0.5865102639296188,0.0,1.1730205278592376,0.8797653958944281,0.0,0.2932551319648094,1.7595307917888563,0.0,0.2932551319648094,0.8797653958944281,0.2932551319648094,0.5865102639296188,1.1730205278592376,0.0,0.2932551319648094,0.0,0.0,0.0,0.5865102639296188,0.5865102639296188,0.2932551319648094,0.2932551319648094,0.5865102639296188,0.2932551319648094,0.0,4.105571847507331,0.2932551319648094
/Users/oksanagoncarova/Desktop/статьи написать/генерация статья/generated_docx_converted/44.docx,generated,44.docx,35.87086488640893,28.098844161020327,7.971303308090873,7.57273814268633,10.96054204862495,9.764846552411319,4.982064567556796,11.159824631327222,8.569151056197688,8.967716221602233,5.380629732961339,9.166998804304503,2.5906735751295336,4.184934236747709,1.9928258270227182,3.387803905938621,3.387803905938621,8.170585890793145,5.579912315663611,5.181347150259067,1.3949780789159028,0.7971303308090874,6.576325229174969,1.3949780789159028,1.9928258270227182,0.9964129135113591,2.3913909924272616,0.3985651654045437,0.7971303308090874,1.3949780789159028,1.1956954962136308,0.7971303308090874,1.5942606616181747,3.587086488640893,0.3985651654045437,1.5942606616181747,1.1956954962136308,5.181347150259067,2.3913909924272616,1.7935432443204464,1.9928258270227182,1.1956954962136308,0.0,0.7971303308090874,0.9964129135113591,3.387803905938621,0.0,0.3985651654045437,0.19928258270227184,1.3949780789159028,2.3913909924272616,0.9964129135113591,0.0,0.5978477481068154,0.9964129135113591,1.7935432443204464,1.3949780789159028,1.1956954962136308,1.3949780789159028,0.3985651654045437,2.19210840972499,0.0,2.19210840972499,0.5978477481068154,0.0,2.19210840972499,0.9964129135113591,0.0,2.3913909924272616,0.7971303308090874,0.5978477481068154,1.3949780789159028,0.0,2.19210840972499,0.0,0.0,0.0,0.3985651654045437,0.7971303308090874,1.1956954962136308,3.9856516540454363,0.3985651654045437,0.0,2.3913909924272616,1.5942606616181747,0.5978477481068154,0.19928258270227184,0.5978477481068154,2.7899561578318055,0.5978477481068154,0.0,0.9964129135113591,0.0,0.19928258270227184,0.5978477481068154,4.782781984854523,1.1956954962136308,0.7971303308090874,0.0,1.9928258270227182,0.3985651654045437,1.9928258270227182,1.5942606616181747,0.7971303308090874,0.0,0.19928258270227184,0.7971303308090874,0.7971303308090874,0.19928258270227184,2.19210840972499,0.3985651654045437,0.3985651654045437,0.0,0.19928258270227184,0.7971303308090874,0.19928258270227184,0.19928258270227184,1.1956954962136308,0.19928258270227184,0.0,0.19928258270227184,0.3985651654045437,0.7971303308090874,0.9964129135113591,0.9964129135113591,1.7935432443204464,0.19928258270227184,0.0,0.19928258270227184,0.3985651654045437,0.0,0.19928258270227184,0.19928258270227184,0.0,0.7971303308090874,0.19928258270227184,0.3985651654045437,0.19928258270227184,0.0,0.0,0.3985651654045437,1.5942606616181747,0.0,2.3913909924272616,0.0,0.9964129135113591,0.19928258270227184,0.3985651654045437,1.5942606616181747,0.19928258270227184,0.3985651654045437,1.3949780789159028,0.0,0.7971303308090874,2.19210840972499,0.0,0.0,0.5978477481068154,0.0,0.7971303308090874,0.0,0.3985651654045437,0.19928258270227184,0.0,0.7971303308090874,0.19928258270227184,0.0,0.5978477481068154,0.0,0.0,0.7971303308090874,0.7971303308090874,0.5978477481068154,1.5942606616181747,0.0,0.19928258270227184,0.19928258270227184,0.0,0.3985651654045437,0.3985651654045437,0.3985651654045437,0.0,0.19928258270227184,0.0,0.3985651654045437,0.0,0.19928258270227184,0.0,0.0,0.0,0.3985651654045437,0.5978477481068154,0.3985651654045437,0.19928258270227184,0.19928258270227184,0.5978477481068154,0.0,0.19928258270227184,1.7935432443204464,0.0
/Users/oksanagoncarova/Desktop/статьи написать/генерация статья/generated_docx_converted/45.docx,generated,45.docx,44.090305444887115,26.029216467463478,13.014608233731739,11.686586985391767,9.030544488711818,4.515272244355909,4.780876494023904,14.873837981407702,11.952191235059761,8.233731739707835,4.515272244355909,3.7184594953519254,1.3280212483399734,2.390438247011952,6.905710491367862,4.515272244355909,1.5936254980079683,2.9216467463479416,3.7184594953519254,3.1872509960159365,4.780876494023904,2.6560424966799467,7.702523240371846,2.9216467463479416,1.0624169986719787,0.7968127490039841,1.3280212483399734,0.0,1.3280212483399734,2.9216467463479416,1.8592297476759627,0.2656042496679947,1.0624169986719787,1.0624169986719787,1.0624169986719787,2.390438247011952,0.7968127490039841,2.390438247011952,4.515272244355909,1.8592297476759627,1.0624169986719787,1.8592297476759627,0.7968127490039841,2.9216467463479416,0.5312084993359893,1.3280212483399734,1.5936254980079683,0.2656042496679947,0.0,1.0624169986719787,0.5312084993359893,1.3280212483399734,0.0,0.0,3.452855245683931,1.5936254980079683,1.0624169986719787,1.3280212483399734,1.0624169986719787,0.2656042496679947,2.390438247011952,0.0,1.8592297476759627,0.7968127490039841,0.7968127490039841,1.5936254980079683,0.5312084993359893,0.0,2.9216467463479416,0.5312084993359893,0.5312084993359893,1.3280212483399734,1.8592297476759627,2.1248339973439574,0.0,0.0,0.0,0.0,1.3280212483399734,1.0624169986719787,0.0,0.2656042496679947,0.0,2.1248339973439574,0.7968127490039841,1.3280212483399734,1.0624169986719787,0.5312084993359893,0.7968127490039841,0.5312084993359893,0.5312084993359893,1.5936254980079683,0.0,0.7968127490039841,1.0624169986719787,0.2656042496679947,1.0624169986719787,1.0624169986719787,0.0,1.3280212483399734,1.3280212483399734,0.7968127490039841,2.390438247011952,0.7968127490039841,2.390438247011952,0.2656042496679947,0.5312084993359893,0.2656042496679947,1.5936254980079683,0.2656042496679947,0.0,0.5312084993359893,0.0,0.5312084993359893,1.0624169986719787,0.2656042496679947,0.7968127490039841,1.5936254980079683,0.0,0.5312084993359893,0.2656042496679947,0.0,0.2656042496679947,1.5936254980079683,0.5312084993359893,1.3280212483399734,0.5312084993359893,0.5312084993359893,0.0,0.7968127490039841,0.2656042496679947,0.2656042496679947,0.0,0.7968127490039841,0.7968127490039841,0.5312084993359893,0.0,0.2656042496679947,0.0,0.2656042496679947,1.0624169986719787,1.5936254980079683,0.0,0.5312084993359893,2.9216467463479416,1.0624169986719787,0.2656042496679947,0.0,0.0,0.7968127490039841,1.0624169986719787,0.5312084993359893,0.5312084993359893,0.5312084993359893,0.5312084993359893,0.2656042496679947,0.2656042496679947,0.0,0.0,0.0,0.7968127490039841,0.0,0.0,0.0,0.2656042496679947,0.2656042496679947,0.0,0.2656042496679947,0.0,1.3280212483399734,0.5312084993359893,0.5312084993359893,0.0,0.7968127490039841,0.0,0.2656042496679947,0.5312084993359893,0.0,0.0,1.8592297476759627,0.2656042496679947,0.2656042496679947,0.5312084993359893,0.0,0.5312084993359893,0.2656042496679947,0.0,0.0,0.2656042496679947,0.0,0.0,0.7968127490039841,0.2656042496679947,0.2656042496679947,1.0624169986719787,0.0,0.2656042496679947,0.5312084993359893,0.5312084993359893,0.2656042496679947
/Users/oksanagoncarova/Desktop/статьи написать/генерация статья/generated_docx_converted/46.docx,generated,46.docx,41.59269591681461,36.52041592695917,9.383717981232564,6.847577986304844,14.202383971595232,7.60841998478316,5.579507988840984,7.862033984275932,10.398173979203653,5.579507988840984,7.354805985290388,4.311437991377124,2.5361399949277197,2.5361399949277197,2.282525995434948,2.789753994420492,2.282525995434948,4.0578239918843515,4.311437991377124,1.775297996449404,3.550595992898808,0.25361399949277197,2.282525995434948,1.775297996449404,1.775297996449404,0.5072279989855439,1.775297996449404,0.0,1.521683996956632,1.0144559979710879,1.2680699974638598,0.25361399949277197,1.521683996956632,1.521683996956632,0.25361399949277197,2.0289119959421757,1.775297996449404,2.0289119959421757,1.0144559979710879,2.282525995434948,2.5361399949277197,1.2680699974638598,0.0,2.282525995434948,1.2680699974638598,2.282525995434948,1.521683996956632,0.0,0.25361399949277197,2.0289119959421757,1.0144559979710879,0.760841998478316,0.0,0.0,2.282525995434948,1.0144559979710879,1.0144559979710879,2.5361399949277197,1.775297996449404,0.0,1.0144559979710879,0.25361399949277197,0.25361399949277197,1.2680699974638598,0.0,1.775297996449404,0.760841998478316,0.0,1.2680699974638598,0.5072279989855439,0.760841998478316,3.043367993913264,2.0289119959421757,2.789753994420492,0.0,0.0,0.25361399949277197,0.25361399949277197,0.25361399949277197,1.521683996956632,1.2680699974638598,0.0,0.0,1.775297996449404,1.2680699974638598,0.25361399949277197,0.25361399949277197,0.5072279989855439,0.5072279989855439,0.25361399949277197,0.760841998478316,0.760841998478316,0.0,0.25361399949277197,0.5072279989855439,1.0144559979710879,3.550595992898808,0.25361399949277197,0.0,1.2680699974638598,0.25361399949277197,0.25361399949277197,0.5072279989855439,0.760841998478316,0.25361399949277197,0.760841998478316,0.5072279989855439,0.5072279989855439,0.5072279989855439,0.25361399949277197,0.0,0.25361399949277197,0.0,0.5072279989855439,0.25361399949277197,1.0144559979710879,1.0144559979710879,0.25361399949277197,0.25361399949277197,0.0,1.521683996956632,0.0,0.0,1.0144559979710879,1.521683996956632,1.2680699974638598,0.25361399949277197,0.0,0.0,0.0,0.0,0.0,0.0,0.5072279989855439,1.2680699974638598,0.5072279989855439,0.5072279989855439,0.5072279989855439,1.2680699974638598,0.25361399949277197,1.0144559979710879,0.5072279989855439,0.0,1.0144559979710879,0.0,2.0289119959421757,0.25361399949277197,0.25361399949277197,0.0,0.760841998478316,0.5072279989855439,0.760841998478316,0.25361399949277197,1.0144559979710879,1.0144559979710879,1.2680699974638598,0.0,1.0144559979710879,0.0,0.0,0.0,0.25361399949277197,0.0,0.0,1.0144559979710879,0.25361399949277197,0.25361399949277197,0.0,0.760841998478316,0.760841998478316,0.5072279989855439,0.25361399949277197,0.0,2.282525995434948,0.0,0.5072279989855439,0.760841998478316,0.0,0.25361399949277197,0.0,0.25361399949277197,0.0,0.5072279989855439,0.25361399949277197,0.0,0.0,0.0,0.0,0.760841998478316,0.0,0.0,0.0,0.25361399949277197,0.5072279989855439,0.25361399949277197,0.0,0.0,0.0,3.550595992898808,1.0144559979710879
/Users/oksanagoncarova/Desktop/статьи написать/генерация статья/generated_docx_converted/5.docx,generated,5.docx,51.333668847508804,29.189733266230498,7.0457976849521895,8.5556114745848,32.20936084549572,3.5228988424760947,4.529441368897836,3.019627579265224,7.54906894816306,4.026170105686965,7.0457976849521895,7.0457976849521895,4.529441368897836,4.529441368897836,6.039255158530448,1.509813789632612,2.5163563160543534,3.019627579265224,2.5163563160543534,1.509813789632612,2.0130850528434827,0.0,4.529441368897836,2.5163563160543534,0.5032712632108707,0.5032712632108707,1.0065425264217414,0.5032712632108707,3.019627579265224,4.026170105686965,1.509813789632612,2.0130850528434827,1.509813789632612,0.5032712632108707,3.019627579265224,1.0065425264217414,2.0130850528434827,1.0065425264217414,1.509813789632612,1.509813789632612,2.5163563160543534,1.0065425264217414,0.0,0.5032712632108707,1.509813789632612,2.0130850528434827,4.529441368897836,0.5032712632108707,0.5032712632108707,2.0130850528434827,1.509813789632612,2.0130850528434827,0.0,0.5032712632108707,1.509813789632612,1.0065425264217414,0.5032712632108707,1.0065425264217414,3.019627579265224,1.0065425264217414,3.5228988424760947,0.0,1.0065425264217414,0.0,1.0065425264217414,1.509813789632612,2.0130850528434827,1.0065425264217414,0.0,1.0065425264217414,0.0,1.0065425264217414,25.666834423754402,0.0,0.0,0.0,0.0,0.5032712632108707,0.0,0.5032712632108707,0.5032712632108707,1.0065425264217414,0.5032712632108707,1.0065425264217414,0.0,0.5032712632108707,3.019627579265224,1.0065425264217414,4.529441368897836,0.5032712632108707,0.5032712632108707,0.0,1.0065425264217414,0.5032712632108707,0.0,0.5032712632108707,1.0065425264217414,0.0,0.0,1.509813789632612,0.0,0.5032712632108707,0.0,0.0,0.5032712632108707,0.0,0.5032712632108707,0.0,0.0,0.0,0.0,0.0,2.5163563160543534,0.0,0.0,0.5032712632108707,0.5032712632108707,0.0,1.0065425264217414,0.0,0.5032712632108707,0.0,0.0,1.0065425264217414,0.5032712632108707,0.5032712632108707,0.0,0.5032712632108707,0.0,0.0,0.5032712632108707,0.0,0.5032712632108707,0.0,0.5032712632108707,2.0130850528434827,0.0,1.0065425264217414,0.5032712632108707,0.0,1.0065425264217414,0.0,0.0,1.0065425264217414,0.0,1.509813789632612,0.0,1.0065425264217414,3.5228988424760947,0.0,2.0130850528434827,0.0,0.5032712632108707,0.5032712632108707,0.0,1.509813789632612,1.509813789632612,0.0,6.039255158530448,0.5032712632108707,0.0,0.0,1.509813789632612,0.0,2.5163563160543534,0.0,0.0,1.0065425264217414,0.0,0.0,0.5032712632108707,0.0,0.0,0.0,0.0,2.5163563160543534,1.509813789632612,1.509813789632612,0.0,0.0,0.0,0.5032712632108707,0.0,0.0,3.019627579265224,0.0,0.5032712632108707,0.0,1.0065425264217414,0.0,1.0065425264217414,0.5032712632108707,0.0,0.5032712632108707,0.5032712632108707,0.0,0.0,1.0065425264217414,1.509813789632612,0.5032712632108707
/Users/oksanagoncarova/Desktop/статьи написать/генерация статья/generated_docx_converted/6.docx,generated,6.docx,45.91836734693878,34.25655976676384,8.017492711370263,8.017492711370263,3.6443148688046647,6.559766763848397,9.475218658892128,4.373177842565598,8.746355685131196,2.9154518950437316,9.475218658892128,3.6443148688046647,5.1020408163265305,2.186588921282799,8.017492711370263,5.830903790087463,3.6443148688046647,1.4577259475218658,3.6443148688046647,0.7288629737609329,2.186588921282799,5.830903790087463,1.4577259475218658,2.186588921282799,0.7288629737609329,0.0,2.186588921282799,0.0,0.0,2.9154518950437316,0.0,0.0,1.4577259475218658,0.0,0.7288629737609329,2.186588921282799,0.7288629737609329,0.7288629737609329,2.186588921282799,0.0,0.0,0.0,0.0,2.186588921282799,0.7288629737609329,1.4577259475218658,0.7288629737609329,0.0,0.7288629737609329,0.7288629737609329,0.7288629737609329,0.7288629737609329,0.0,0.7288629737609329,2.186588921282799,2.186588921282799,0.7288629737609329,0.7288629737609329,0.0,6.559766763848397,1.4577259475218658,0.0,0.7288629737609329,0.7288629737609329,0.7288629737609329,0.0,1.4577259475218658,0.0,1.4577259475218658,1.4577259475218658,0.0,2.9154518950437316,0.0,0.7288629737609329,8.017492711370263,0.0,0.0,0.0,2.9154518950437316,0.0,0.0,1.4577259475218658,0.7288629737609329,0.0,0.7288629737609329,0.7288629737609329,0.0,0.0,0.0,0.0,0.0,0.7288629737609329,0.0,0.0,0.0,0.0,0.0,0.0,0.0,0.0,0.7288629737609329,1.4577259475218658,0.0,2.186588921282799,0.0,0.7288629737609329,0.7288629737609329,0.0,0.7288629737609329,1.4577259475218658,1.4577259475218658,0.7288629737609329,2.186588921282799,1.4577259475218658,0.0,1.4577259475218658,0.7288629737609329,2.186588921282799,0.0,0.0,0.0,0.0,0.7288629737609329,3.6443148688046647,0.7288629737609329,0.0,0.7288629737609329,0.0,0.0,1.4577259475218658,0.0,1.4577259475218658,0.0,1.4577259475218658,0.0,0.0,0.0,1.4577259475218658,0.7288629737609329,0.0,0.0,0.7288629737609329,0.0,0.0,0.0,0.0,0.0,0.7288629737609329,2.186588921282799,0.0,0.7288629737609329,0.7288629737609329,0.7288629737609329,0.0,0.0,0.0,0.0,0.0,0.0,0.0,0.0,0.7288629737609329,1.4577259475218658,0.0,0.0,0.0,0.0,0.0,0.7288629737609329,0.0,0.0,0.7288629737609329,0.0,0.0,0.0,0.0,0.0,1.4577259475218658,0.7288629737609329,1.4577259475218658,0.7288629737609329,0.7288629737609329,0.0,0.0,0.7288629737609329,0.0,0.0,0.0,0.7288629737609329,0.0,0.0,1.4577259475218658,0.0,0.7288629737609329,0.0,0.0,1.4577259475218658,2.186588921282799,0.7288629737609329,0.0
/Users/oksanagoncarova/Desktop/статьи написать/генерация статья/generated_docx_converted/7.docx,generated,7.docx,58.24767498776309,30.347528144884976,10.76847772883015,7.83162016642193,8.81057268722467,5.873715124816446,8.81057268722467,2.4473813020068524,2.4473813020068524,8.3210964268233,4.405286343612335,5.873715124816446,4.405286343612335,6.852667645619187,3.4263338228095934,0.4894762604013706,1.9579050416054824,1.4684287812041115,3.4263338228095934,2.4473813020068524,1.4684287812041115,2.936857562408223,0.0,1.9579050416054824,2.936857562408223,4.894762604013705,0.4894762604013706,0.0,0.4894762604013706,3.915810083210965,1.4684287812041115,0.0,0.4894762604013706,3.4263338228095934,1.4684287812041115,2.4473813020068524,0.4894762604013706,0.4894762604013706,0.9789525208027412,0.9789525208027412,2.4473813020068524,0.4894762604013706,0.0,0.4894762604013706,0.9789525208027412,1.4684287812041115,0.0,0.4894762604013706,0.0,0.4894762604013706,0.9789525208027412,0.4894762604013706,0.0,0.0,0.4894762604013706,0.9789525208027412,0.4894762604013706,0.0,0.9789525208027412,0.4894762604013706,1.4684287812041115,0.0,1.4684287812041115,0.9789525208027412,1.4684287812041115,0.4894762604013706,0.0,0.0,0.9789525208027412,0.9789525208027412,0.0,0.9789525208027412,0.0,0.4894762604013706,0.0,1.4684287812041115,0.0,0.9789525208027412,0.0,0.0,2.936857562408223,0.0,0.9789525208027412,0.0,0.0,0.4894762604013706,0.4894762604013706,0.0,0.9789525208027412,0.9789525208027412,0.0,0.9789525208027412,0.0,0.0,0.4894762604013706,0.9789525208027412,0.0,0.4894762604013706,0.0,0.9789525208027412,0.4894762604013706,0.4894762604013706,0.4894762604013706,1.4684287812041115,0.0,0.4894762604013706,0.4894762604013706,1.4684287812041115,3.915810083210965,0.0,0.0,0.0,1.9579050416054824,0.0,0.0,0.4894762604013706,2.936857562408223,1.4684287812041115,0.0,0.0,0.4894762604013706,0.0,0.9789525208027412,0.0,0.4894762604013706,0.0,3.4263338228095934,0.9789525208027412,0.0,0.4894762604013706,0.0,0.4894762604013706,0.0,0.0,0.9789525208027412,0.4894762604013706,0.0,0.9789525208027412,0.0,0.0,0.0,1.4684287812041115,0.0,1.9579050416054824,0.0,0.0,0.0,0.9789525208027412,0.0,0.0,1.9579050416054824,0.4894762604013706,0.4894762604013706,0.9789525208027412,0.0,0.4894762604013706,0.0,0.0,0.9789525208027412,0.4894762604013706,0.0,0.0,0.0,0.0,0.0,1.9579050416054824,0.0,0.0,0.0,1.4684287812041115,6.852667645619187,0.0,0.0,0.0,0.4894762604013706,0.9789525208027412,0.0,0.4894762604013706,0.0,0.0,0.9789525208027412,0.0,0.0,0.0,0.4894762604013706,0.0,0.4894762604013706,0.4894762604013706,0.4894762604013706,0.0,0.0,0.0,0.0,0.4894762604013706,0.0,0.4894762604013706,0.9789525208027412,0.0,0.0,0.4894762604013706
/Users/oksanagoncarova/Desktop/статьи написать/генерация статья/generated_docx_converted/8.docx,generated,8.docx,46.26865671641791,22.388059701492537,11.44278606965174,13.432835820895523,10.945273631840797,3.980099502487562,5.970149253731344,7.462686567164179,9.950248756218905,6.965174129353234,6.467661691542288,1.990049751243781,6.467661691542288,1.492537313432836,5.472636815920398,1.492537313432836,1.492537313432836,1.492537313432836,2.487562189054726,0.49751243781094523,4.477611940298508,2.487562189054726,0.49751243781094523,2.487562189054726,2.985074626865672,6.467661691542288,1.492537313432836,0.0,0.9950248756218905,0.49751243781094523,2.487562189054726,0.49751243781094523,2.985074626865672,1.492537313432836,0.49751243781094523,0.9950248756218905,6.467661691542288,0.49751243781094523,1.492537313432836,2.487562189054726,0.9950248756218905,1.492537313432836,0.0,3.482587064676617,0.0,1.492537313432836,0.0,0.9950248756218905,0.9950248756218905,0.9950248756218905,0.49751243781094523,1.492537313432836,0.0,1.492537313432836,1.492537313432836,0.9950248756218905,0.0,0.0,0.49751243781094523,1.990049751243781,0.9950248756218905,0.0,1.492537313432836,0.0,2.487562189054726,0.0,0.0,0.49751243781094523,1.492537313432836,0.49751243781094523,0.49751243781094523,0.9950248756218905,0.0,0.0,1.492537313432836,0.49751243781094523,0.0,0.49751243781094523,0.9950248756218905,0.49751243781094523,0.0,0.49751243781094523,0.0,1.492537313432836,0.9950248756218905,0.0,0.49751243781094523,0.0,0.9950248756218905,0.0,0.9950248756218905,1.492537313432836,0.0,0.49751243781094523,0.0,0.0,0.0,0.0,0.0,0.49751243781094523,0.0,0.49751243781094523,0.0,0.9950248756218905,0.0,0.0,0.9950248756218905,0.0,0.49751243781094523,0.0,1.492537313432836,0.0,0.0,0.0,0.49751243781094523,0.9950248756218905,1.990049751243781,0.49751243781094523,1.492537313432836,0.0,0.0,0.0,0.0,0.9950248756218905,0.0,0.0,0.9950248756218905,0.0,0.0,0.0,0.0,0.0,0.0,0.9950248756218905,0.0,0.49751243781094523,0.0,0.0,0.0,0.49751243781094523,0.0,3.482587064676617,0.49751243781094523,0.0,0.49751243781094523,0.49751243781094523,0.49751243781094523,0.0,0.0,0.0,1.492537313432836,0.49751243781094523,0.0,0.0,0.0,1.492537313432836,0.49751243781094523,0.0,0.0,0.49751243781094523,0.0,0.0,0.49751243781094523,0.49751243781094523,0.0,0.0,0.49751243781094523,0.0,0.0,0.0,0.9950248756218905,0.0,0.0,0.0,0.0,0.49751243781094523,0.0,0.49751243781094523,0.0,0.0,0.0,0.0,0.0,0.0,0.49751243781094523,0.0,0.0,0.0,0.9950248756218905,0.0,0.0,1.990049751243781,0.0,1.492537313432836,0.49751243781094523,0.49751243781094523,0.49751243781094523,0.0,0.49751243781094523,0.0
/Users/oksanagoncarova/Desktop/статьи написать/генерация статья/generated_docx_converted/9.docx,generated,9.docx,36.003236245954696,36.003236245954696,17.79935275080906,13.349514563106796,13.754045307443365,8.89967637540453,5.6634304207119746,10.11326860841424,5.258899676375404,4.0453074433656955,6.472491909385114,3.236245954692557,1.6181229773462784,3.236245954692557,6.067961165048543,3.236245954692557,2.8317152103559873,8.495145631067961,4.449838187702265,7.281553398058253,2.8317152103559873,2.0226537216828477,4.0453074433656955,1.2135922330097086,1.6181229773462784,2.4271844660194173,4.449838187702265,0.0,0.8090614886731392,4.0453074433656955,2.8317152103559873,0.0,1.2135922330097086,1.6181229773462784,0.4045307443365696,2.0226537216828477,0.8090614886731392,2.8317152103559873,4.449838187702265,2.0226537216828477,0.8090614886731392,2.8317152103559873,0.0,0.4045307443365696,0.8090614886731392,4.854368932038835,0.0,0.0,0.4045307443365696,2.0226537216828477,1.6181229773462784,1.2135922330097086,0.0,5.258899676375404,1.2135922330097086,2.8317152103559873,0.8090614886731392,2.8317152103559873,0.8090614886731392,1.6181229773462784,2.4271844660194173,0.0,0.8090614886731392,1.2135922330097086,3.6407766990291264,4.0453074433656955,0.8090614886731392,0.4045307443365696,2.8317152103559873,2.8317152103559873,0.4045307443365696,1.6181229773462784,0.0,1.2135922330097086,0.0,0.0,0.0,1.2135922330097086,0.4045307443365696,2.0226537216828477,0.8090614886731392,0.0,0.0,2.8317152103559873,0.8090614886731392,0.8090614886731392,0.4045307443365696,0.8090614886731392,0.4045307443365696,0.8090614886731392,0.8090614886731392,5.258899676375404,0.0,0.0,0.4045307443365696,1.2135922330097086,0.0,1.2135922330097086,0.0,1.6181229773462784,0.8090614886731392,0.4045307443365696,1.6181229773462784,1.2135922330097086,0.0,0.0,0.4045307443365696,0.0,0.0,0.0,0.4045307443365696,0.4045307443365696,0.0,0.4045307443365696,0.4045307443365696,1.2135922330097086,0.0,2.4271844660194173,2.4271844660194173,0.0,2.8317152103559873,0.0,0.0,0.0,0.4045307443365696,1.2135922330097086,0.4045307443365696,0.4045307443365696,0.0,0.0,1.2135922330097086,0.4045307443365696,0.8090614886731392,0.0,0.0,3.236245954692557,0.0,0.4045307443365696,0.4045307443365696,2.0226537216828477,0.0,0.4045307443365696,0.0,0.0,0.0,0.0,0.4045307443365696,0.4045307443365696,0.0,0.4045307443365696,0.8090614886731392,0.8090614886731392,2.0226537216828477,0.4045307443365696,0.8090614886731392,0.8090614886731392,0.4045307443365696,0.4045307443365696,0.0,0.0,3.236245954692557,0.0,4.449838187702265,0.0,0.4045307443365696,0.8090614886731392,9.3042071197411,0.0,0.0,0.0,0.0,1.6181229773462784,0.0,1.2135922330097086,0.0,1.2135922330097086,0.4045307443365696,0.0,0.4045307443365696,0.0,0.0,0.8090614886731392,0.0,0.0,0.8090614886731392,0.0,0.0,0.0,0.8090614886731392,0.0,0.0,0.0,0.8090614886731392,0.0,0.0,0.0,0.0,0.8090614886731392,0.8090614886731392,0.0
