source_file,relative_path,dependency_tree_each_sentence,constituency_tree_each_sentence,dep_tree_max_depth,dep_tree_mean_depth,const_tree_max_depth,mean_dependency_distance,dependency_distance_p95,nonprojective_arc_ratio,mean_branching_factor,nested_subordinate_clause_ratio,predicate_centers_per_sentence,tree_template_repeat_ratio,first_token_pos_mode_share,last_token_pos_mode_share,first3_pos_pattern_mode_share,last3_pos_pattern_mode_share,relpos_first_finite_verb_mean,relpos_first_noun_mean,relpos_first_pronoun_mean,relpos_noun_mean,relpos_verb_aux_mean,relpos_adj_adv_mean,relpos_pron_det_adp_mean,pos_decile_entropy_mean,sentence_start_repeat_index,rhetorical_schema_DEC_share,syntactic_skeleton_ngram_repeat_index,sentence_length_cv,serial_enumeration_index,overgeneralization_index,abstract_nominalization_density_per_100w,significance_intensifier_density_per_100w,function_content_ratio,mtld,hdd,hapax_ratio,morphological_variability_index,terminological_cyclicity_index,punctuation_entropy,comma_position_profile_mean,comma_position_profile_std,constituency_tree_coverage,dependency_tree_coverage,dependency_distance_p90,text_too_short_flag,sentences_len_le10_share,sentences_len_11_20_share,sentences_len_21_30_share,sentences_len_31_40_share,sentences_len_gt40_share,comma_count_0_share,comma_count_1_share,comma_count_2_share,comma_count_3_share,comma_count_ge4_share,subordinate_marker_chto_share,subordinate_marker_kotory_share,subordinate_marker_kogda_share,subordinate_marker_potomu_share,stem_density_cognitive_per_1k,stem_density_model_per_1k,stem_density_concept_per_1k,stem_density_projection_per_1k,stem_density_key_per_1k,stem_density_system_per_1k,pattern_start_dannyi,pattern_start_vramkah,pattern_example_intro,pattern_enum_colon,pattern_definition,pattern_result_verb,pattern_nominal_abstract,syntactic_template_coverage_top3,dependency_distance_median,dependency_distance_iqr,morphology_case_entropy,morphology_tense_entropy,morphology_mood_entropy,morphology_person_entropy,domain_transfer_warning_score,template_regularity_index,report_confidence_score,punctuation_marks_per_100w,comma_per_100w,semicolon_per_100w,colon_per_100w,dash_per_100w,parenthesis_per_100w,quotes_per_100w,ellipsis_per_100w,exclamation_per_100w,question_per_100w,punctuation_to_sentence_ratio,comma_to_punct_ratio,sentence_terminal_question_share,sentence_terminal_exclamation_share,sentence_terminal_ellipsis_share,function_word_density_per_100w,function_word_type_token_ratio,preposition_density_per_100w,unique_prepositions_ratio,top_preposition_share,conjunction_density_per_100w,subordinating_conj_density_per_100w,coordinating_conj_density_per_100w,particles_density_per_100w,pronoun_density_per_100w,determiner_density_per_100w,function_word_entropy,stopword_density_per_100w,preposition_to_noun_ratio,verbs_total_density_per_100w,finite_verb_share,infinitive_verb_share,participle_verb_share,converb_verb_share,imperative_verb_share,past_tense_share,present_tense_share,future_tense_share,perfective_aspect_share,imperfective_aspect_share,auxiliary_share_in_verbs,noun_case_nominative_share,noun_case_genitive_share,noun_case_dative_share,noun_case_accusative_share,noun_case_instrumental_share,noun_case_locative_share,pos_inventory_size,noun_density_per_100w,verb_density_per_100w,adjective_density_per_100w,adverb_density_per_100w,verb_to_noun_ratio,adjective_to_noun_ratio,adverb_to_verb_ratio,pronoun_to_noun_ratio,adjective_noun_bigram_share,finite_verbs_per_sentence,nouns_per_sentence,adjectives_per_sentence,formulaic_lemma_4_6_repeat_index,formulaic_slot_4_6_repeat_index,formulaic_lemma_top10_coverage,formulaic_slot_top10_coverage,pos_transition_entropy,deprel_transition_entropy,joint_pos_deprel_transition_entropy,passive_construction_share,impersonal_construction_share,passive_impersonal_index,nested_parentheses_share,parenthetical_insertion_share,dash_insertion_share,quote_block_share,parcellation_fragment_share,abstract_lexicon_density_per_100w,concrete_lexicon_density_per_100w,abstract_to_concrete_ratio,sentence_abstractness_mean,sentence_abstractness_std,lexical_density_content_share,mean_word_length_chars,median_word_length_chars,mean_sentence_length_tokens,median_sentence_length_tokens,sentence_type_colon_share,sentence_type_dash_share,sentence_type_parenthesis_share,sentence_type_quote_share,pos_at_3_VERB_share,pos_at_4_ADJ_share,pos_at_1_NOUN_share,pos_at_2_NOUN_share,pos_at_3_NOUN_share,pos_at_4_NOUN_share,pos_at_1_VERB_share,pos_at_2_VERB_share,pos_at_4_VERB_share,pos_at_1_ADJ_share,pos_at_2_ADJ_share,pos_at_3_ADJ_share,pos_pattern_VERB_ADJ_ADJ_share,pos_pattern_NOUN_VERB_NOUN_share,pos_pattern_ADJ_NOUN_VERB_share,pos_position_profile_entropy_1_4,global_reliability_index,reliability_high_share,reliability_medium_share,reliability_low_share,morph_features_per_token_mean,abstract_nominal_suffix_share,noun_to_verb_ratio,nominal_predicate_share,prepredicate_span_mean,fronted_adverbial_share,sentence_initial_eto_count,sentence_initial_eto_share,eto_sentence_chain_max,eto_predicate_mode_share,specificichn_family_count,word_family_dopoln_count,word_family_odnovrem_count,word_family_klyuchev_count,word_family_ramka_count,word_family_fiks_count,word_family_fokus_count,sentence_initial_demonstrative_count,sentence_initial_demonstrative_share,demonstrative_sentence_chain_max,demonstrative_predicate_mode_share,sentence_initial_pronoun_3p_count,sentence_initial_pronoun_3p_share,pronoun_3p_sentence_chain_max,exact_word_dopolnitelno_count,exact_word_odnovremenno_count,exact_word_klyuchevoy_count,exact_word_ramka_count,exact_word_fiksirovat_count,exact_word_fokus_count,exact_word_fundamentalny_count,exact_word_analogichno_count,exact_word_domen_count,exact_word_token_count,exact_word_effekt_count,word_family_fundamentaln_count,word_family_analogichn_count,word_family_domen_count,word_family_token_count,word_family_effekt_count,pos_schema_repeated_sentence_share,pos_schema_repeat_excess,pos_schema_top10_coverage,pos_schema_compact_repeated_sentence_share,pos_schema_compact_repeat_excess,pos_schema_compact_top10_coverage
1.docx,1.docx,1.0,0.0,10.0,1.9537384695029203,2.0,2.6862210095497954,8.0,0.008878847489958602,1.9565895339818786,0.1037037037037037,1.702020202020202,0.005050505050505051,0.18686868686868688,0.398989898989899,0.030303030303030304,0.06060606060606061,0.4288430757432941,0.27351705933340376,0.30019359490968966,0.5325256567061023,0.5435498508879443,0.4947064312234706,0.4478363226382094,0.8973922570177313,0.10606060606060606,0.0,0.775623037689968,0.7141618485796518,0.10101010101010101,0.2,0.7929883138564273,0.0,0.5280612244897959,105.56211157030071,0.8994435957300092,0.6289237668161435,0.750058866439187,25.344884657249807,0.6894815470495816,0.45566615313168546,0.23638282975039326,0.0,1.0,5.0,0.0,0.5303030303030303,0.3181818181818182,0.12121212121212122,0.020202020202020204,0.010101010101010102,0.2777777777777778,0.35353535353535354,0.1919191919191919,0.11616161616161616,0.06060606060606061,0.1414141414141414,0.08080808080808081,0.005050505050505051,0.015151515151515152,0.0,0.0,0.0,0.0,0.0,0.0,0.005050505050505051,0.0,0.015151515151515152,0.05555555555555555,0.0,0.005050505050505051,0.005050505050505051,0.020202020202020204,2.0,2.0,0.9092662939964765,0.7985962410557655,0.19604086887673172,0.6452735426037097,0.08917846538515842,0.17835693077031683,0.8,756.0,283.0,9.0,36.0,48.0,44.0,91.0,12.0,16.0,14.0,3.8181818181818183,0.37433862433862436,0.03535353535353535,0.05555555555555555,0.005050505050505051,828.0,0.10507246376811594,294.0,0.07482993197278912,0.40476190476190477,167.0,51.0,116.0,111.0,187.0,49.0,0.8099426343508234,833.0,0.38837516512549536,447.0,0.7203579418344519,0.09172259507829977,0.1789709172259508,0.008948545861297539,0.031055900621118012,0.5277777777777778,0.4090909090909091,0.06313131313131314,0.4541387024608501,0.5458612975391499,0.0447427293064877,0.27116402116402116,0.28703703703703703,0.03306878306878307,0.17592592592592593,0.07804232804232804,0.15476190476190477,14.0,31.594323873121873,18.65609348914858,8.681135225375627,5.383973288814691,0.5904887714663144,0.2747688243064729,0.28859060402684567,0.24702774108322326,0.1912568306010929,1.6262626262626263,3.823232323232323,1.0505050505050506,0.011554834786134198,0.07459963511048044,0.005067909993918508,0.010743969187107237,0.8233310831830217,0.8712217861468698,0.8932509965601793,0.25252525252525254,0.03535353535353535,0.14393939393939395,0.0,0.10606060606060606,0.1414141414141414,0.1414141414141414,0.05555555555555555,1.2755102040816326,1.530612244897959,0.8333333333333334,0.08712121212121213,0.2757877522616272,0.654424040066778,5.362687813021703,5.0,12.1010101010101,10.0,0.1717171717171717,0.2727272727272727,0.1111111111111111,0.29292929292929293,0.2887700534759358,0.062146892655367235,0.1116751269035533,0.24102564102564103,0.2192513368983957,0.3107344632768362,0.09644670050761421,0.18461538461538463,0.1751412429378531,0.04060913705583756,0.09230769230769231,0.06951871657754011,0.0,0.0106951871657754,0.0106951871657754,0.8466995270206259,0.5963700440528635,0.2599118942731278,0.7312775330396476,0.00881057268722467,3.2570951585976626,0.0607661822985469,1.6935123042505593,0.08080808080808081,3.139896373056995,0.5808080808080808,3.0,0.015151515151515152,1.0,0.3333333333333333,0.0,0.0,0.0,0.0,1.0,3.0,0.0,3.0,0.015151515151515152,1.0,0.3333333333333333,9.0,0.045454545454545456,2.0,0.0,0.0,0.0,0.0,0.0,0.0,0.0,0.0,0.0,0.0,0.0,0.0,0.0,0.0,0.0,0.0,0.01015228426395939,0.005076142131979695,0.05583756345177665,0.01015228426395939,0.005076142131979695,0.05583756345177665
10.docx,10.docx,1.0,0.0,13.0,2.9963190480728024,2.0,3.1261166579085655,10.0,0.010458932945627207,1.9852141356892978,0.15151515151515152,1.550561797752809,0.0,0.29213483146067415,0.6404494382022472,0.07865168539325842,0.06741573033707865,0.38828594798653043,0.12608195400335906,0.3768938238999152,0.5268818223995053,0.5005673960923672,0.508225247277094,0.4305853331483785,0.9227868345167711,0.056179775280898875,0.0,0.7659359932906575,0.5177734790140156,0.23595505617977527,0.5,2.712204922149674,0.0,0.40211267605633805,104.25522362622459,0.8802861934691859,0.5962643678160919,0.6542931572374325,27.234680339388685,0.6396199822000952,0.47535527494609225,0.2525232388851333,0.0,1.0,7.0,0.0,0.1348314606741573,0.39325842696629215,0.25842696629213485,0.11235955056179775,0.10112359550561797,0.21348314606741572,0.16853932584269662,0.19101123595505617,0.15730337078651685,0.2696629213483146,0.23595505617977527,0.07865168539325842,0.02247191011235955,0.056179775280898875,0.0,0.0,0.0,0.0,0.0,0.0,0.011235955056179775,0.0,0.0449438202247191,0.056179775280898875,0.011235955056179775,0.0,0.15730337078651685,0.033707865168539325,2.0,2.0,0.8790793978459636,0.6547465068652982,0.06766982525198403,0.3912435636292556,0.0844587678683916,0.1689175357367832,0.8,507.0,224.0,5.0,13.0,22.0,81.0,62.0,0.0,1.0,1.0,5.696629213483146,0.4418145956607495,0.0,0.0,0.011235955056179775,571.0,0.11558669001751314,245.0,0.08163265306122448,0.44081632653061226,150.0,64.0,86.0,64.0,44.0,59.0,0.8051280459493617,580.0,0.3695324283559578,201.0,0.615,0.15,0.215,0.02,0.0,0.3352941176470588,0.6470588235294118,0.01764705882352941,0.27,0.73,0.04477611940298507,0.2876923076923077,0.36153846153846153,0.046153846153846156,0.06923076923076923,0.08307692307692308,0.1523076923076923,15.0,33.29984932194877,10.095429432446007,16.574585635359114,7.282772476142642,0.3031674208144796,0.497737556561086,0.7213930348258707,0.06636500754147813,0.312210200927357,1.3820224719101124,7.449438202247191,3.707865168539326,0.007951070336391437,0.09480122324159021,0.004689092762487258,0.015698267074413862,0.8079313520762138,0.8745040428354012,0.8856602646907826,0.42696629213483145,0.20224719101123595,0.3146067415730337,0.0,0.2247191011235955,0.15730337078651685,0.21348314606741572,0.0,5.352112676056338,0.35211267605633806,15.2,0.5187265917602996,0.49431108332266316,0.7132094424912104,6.064791562029131,6.0,22.370786516853933,20.0,0.14606741573033707,0.33707865168539325,0.2247191011235955,0.2696629213483146,0.16853932584269662,0.12359550561797752,0.15730337078651685,0.38202247191011235,0.30337078651685395,0.33707865168539325,0.0449438202247191,0.056179775280898875,0.10112359550561797,0.11235955056179775,0.1797752808988764,0.16853932584269662,0.0,0.0,0.033707865168539325,0.8275895486122763,0.5963700440528635,0.2599118942731278,0.7312775330396476,0.00881057268722467,2.845303867403315,0.16440422322775264,3.298507462686567,0.19101123595505617,6.550561797752809,0.7078651685393258,2.0,0.02247191011235955,1.0,0.5,0.0,3.0,0.0,0.0,0.0,0.0,0.0,3.0,0.033707865168539325,1.0,0.3333333333333333,0.0,0.0,0.0,1.0,0.0,0.0,0.0,0.0,0.0,0.0,0.0,0.0,0.0,0.0,0.0,0.0,0.0,0.0,0.0,0.0,0.0,0.11235955056179775,0.0,0.0,0.11235955056179775
11.docx,11.docx,1.0,0.0,36.0,3.0913427853944904,2.0,4.222489766433903,15.0,0.01616328307761905,2.0011634727902474,0.07926829268292683,1.4342857142857144,0.017142857142857144,0.3485714285714286,0.6628571428571428,0.06285714285714286,0.11428571428571428,0.2740454039391165,0.10086438623703815,0.35768451361415693,0.5098593865206184,0.42802003776991954,0.5007235647122973,0.4634261393547806,0.9560740696771514,0.17714285714285713,0.0,0.8834236022661116,0.8316651164823098,0.22857142857142856,0.23529411764705882,3.743068391866913,0.02310536044362292,0.22675736961451248,70.72194933687817,0.9050524427982539,0.4905829596412556,0.6456572194019747,35.555990337926076,0.5855474129689934,0.5032166837833975,0.2516213695692103,0.0,1.0,8.0,0.0,0.2057142857142857,0.32571428571428573,0.21142857142857144,0.10285714285714286,0.15428571428571428,0.2857142857142857,0.22285714285714286,0.14285714285714285,0.05142857142857143,0.29714285714285715,0.14285714285714285,0.08571428571428572,0.0,0.005714285714285714,28.881700554528653,3.0036968576709797,0.46210720887245843,0.0,0.0,0.0,0.0,0.005714285714285714,0.017142857142857144,0.04,0.022857142857142857,0.022857142857142857,0.22857142857142856,0.03428571428571429,2.0,2.0,0.8120696697451477,0.5685608239330728,0.07099894663640992,0.30806364742396825,0.3130684378666485,0.22354186331036519,0.8,1170.0,654.0,20.0,16.0,112.0,146.0,48.0,1.0,0.0,1.0,6.685714285714286,0.558974358974359,0.005714285714285714,0.0,0.0,800.0,0.0825,341.0,0.06451612903225806,0.44281524926686217,212.0,73.0,139.0,49.0,78.0,101.0,0.7937044232353762,787.0,0.2012987012987013,423.0,0.5531914893617021,0.13002364066193853,0.30260047281323876,0.014184397163120567,0.008547008547008548,0.27945205479452057,0.7150684931506849,0.005479452054794521,0.2576832151300236,0.7423167848699763,0.04491725768321513,0.3242603550295858,0.38698224852071006,0.03254437869822485,0.09881656804733728,0.0621301775147929,0.09526627218934912,14.0,39.14048059149723,9.773567467652496,24.28373382624769,3.188539741219963,0.24970484061393153,0.6204250295159386,0.3262411347517731,0.04604486422668241,0.35753176043557167,1.3371428571428572,9.68,6.005714285714285,0.07372383400661035,0.2619353654058024,0.003672420124862284,0.024237972824091077,0.7451455369798824,0.8231989231811072,0.8361993837774618,0.4742857142857143,0.10857142857142857,0.2914285714285714,0.0,0.24,0.32571428571428573,0.09142857142857143,0.04,7.426303854875284,0.6519274376417233,11.391304347826088,0.6117460317460317,0.4732989991060615,0.8151571164510166,7.01224584103512,7.0,24.731428571428573,20.0,0.08,0.4342857142857143,0.24,0.10285714285714286,0.18285714285714286,0.2254335260115607,0.2342857142857143,0.5028571428571429,0.3485714285714286,0.37572254335260113,0.07428571428571429,0.10857142857142857,0.1676300578034682,0.3485714285714286,0.18285714285714286,0.2,0.005714285714285714,0.0,0.06285714285714286,0.7257569145108617,0.5963700440528635,0.2599118942731278,0.7312775330396476,0.00881057268722467,3.3130776340110906,0.14994096812278632,4.004728132387707,0.19428571428571428,4.308571428571429,0.38857142857142857,0.0,0.0,0.0,0.0,0.0,1.0,1.0,0.0,5.0,0.0,0.0,1.0,0.005714285714285714,1.0,1.0,0.0,0.0,0.0,0.0,1.0,0.0,0.0,0.0,0.0,0.0,1.0,0.0,0.0,0.0,0.0,2.0,0.0,0.0,1.0,0.03428571428571429,0.017142857142857144,0.07428571428571429,0.03428571428571429,0.017142857142857144,0.07428571428571429
12.docx,12.docx,1.0,0.0,17.0,3.32536722587539,2.0,2.6890125173852573,8.0,0.009279075879792261,1.8966509120559145,0.13059701492537312,1.8164556962025316,0.0,0.22151898734177214,0.8227848101265823,0.10126582278481013,0.13924050632911392,0.3112132333033118,0.10291122671401262,0.43263072097712574,0.5260640807959458,0.47806594122545143,0.48189638339943663,0.4689318542089085,0.925175973300239,0.12025316455696203,0.0,0.8681506942165416,0.5542546082482238,0.1962025316455696,0.2631578947368421,6.554756195043964,0.02664535038635758,0.32427664079040225,126.66377501030077,0.9079615233844097,0.5375722543352601,0.6006824083658684,34.589832739195295,0.5857520058436109,0.470203609592032,0.24824615152023918,0.0,1.0,5.0,0.0,0.0759493670886076,0.41139240506329117,0.3037974683544304,0.12025316455696203,0.08860759493670886,0.12658227848101267,0.23417721518987342,0.2088607594936709,0.18354430379746836,0.2468354430379747,0.23417721518987342,0.20253164556962025,0.05063291139240506,0.04430379746835443,2.664535038635758,3.9968025579536373,0.0,0.0,0.0,0.0,0.006329113924050633,0.012658227848101266,0.056962025316455694,0.02531645569620253,0.0379746835443038,0.006329113924050633,0.4620253164556962,0.0189873417721519,2.0,2.0,0.8784440662840809,0.4733585496596269,0.07922357546932467,0.1230232872930086,0.16357066240555138,0.20527570846356152,0.8,765.0,429.0,3.0,10.0,42.0,56.0,64.0,1.0,0.0,0.0,4.841772151898734,0.5607843137254902,0.0,0.0,0.0,919.0,0.0750816104461371,390.0,0.05128205128205128,0.36666666666666664,227.0,88.0,139.0,68.0,116.0,109.0,0.8119530405034779,890.0,0.2601734489659773,516.0,0.5096899224806202,0.10077519379844961,0.36046511627906974,0.029069767441860465,0.011406844106463879,0.16268980477223427,0.8221258134490239,0.015184381778741865,0.20736434108527133,0.7926356589147286,0.01744186046511628,0.21587088096839274,0.40685944855413586,0.04034969737726967,0.11768661735036987,0.09751176866173504,0.12172158708809684,14.0,39.94138022915001,13.74900079936051,15.347721822541965,3.490540900612843,0.3442294863242161,0.3842561707805203,0.25387596899224807,0.07738492328218813,0.2970027247956403,1.6645569620253164,9.487341772151899,3.6455696202531644,0.007046012597416462,0.17615031493541156,0.0023486708658054874,0.015479876160990712,0.7489753866773441,0.8424641008066519,0.837868325013285,0.6265822784810127,0.056962025316455694,0.34177215189873417,0.0,0.12658227848101267,0.1518987341772152,0.18354430379746836,0.012658227848101266,16.549047282992237,0.2117148906139732,78.16666666666667,0.8801612417118747,0.3174235791506997,0.7551292299493738,7.1518784972022384,7.0,23.753164556962027,21.0,0.06329113924050633,0.26582278481012656,0.13924050632911392,0.18354430379746836,0.13291139240506328,0.11464968152866242,0.1962025316455696,0.4620253164556962,0.41139240506329117,0.4267515923566879,0.05063291139240506,0.10126582278481013,0.18471337579617833,0.1962025316455696,0.15822784810126583,0.16455696202531644,0.0,0.006329113924050633,0.05063291139240506,0.7633450466808794,0.5963700440528635,0.2599118942731278,0.7312775330396476,0.00881057268722467,3.3149480415667467,0.27751834556370913,2.9050387596899223,0.1518987341772152,4.449367088607595,0.5379746835443038,2.0,0.012658227848101266,1.0,0.5,0.0,2.0,2.0,0.0,4.0,0.0,3.0,2.0,0.012658227848101266,1.0,0.5,0.0,0.0,0.0,0.0,2.0,0.0,0.0,0.0,0.0,0.0,0.0,0.0,0.0,1.0,0.0,0.0,0.0,0.0,4.0,0.0,0.0,0.06329113924050633,0.0,0.0,0.06329113924050633
13.docx,13.docx,1.0,0.0,20.0,3.473022768574744,2.0,2.7383935151068535,9.0,0.006313131313131314,1.976787340780145,0.1267605633802817,1.962962962962963,0.0,0.2222222222222222,0.6666666666666666,0.05555555555555555,0.07407407407407407,0.30723103726844914,0.1450369262648417,0.3311780486311487,0.5177652908399454,0.4776192712185862,0.5135874558295975,0.445826279916025,0.8854446340284365,0.14814814814814814,0.0,0.7365543264763419,0.5870972571371798,0.2777777777777778,0.3333333333333333,6.236711552090716,0.0,0.4011916583912612,80.9854618968513,0.8678986913581845,0.5770925110132159,0.6468232680914598,31.66705180837992,0.6415496392214806,0.5037479064986475,0.2527376635294155,0.0,1.0,6.0,0.0,0.12962962962962962,0.3333333333333333,0.18518518518518517,0.18518518518518517,0.16666666666666666,0.09259259259259259,0.3148148148148148,0.16666666666666666,0.16666666666666666,0.25925925925925924,0.18518518518518517,0.2962962962962963,0.0,0.037037037037037035,0.0,0.0,0.0,0.0,0.0,0.0,0.0,0.0,0.05555555555555555,0.09259259259259259,0.0,0.0,0.4444444444444444,0.05555555555555555,2.0,2.0,0.8512601906841862,0.6125337123788568,0.13891570832850042,0.34653058640786777,0.09032209931430085,0.1806441986286017,0.8,321.0,143.0,0.0,11.0,35.0,50.0,12.0,3.0,6.0,2.0,5.944444444444445,0.4454828660436137,0.037037037037037035,0.0,0.0,404.0,0.14603960396039603,164.0,0.11585365853658537,0.3719512195121951,90.0,27.0,63.0,44.0,60.0,39.0,0.8500357408946518,405.0,0.3253968253968254,162.0,0.6111111111111112,0.16049382716049382,0.2037037037037037,0.024691358024691357,0.010101010101010102,0.23703703703703705,0.7333333333333333,0.02962962962962963,0.2839506172839506,0.7160493827160493,0.043209876543209874,0.22444889779559118,0.43887775551102204,0.04408817635270541,0.0781563126252505,0.09819639278557114,0.11623246492985972,15.0,35.719347980155916,11.481218993621544,17.221828490432316,4.677533664068037,0.32142857142857145,0.48214285714285715,0.4074074074074074,0.11904761904761904,0.3136456211812627,1.8333333333333333,9.333333333333334,4.5,0.01394700139470014,0.08479776847977685,0.005578800557880056,0.012831241283124128,0.8149989441514144,0.8820149848542651,0.8930947003140968,0.4444444444444444,0.24074074074074073,0.3425925925925926,0.0,0.3148148148148148,0.42592592592592593,0.07407407407407407,0.018518518518518517,10.12909632571996,1.4895729890764648,6.8,0.670679012345679,0.43114279170997283,0.7136782423812899,6.304039688164423,6.0,26.12962962962963,21.0,0.2037037037037037,0.5185185185185185,0.35185185185185186,0.1111111111111111,0.14814814814814814,0.18518518518518517,0.18518518518518517,0.3148148148148148,0.24074074074074073,0.2962962962962963,0.07407407407407407,0.14814814814814814,0.12962962962962962,0.1111111111111111,0.018518518518518517,0.09259259259259259,0.0,0.0,0.0,0.8597763733177856,0.5963700440528635,0.2599118942731278,0.7312775330396476,0.00881057268722467,3.1261516654854713,0.22023809523809523,3.111111111111111,0.14814814814814814,4.592592592592593,0.5555555555555556,1.0,0.018518518518518517,1.0,1.0,0.0,3.0,0.0,0.0,2.0,0.0,0.0,1.0,0.018518518518518517,1.0,1.0,0.0,0.0,0.0,0.0,0.0,0.0,0.0,0.0,0.0,0.0,0.0,0.0,0.0,0.0,0.0,0.0,0.0,0.0,0.0,0.0,0.0,0.18518518518518517,0.0,0.0,0.18518518518518517
14.docx,14.docx,1.0,0.0,16.0,3.5558274041378057,2.0,2.9051593323216998,10.0,0.006863046337378556,1.9044439771422332,0.11297071129707113,1.9013157894736843,0.0,0.2631578947368421,0.756578947368421,0.039473684210526314,0.11842105263157894,0.27463594569640465,0.11857308649752825,0.3362966327111884,0.5240740521239917,0.44613324982616454,0.5076854617645318,0.463032628884166,0.9260340110480555,0.11842105263157894,0.006666666666666667,0.8657477216288209,0.49169935015785177,0.2894736842105263,0.23076923076923078,4.383828543594739,0.0,0.3591525984773254,124.36212783998653,0.9092166931556416,0.523851590106007,0.6544565657239244,31.4312426920199,0.636748091218202,0.45995804548729835,0.26177828847897466,0.0,1.0,6.0,0.0,0.06578947368421052,0.2894736842105263,0.27631578947368424,0.25,0.11842105263157894,0.09868421052631579,0.18421052631578946,0.17763157894736842,0.15789473684210525,0.3815789473684211,0.2236842105263158,0.1513157894736842,0.02631578947368421,0.02631578947368421,2.4354603019970775,1.948368241597662,0.0,0.0,0.7306380905991232,0.0,0.013157894736842105,0.0,0.06578947368421052,0.07894736842105263,0.019736842105263157,0.013157894736842105,0.2894736842105263,0.019736842105263157,2.0,2.0,0.8824413515751716,0.5644623761501203,0.07897696045698953,0.31712825934818833,0.14853626428870673,0.2007811232731326,0.8,989.0,473.0,8.0,20.0,67.0,73.0,166.0,0.0,2.0,7.0,6.506578947368421,0.4782608695652174,0.046052631578947366,0.0,0.0,1085.0,0.06728110599078341,468.0,0.05555555555555555,0.38461538461538464,272.0,90.0,182.0,64.0,127.0,132.0,0.8038453980768694,1073.0,0.29601518026565465,523.0,0.5047801147227533,0.1089866156787763,0.3326959847036329,0.05353728489483748,0.011363636363636364,0.2937365010799136,0.7041036717062635,0.0021598272138228943,0.2829827915869981,0.7170172084130019,0.04206500956022945,0.21644187540141296,0.4174694926140013,0.0449582530507386,0.11689145793192036,0.07064868336544637,0.13359023763648042,15.0,38.50462737457379,12.737457379444713,16.780321480759863,3.8723818801753533,0.3308032890575585,0.4358001265022138,0.30401529636711283,0.08032890575585072,0.3132992327365729,1.736842105263158,10.401315789473685,4.532894736842105,0.02,0.14961904761904762,0.0029523809523809524,0.010952380952380953,0.7601614360516372,0.8382713775174819,0.843107804128723,0.5460526315789473,0.13815789473684212,0.34210526315789475,0.0,0.17763157894736842,0.21052631578947367,0.24342105263157895,0.006578947368421052,10.095994703740484,2.3171135385633894,4.357142857142857,0.7359663362952836,0.37598498953287324,0.7357525572333171,6.481734047735022,6.0,27.013157894736842,25.0,0.13157894736842105,0.3026315789473684,0.17763157894736842,0.24342105263157895,0.17880794701986755,0.17880794701986755,0.10526315789473684,0.34868421052631576,0.40397350993377484,0.33112582781456956,0.09868421052631579,0.125,0.16556291390728478,0.11842105263157894,0.1513157894736842,0.11920529801324503,0.0,0.026490066225165563,0.013245033112582781,0.7949433196286942,0.5963700440528635,0.2599118942731278,0.7312775330396476,0.00881057268722467,3.2484169508037017,0.20619860847564833,3.022944550669216,0.05921052631578947,3.986842105263158,0.6052631578947368,6.0,0.039473684210526314,1.0,0.16666666666666666,0.0,1.0,1.0,3.0,0.0,0.0,2.0,8.0,0.05263157894736842,1.0,0.125,1.0,0.006578947368421052,1.0,0.0,0.0,0.0,0.0,0.0,1.0,0.0,0.0,0.0,0.0,0.0,0.0,0.0,0.0,0.0,0.0,0.0,0.0,0.06578947368421052,0.0,0.0,0.06578947368421052
15.docx,15.docx,1.0,0.0,20.0,3.257802655756555,2.0,4.049780701754386,15.0,0.011896371999025364,3.6021989582175316,0.17096774193548386,1.5675675675675675,0.016216216216216217,0.1891891891891892,0.6810810810810811,0.05945945945945946,0.10810810810810811,0.2817682998222778,0.08029420006327362,0.4586419188622704,0.5103526319079114,0.4839694271415813,0.4949313953288499,0.479741034154079,0.9659332503152205,0.1783783783783784,0.0,0.8806733082706767,0.5032633310458126,0.2594594594594595,0.18518518518518517,4.9104320337197045,0.021074815595363543,0.3007127192982456,195.02107094098207,0.924584850132917,0.5849673202614379,0.6322579477205219,28.3247424834956,0.6435251738619969,0.45913750027071326,0.2519329141359924,0.0,1.0,9.0,0.0,0.07027027027027027,0.3027027027027027,0.32432432432432434,0.1891891891891892,0.11351351351351352,0.11891891891891893,0.20540540540540542,0.21621621621621623,0.15675675675675677,0.3027027027027027,0.22162162162162163,0.15675675675675677,0.016216216216216217,0.0,0.8429926238145417,0.4214963119072708,0.0,0.0,0.4214963119072708,0.0,0.005405405405405406,0.0,0.016216216216216217,0.02702702702702703,0.010810810810810811,0.0,0.34054054054054056,0.032432432432432434,2.0,3.0,0.8927313882055459,0.5690927249887693,0.06385368546122085,0.24478653905178527,0.12395265626108669,0.21397249949197317,0.8,964.0,509.0,4.0,14.0,57.0,82.0,111.0,10.0,0.0,0.0,5.210810810810811,0.5280082987551867,0.0,0.0,0.021621621621621623,1097.0,0.07019143117593436,440.0,0.056818181818181816,0.39090909090909093,247.0,97.0,150.0,114.0,136.0,140.0,0.8002478160931374,1064.0,0.25670945157526254,565.0,0.4741532976827095,0.1443850267379679,0.30303030303030304,0.0784313725490196,0.007518796992481203,0.25732217573221755,0.7322175732217573,0.010460251046025104,0.2281639928698752,0.7718360071301248,0.035398230088495575,0.19875776397515527,0.40559006211180126,0.05217391304347826,0.14596273291925466,0.08322981366459627,0.11428571428571428,15.0,36.122233930453106,11.907270811380402,14.478398314014754,3.371970495258166,0.3296382730455076,0.4008168028004667,0.2831858407079646,0.07934655775962661,0.30023923444976075,1.4378378378378378,9.264864864864865,3.7135135135135133,0.012468827930174564,0.22718204488778054,0.002660016625103907,0.07589359933499584,0.7593879849930196,0.808233295058219,0.8111651762462078,0.4810810810810811,0.11351351351351352,0.2972972972972973,0.0,0.14054054054054055,0.16756756756756758,0.23243243243243245,0.03783783783783784,8.305921052631579,0.6853070175438596,12.12,0.6717117117117117,0.43969865576421063,0.7688092729188619,6.549631190727081,6.0,25.64864864864865,23.0,0.07567567567567568,0.32972972972972975,0.14054054054054055,0.2648648648648649,0.11351351351351352,0.11049723756906077,0.1783783783783784,0.3783783783783784,0.33513513513513515,0.3314917127071823,0.10810810810810811,0.0918918918918919,0.11602209944751381,0.14594594594594595,0.14594594594594595,0.16216216216216217,0.0,0.005405405405405406,0.005405405405405406,0.8231410502812703,0.5963700440528635,0.2599118942731278,0.7312775330396476,0.00881057268722467,3.01390937829294,0.23337222870478413,3.033628318584071,0.16216216216216217,4.3526011560693645,0.5621621621621622,0.0,0.0,0.0,0.0,0.0,7.0,4.0,2.0,8.0,0.0,1.0,0.0,0.0,0.0,0.0,0.0,0.0,0.0,0.0,2.0,1.0,0.0,0.0,0.0,1.0,0.0,0.0,0.0,0.0,1.0,1.0,0.0,0.0,2.0,0.021621621621621623,0.016216216216216217,0.07027027027027027,0.021621621621621623,0.016216216216216217,0.07027027027027027
16.docx,16.docx,1.0,0.0,15.0,2.6281721049784044,2.0,2.786254919769906,9.0,0.011816474498670402,1.883213345007009,0.11864406779661017,1.5243243243243243,0.02702702702702703,0.3081081081081081,0.7675675675675676,0.08108108108108109,0.0972972972972973,0.3300786119720628,0.13207210197117883,0.3990310743985968,0.5258595532999356,0.47360121399433386,0.4823155491673146,0.45913933806930407,0.9695863227099064,0.10810810810810811,0.0,0.8411321371695757,0.6602386765383061,0.15135135135135136,0.8571428571428571,2.522935779816514,0.0,0.3770232925384919,92.84059744792728,0.9116489398201195,0.5674008810572687,0.7055003065373027,26.877814448885072,0.659098173587623,0.5171876178928213,0.24822727304980644,0.0,1.0,6.0,0.0,0.24864864864864866,0.3837837837837838,0.23243243243243245,0.10270270270270271,0.032432432432432434,0.2810810810810811,0.1945945945945946,0.1837837837837838,0.12432432432432433,0.21621621621621623,0.1891891891891892,0.10810810810810811,0.032432432432432434,0.010810810810810811,0.573394495412844,0.286697247706422,0.0,0.0,1.43348623853211,0.0,0.0,0.0,0.02702702702702703,0.07567567567567568,0.016216216216216217,0.0,0.10810810810810811,0.03783783783783784,2.0,2.0,0.9059709262131415,0.7112234154634522,0.11911602665564837,0.30337483608641397,0.12150970542939236,0.19741561662310433,0.8,919.0,402.0,15.0,36.0,87.0,58.0,132.0,1.0,0.0,4.0,4.967567567567568,0.43743199129488575,0.016216216216216217,0.0,0.005405405405405406,955.0,0.08586387434554973,360.0,0.06944444444444445,0.39444444444444443,231.0,90.0,141.0,74.0,114.0,156.0,0.8027136072562118,868.0,0.2606806661839247,398.0,0.6146095717884131,0.15113350125944586,0.2216624685138539,0.012594458438287154,0.0,0.39762611275964393,0.5756676557863502,0.026706231454005934,0.27204030226700254,0.7279596977329975,0.05025125628140704,0.30152949745083757,0.32483612527312455,0.053896576839038604,0.1143481427530954,0.09249817916970138,0.11289147851420248,15.0,39.59288990825688,11.410550458715596,16.80045871559633,4.099770642201834,0.28819695872556117,0.42433019551049966,0.3592964824120603,0.08254887762490949,0.30083144368858655,1.318918918918919,7.464864864864865,3.1675675675675676,0.04806649801228768,0.12516564269365138,0.005059631369714492,0.0093964582580412,0.7765431508886114,0.8614303288458848,0.8642931628440866,0.34054054054054056,0.0918918918918919,0.21621621621621623,0.0,0.10810810810810811,0.2702702702702703,0.21081081081081082,0.05945945945945946,6.632451638373469,0.9080142123963679,7.304347826086956,0.5045045045045046,0.4911934453252203,0.726204128440367,6.431479357798165,6.0,18.854054054054053,17.0,0.16756756756756758,0.32972972972972975,0.11891891891891893,0.23783783783783785,0.1853932584269663,0.16853932584269662,0.3081081081081081,0.43646408839779005,0.34831460674157305,0.34269662921348315,0.05405405405405406,0.06077348066298342,0.1853932584269663,0.1837837837837838,0.23204419889502761,0.16292134831460675,0.0,0.011235955056179775,0.06179775280898876,0.7574221820072153,0.5963700440528635,0.2599118942731278,0.7312775330396476,0.00881057268722467,3.26204128440367,0.13830557566980448,3.469849246231156,0.21081081081081082,4.172972972972973,0.5675675675675675,3.0,0.016216216216216217,1.0,0.3333333333333333,0.0,0.0,1.0,5.0,1.0,0.0,0.0,3.0,0.016216216216216217,1.0,0.3333333333333333,0.0,0.0,0.0,0.0,1.0,0.0,0.0,0.0,0.0,0.0,0.0,0.0,0.0,0.0,0.0,0.0,0.0,0.0,1.0,0.04864864864864865,0.02702702702702703,0.08108108108108109,0.04864864864864865,0.02702702702702703,0.08108108108108109
17.docx,17.docx,1.0,0.0,20.0,2.6828315871855293,2.0,2.8180345572354213,8.0,0.00962605968446974,1.773555201868814,0.0875,1.9898989898989898,0.0707070707070707,0.3434343434343434,0.5858585858585859,0.09090909090909091,0.0707070707070707,0.22729399942547734,0.13378479023087023,0.404245146871609,0.54494971343331,0.4433433275556909,0.48513791710084264,0.49160565248050386,0.9096926140097981,0.2222222222222222,0.0,0.8195648453026836,0.844527683930627,0.24242424242424243,0.23076923076923078,2.409021014864172,0.0,0.3749119097956307,53.53067117084568,0.8255511772212839,0.4737991266375546,0.6413806703862247,35.476150664465436,0.6973504792934337,0.48074784271673326,0.251286110824041,0.0,1.0,6.0,0.0,0.3939393939393939,0.23232323232323232,0.1414141414141414,0.13131313131313133,0.10101010101010101,0.31313131313131315,0.18181818181818182,0.1717171717171717,0.08080808080808081,0.25252525252525254,0.2222222222222222,0.13131313131313133,0.06060606060606061,0.0,0.0,0.0,0.0,0.0,0.0,0.0,0.0,0.0,0.020202020202020204,0.04040404040404041,0.0,0.0,0.13131313131313133,0.09090909090909091,2.0,2.0,0.9082888141280572,0.5256946155874963,0.08283655281361224,0.35354692902489787,0.10922921180299565,0.2184584236059913,0.8,486.0,227.0,20.0,26.0,59.0,58.0,8.0,0.0,1.0,2.0,4.909090909090909,0.4670781893004115,0.0,0.0,0.010101010101010102,532.0,0.09774436090225563,213.0,0.08450704225352113,0.38967136150234744,124.0,25.0,99.0,35.0,116.0,25.0,0.8150351430125653,681.0,0.3763250883392226,374.0,0.5286103542234333,0.26430517711171664,0.20435967302452315,0.0027247956403269754,0.010309278350515464,0.24253731343283583,0.753731343283582,0.0037313432835820895,0.2888283378746594,0.7111716621253406,0.05080213903743316,0.24734982332155478,0.3586572438162544,0.028268551236749116,0.0989399293286219,0.12367491166077739,0.1431095406360424,13.0,29.01076371091748,19.169656586365967,19.220912352639672,5.6381342901076374,0.6607773851590106,0.6625441696113075,0.29411764705882354,0.2049469964664311,0.44765342960288806,1.9595959595959596,5.717171717171717,3.787878787878788,0.20089190911021448,0.253769377787216,0.021873009131450415,0.029730303673816096,0.7955323598282451,0.8597647211492717,0.868864263720158,0.37373737373737376,0.08080808080808081,0.22727272727272727,0.010101010101010102,0.18181818181818182,0.20202020202020202,0.030303030303030304,0.12121212121212122,7.047216349541931,0.14094432699083861,50.0,0.4764309764309764,0.4946459134486149,0.7273193234238852,6.911840082009226,7.0,19.707070707070706,16.0,0.24242424242424243,0.42424242424242425,0.18181818181818182,0.04040404040404041,0.24742268041237114,0.2111111111111111,0.10101010101010101,0.29591836734693877,0.31958762886597936,0.2222222222222222,0.3434343434343434,0.12244897959183673,0.28888888888888886,0.21212121212121213,0.15306122448979592,0.13402061855670103,0.0,0.0,0.010309278350515464,0.8048337543721483,0.5963700440528635,0.2599118942731278,0.7312775330396476,0.00881057268722467,3.2070732957457713,0.33568904593639576,1.5133689839572193,0.2222222222222222,2.8686868686868685,0.3333333333333333,0.0,0.0,0.0,0.0,0.0,1.0,1.0,0.0,0.0,0.0,0.0,0.0,0.0,0.0,0.0,0.0,0.0,0.0,0.0,1.0,0.0,0.0,0.0,0.0,0.0,0.0,0.0,0.0,0.0,0.0,0.0,0.0,0.0,0.0,0.12121212121212122,0.08080808080808081,0.18181818181818182,0.12121212121212122,0.08080808080808081,0.18181818181818182
18.docx,18.docx,1.0,0.0,26.0,3.0746005680496826,2.0,9.951041666666667,40.0,0.06803678926262359,3.3327069226484913,0.07042253521126761,1.25,0.0,0.26136363636363635,0.5340909090909091,0.09090909090909091,0.1590909090909091,0.2706792136094387,0.06750837231326848,0.3414089415730639,0.45519253531835197,0.3769868015737581,0.41915261023607486,0.3881359328652396,0.9258908759332467,0.045454545454545456,0.0,0.8741617916268705,0.897334296897833,0.1590909090909091,0.7142857142857143,2.4595687331536387,0.0,0.1371647509578544,127.1451728007433,0.9206590192731974,0.674175382139984,0.6603898358283595,18.48381078437354,0.8174161684971314,0.5225836486444786,0.26476926475946533,0.0,1.0,28.0,0.0,0.045454545454545456,0.36363636363636365,0.23863636363636365,0.10227272727272728,0.25,0.18181818181818182,0.20454545454545456,0.17045454545454544,0.13636363636363635,0.3068181818181818,0.07954545454545454,0.11363636363636363,0.0,0.056818181818181816,0.0,0.0,0.0,0.0,0.0,0.0,0.011363636363636364,0.011363636363636364,0.03409090909090909,0.17045454545454544,0.022727272727272728,0.0,0.18181818181818182,0.03409090909090909,3.0,9.0,0.8738997311310183,0.5443919428067188,0.0,0.13110652958234506,0.09537072461723249,0.19074144923446498,0.8,874.0,296.0,93.0,28.0,86.0,221.0,48.0,0.0,0.0,0.0,9.931818181818182,0.33867276887871856,0.0,0.0,0.011363636363636364,358.0,0.14804469273743018,174.0,0.10344827586206896,0.45977011494252873,83.0,23.0,60.0,14.0,47.0,36.0,0.7831256008707157,343.0,0.19908466819221968,178.0,0.5561797752808989,0.06179775280898876,0.33146067415730335,0.05056179775280899,0.0,0.2275449101796407,0.7604790419161677,0.011976047904191617,0.20786516853932585,0.7921348314606742,0.02247191011235955,0.30631868131868134,0.3543956043956044,0.03571428571428571,0.07280219780219781,0.10851648351648352,0.12225274725274725,15.0,29.447439353099732,5.997304582210242,11.65768194070081,1.954177897574124,0.2036613272311213,0.39588100686498856,0.3258426966292135,0.05377574370709382,0.28554641598119856,1.125,9.931818181818182,3.9318181818181817,0.008153904956045356,0.4736909160402599,0.0050961905975283476,0.2658937444260415,0.6371362924929468,0.638082769160937,0.6733267921175876,0.5340909090909091,0.022727272727272728,0.2784090909090909,0.0,0.5227272727272727,0.22727272727272727,0.17045454545454544,0.011363636363636364,4.137931034482759,0.07662835249042146,54.0,0.6780303030303031,0.46452121445385675,0.8793800539083558,5.8851078167115904,5.0,33.72727272727273,23.0,0.22727272727272727,0.4431818181818182,0.5227272727272727,0.26136363636363635,0.10227272727272728,0.1590909090909091,0.26136363636363635,0.375,0.4659090909090909,0.4318181818181818,0.07954545454545454,0.056818181818181816,0.17045454545454544,0.22727272727272727,0.2727272727272727,0.20454545454545456,0.0,0.011363636363636364,0.03409090909090909,0.7468666443206305,0.5963700440528635,0.2599118942731278,0.7312775330396476,0.00881057268722467,2.342991913746631,0.13615560640732266,4.910112359550562,0.2159090909090909,4.744186046511628,0.5454545454545454,0.0,0.0,0.0,0.0,0.0,1.0,0.0,0.0,1.0,0.0,0.0,0.0,0.0,0.0,0.0,0.0,0.0,0.0,0.0,0.0,0.0,0.0,0.0,0.0,0.0,0.0,0.0,0.0,0.0,0.0,0.0,0.0,0.0,0.0,0.0,0.0,0.11363636363636363,0.0,0.0,0.11363636363636363
19.docx,19.docx,1.0,0.0,20.0,2.82778000871108,2.0,2.99667497921862,10.0,0.009101980126813234,1.8233004976983571,0.1206896551724138,1.5423728813559323,0.11864406779661017,0.288135593220339,0.6440677966101694,0.1016949152542373,0.13559322033898305,0.28759686271649365,0.10509172922231755,0.2963092812882729,0.5203328870302082,0.5149613207930941,0.48101620500846476,0.4707505774249172,0.8885645978378416,0.15254237288135594,0.0,0.7505161826616256,0.7791661515699532,0.2711864406779661,0.2727272727272727,3.565768621236133,0.0,0.33970276008492567,140.0298110791253,0.9107289948228643,0.58195211786372,0.6865245761183151,22.364066863147954,0.7558166212784766,0.5198589916858904,0.25107937868706565,0.0,1.0,6.0,0.0,0.2711864406779661,0.288135593220339,0.23728813559322035,0.11864406779661017,0.0847457627118644,0.3559322033898305,0.2033898305084746,0.0847457627118644,0.0847457627118644,0.2711864406779661,0.11864406779661017,0.03389830508474576,0.01694915254237288,0.13559322033898305,0.0,0.0,0.0,0.0,0.0,0.0,0.03389830508474576,0.0,0.01694915254237288,0.1864406779661017,0.0,0.0,0.1694915254237288,0.13559322033898305,2.0,2.0,0.8540423693671373,0.6820107956116019,0.0,0.6454495903301855,0.10047534707972187,0.20095069415944375,0.8,328.0,131.0,4.0,16.0,25.0,60.0,22.0,0.0,0.0,0.0,5.559322033898305,0.39939024390243905,0.0,0.0,0.0,320.0,0.1875,134.0,0.1417910447761194,0.3805970149253731,72.0,22.0,50.0,28.0,40.0,42.0,0.8498763905985316,306.0,0.29910714285714285,184.0,0.46195652173913043,0.266304347826087,0.25,0.021739130434782608,0.0,0.291044776119403,0.6716417910447762,0.03731343283582089,0.27717391304347827,0.7228260869565217,0.021739130434782608,0.3169642857142857,0.35714285714285715,0.026785714285714284,0.12723214285714285,0.0625,0.109375,15.0,35.49920760697306,14.580031695721077,18.858954041204438,4.833597464342314,0.4107142857142857,0.53125,0.33152173913043476,0.08928571428571429,0.37986270022883295,1.4406779661016949,7.593220338983051,4.033898305084746,0.22393822393822393,0.2696267696267696,0.006435006435006435,0.012548262548262547,0.8034337059800964,0.8850983710276252,0.9070969861670299,0.559322033898305,0.11864406779661017,0.3389830508474576,0.0,0.4067796610169492,0.22033898305084745,0.11864406779661017,0.11864406779661017,5.9447983014862,1.167728237791932,5.090909090909091,0.46704331450094166,0.4693045617897357,0.7464342313787639,6.736925515055468,6.0,21.389830508474578,17.0,0.2542372881355932,0.2711864406779661,0.4067796610169492,0.22033898305084745,0.25,0.2857142857142857,0.1864406779661017,0.625,0.32142857142857145,0.23214285714285715,0.06779661016949153,0.08928571428571429,0.14285714285714285,0.288135593220339,0.14285714285714285,0.19642857142857142,0.0,0.017857142857142856,0.08928571428571429,0.7687619596472648,0.5963700440528635,0.2599118942731278,0.7312775330396476,0.00881057268722467,3.259904912836767,0.18303571428571427,2.4347826086956523,0.2033898305084746,3.983050847457627,0.4745762711864407,2.0,0.03389830508474576,1.0,0.5,0.0,0.0,0.0,0.0,2.0,0.0,0.0,2.0,0.03389830508474576,1.0,0.5,0.0,0.0,0.0,0.0,0.0,0.0,0.0,0.0,0.0,0.0,0.0,0.0,0.0,0.0,0.0,0.0,0.0,0.0,0.0,0.2033898305084746,0.11864406779661017,0.288135593220339,0.2033898305084746,0.11864406779661017,0.288135593220339
2.docx,2.docx,1.0,0.0,9.0,2.6916511794761204,2.0,2.8131188118811883,9.0,0.002647925266972886,1.9113282794408402,0.13953488372093023,1.8571428571428572,0.0,0.2261904761904762,0.6785714285714286,0.05952380952380952,0.16666666666666666,0.2877955354494354,0.14955696952948916,0.47803446643008873,0.5279642126051509,0.4714391206723385,0.48441113134861924,0.48365480689022305,0.9373494025461909,0.011904761904761904,0.0,0.753682173047592,0.4774006898666163,0.16666666666666666,0.7142857142857143,2.1176470588235294,0.17647058823529413,0.3676588897827836,241.8965967572036,0.9274951900655148,0.6899038461538461,0.6741831181456028,20.099474752219134,0.7083414212717987,0.49006978889933656,0.2651774603450362,0.0,1.0,6.0,0.0,0.14285714285714285,0.4523809523809524,0.2619047619047619,0.10714285714285714,0.03571428571428571,0.10714285714285714,0.32142857142857145,0.16666666666666666,0.16666666666666666,0.23809523809523808,0.07142857142857142,0.21428571428571427,0.03571428571428571,0.03571428571428571,0.0,0.588235294117647,0.0,0.0,1.176470588235294,0.0,0.0,0.0,0.023809523809523808,0.14285714285714285,0.0,0.011904761904761904,0.09523809523809523,0.03571428571428571,2.0,2.0,0.9066563144854765,0.6732530163655213,0.10215803640865039,0.3841714933269182,0.0942891899491361,0.15311738699047078,0.8,547.0,204.0,4.0,22.0,22.0,34.0,142.0,14.0,3.0,3.0,6.511904761904762,0.37294332723948814,0.0,0.0,0.0,457.0,0.16411378555798686,178.0,0.10674157303370786,0.3595505617977528,101.0,32.0,69.0,49.0,72.0,53.0,0.8280513738153209,436.0,0.2903752039151713,221.0,0.6787330316742082,0.08597285067873303,0.19909502262443438,0.03619909502262444,0.013333333333333334,0.355,0.625,0.02,0.3167420814479638,0.6832579185520362,0.01809954751131222,0.2973856209150327,0.30392156862745096,0.0392156862745098,0.15849673202614378,0.0915032679738562,0.10947712418300654,14.0,36.05882352941177,13.0,16.11764705882353,5.470588235294118,0.3605220228384992,0.4469820554649266,0.42081447963800905,0.11745513866231648,0.3475298126064736,1.7857142857142858,7.2976190476190474,3.261904761904762,0.0014619883040935672,0.051900584795321635,0.003167641325536062,0.011208576998050682,0.8255646893577789,0.8829098139122121,0.8991575364366406,0.25,0.07142857142857142,0.16071428571428573,0.0,0.19047619047619047,0.20238095238095238,0.5,0.023809523809523808,4.022526146419952,1.2067578439259854,3.3333333333333335,0.3938492063492063,0.4746119255842372,0.7311764705882353,6.0723529411764705,6.0,20.238095238095237,19.0,0.23809523809523808,0.30952380952380953,0.21428571428571427,0.5714285714285714,0.2073170731707317,0.13414634146341464,0.2261904761904762,0.32142857142857145,0.2682926829268293,0.23170731707317074,0.011904761904761904,0.15476190476190477,0.1951219512195122,0.17857142857142858,0.10714285714285714,0.12195121951219512,0.0,0.0,0.06097560975609756,0.8547228671106385,0.5963700440528635,0.2599118942731278,0.7312775330396476,0.00881057268722467,3.2770588235294116,0.1402936378466558,2.773755656108597,0.14285714285714285,4.2023809523809526,0.5833333333333334,0.0,0.0,0.0,0.0,0.0,0.0,0.0,2.0,1.0,0.0,0.0,0.0,0.0,0.0,0.0,1.0,0.011904761904761904,1.0,0.0,0.0,1.0,0.0,0.0,0.0,0.0,0.0,0.0,0.0,0.0,0.0,1.0,0.0,0.0,0.0,0.0,0.0,0.11904761904761904,0.0,0.0,0.11904761904761904
21.docx,21.docx,1.0,0.0,18.0,3.050478837789391,2.0,3.6784615384615384,12.0,0.022361065921132024,2.7833649351962606,0.1651376146788991,1.619047619047619,0.0,0.2619047619047619,0.6071428571428571,0.047619047619047616,0.15476190476190477,0.2742818095535452,0.09873353835916214,0.41388406496662483,0.5024987177457881,0.4586620014907035,0.48926052283490984,0.4610696316142747,0.9617162809777468,0.011904761904761904,0.0,0.7846557836589991,0.6642017238791915,0.13095238095238096,2.0,2.4582104228121926,0.0,0.2840909090909091,158.5084338102499,0.9204033892903137,0.6392111368909513,0.6750815893725991,23.323724620818187,0.8069617119335942,0.491085166708633,0.2547059312715848,0.0,1.0,8.100000000000136,0.0,0.16666666666666666,0.35714285714285715,0.21428571428571427,0.16666666666666666,0.09523809523809523,0.27380952380952384,0.17857142857142858,0.19047619047619047,0.13095238095238096,0.2261904761904762,0.23809523809523808,0.19047619047619047,0.047619047619047616,0.023809523809523808,4.424778761061947,1.4749262536873156,0.0,0.9832841691248771,0.0,0.0,0.0,0.011904761904761904,0.03571428571428571,0.07142857142857142,0.0,0.0,0.13095238095238096,0.03571428571428571,2.0,3.0,0.8877329474073034,0.6879317012490528,0.12255288591234278,0.3708682078667351,0.14355256485893486,0.16169306149370458,0.8,584.0,179.0,13.0,22.0,60.0,121.0,83.0,10.0,0.0,0.0,6.9523809523809526,0.3065068493150685,0.0,0.0,0.0,450.0,0.15333333333333332,185.0,0.11891891891891893,0.372972972972973,104.0,48.0,56.0,30.0,69.0,58.0,0.8344030651467264,400.0,0.25837988826815644,227.0,0.5154185022026432,0.2290748898678414,0.2026431718061674,0.05286343612334802,0.017094017094017096,0.28654970760233917,0.672514619883041,0.04093567251461988,0.34801762114537443,0.6519823788546255,0.01762114537444934,0.2805755395683453,0.3496402877697842,0.058992805755395686,0.10215827338129496,0.08201438848920864,0.12661870503597122,15.0,35.2015732546706,11.160275319567354,13.52015732546706,3.44149459193707,0.3170391061452514,0.3840782122905028,0.30837004405286345,0.09636871508379888,0.3140376266280753,1.3928571428571428,8.523809523809524,3.2738095238095237,0.005097039796118408,0.16055675357772986,0.003920799843168006,0.08664967653401294,0.764968699020019,0.8379588966536511,0.8402183541278165,0.39285714285714285,0.17857142857142858,0.2857142857142857,0.0,0.3333333333333333,0.36904761904761907,0.32142857142857145,0.03571428571428571,5.42929292929293,1.452020202020202,3.739130434782609,0.501984126984127,0.481464674251684,0.7787610619469026,6.441002949852507,6.0,24.214285714285715,20.0,0.19047619047619047,0.4880952380952381,0.36904761904761907,0.36904761904761907,0.1927710843373494,0.14457831325301204,0.2619047619047619,0.34523809523809523,0.3614457831325301,0.3855421686746988,0.09523809523809523,0.14285714285714285,0.0963855421686747,0.13095238095238096,0.13095238095238096,0.13253012048192772,0.0,0.012048192771084338,0.024096385542168676,0.8190560320382374,0.5963700440528635,0.2599118942731278,0.7312775330396476,0.00881057268722467,2.926745329400197,0.17458100558659218,3.154185022026432,0.21428571428571427,3.792682926829268,0.44047619047619047,2.0,0.023809523809523808,1.0,0.5,0.0,0.0,0.0,0.0,5.0,0.0,0.0,2.0,0.023809523809523808,1.0,0.5,1.0,0.011904761904761904,1.0,0.0,0.0,0.0,0.0,0.0,0.0,0.0,0.0,0.0,0.0,0.0,1.0,0.0,1.0,0.0,0.0,0.0,0.0,0.11904761904761904,0.0,0.0,0.11904761904761904
22.docx,22.docx,1.0,0.0,14.0,2.7923474270948225,2.0,2.6822016874246684,8.0,0.016551899931401316,1.881616204898933,0.1111111111111111,1.5413533834586466,0.015037593984962405,0.23308270676691728,0.7744360902255639,0.07518796992481203,0.12781954887218044,0.32504003831929595,0.14759011297483102,0.41038604631253084,0.5374638231419308,0.48792605064978206,0.47873914419134317,0.4784083516222932,0.9391347335650634,0.10526315789473684,0.0,0.8197517381563626,0.5950209248926871,0.17293233082706766,0.3,4.118993135011442,0.0,0.3670490093847758,136.6661036036036,0.9153103137450675,0.6144578313253012,0.6388928591321237,26.19052023714128,0.677129918839239,0.4728885234490027,0.24953283878578456,0.0,1.0,6.0,0.0,0.19548872180451127,0.40601503759398494,0.23308270676691728,0.10526315789473684,0.06015037593984962,0.23308270676691728,0.2631578947368421,0.19548872180451127,0.15037593984962405,0.15789473684210525,0.09774436090225563,0.15789473684210525,0.007518796992481203,0.05263157894736842,5.339435545385203,2.6697177726926014,0.0,0.0,0.0,0.0,0.0,0.0,0.007518796992481203,0.07518796992481203,0.007518796992481203,0.0,0.21804511278195488,0.03759398496240601,2.0,2.0,0.8950244909893406,0.49168510467521165,0.10740776977124773,0.34590484158671553,0.16400010048924135,0.18500297921021988,0.8,657.0,252.0,12.0,22.0,55.0,79.0,93.0,1.0,0.0,1.0,4.93984962406015,0.3835616438356164,0.007518796992481203,0.0,0.0,704.0,0.11505681818181818,275.0,0.08,0.38181818181818183,167.0,58.0,109.0,71.0,100.0,80.0,0.81941732566393,681.0,0.2867570385818561,352.0,0.5128939828080229,0.2148997134670487,0.24068767908309455,0.03151862464183381,0.00558659217877095,0.19852941176470587,0.7941176470588235,0.007352941176470588,0.1977077363896848,0.8022922636103151,0.03125,0.27007299270072993,0.3368091762252346,0.043795620437956206,0.13451511991657977,0.10636079249217935,0.10844629822732013,15.0,36.575133485888635,13.424866514111367,18.268497330282226,4.309687261632342,0.3670490093847758,0.4994786235662148,0.3210227272727273,0.10427528675703858,0.37127659574468086,1.3458646616541354,7.2105263157894735,3.601503759398496,0.00253324889170361,0.09784673844205193,0.0030082330588980365,0.008233058898036731,0.7815399192555548,0.8632609980871896,0.8675508324004467,0.37593984962406013,0.15037593984962405,0.2631578947368421,0.007518796992481203,0.21804511278195488,0.20300751879699247,0.2932330827067669,0.07518796992481203,11.939520333680917,0.7299270072992701,16.357142857142858,0.6657894736842105,0.46130248472360386,0.7315026697177727,6.869183829138063,7.0,19.714285714285715,18.0,0.16541353383458646,0.38345864661654133,0.24060150375939848,0.37593984962406013,0.1484375,0.1732283464566929,0.14285714285714285,0.34108527131782945,0.421875,0.33858267716535434,0.05263157894736842,0.07751937984496124,0.18110236220472442,0.23308270676691728,0.2713178294573643,0.1484375,0.0,0.0078125,0.0390625,0.8043603039119582,0.5963700440528635,0.2599118942731278,0.7312775330396476,0.00881057268722467,3.2200610221205186,0.1897810218978102,2.7244318181818183,0.18045112781954886,4.305343511450381,0.5338345864661654,1.0,0.007518796992481203,1.0,1.0,0.0,0.0,1.0,0.0,3.0,0.0,0.0,2.0,0.015037593984962405,1.0,0.5,3.0,0.022556390977443608,1.0,0.0,1.0,0.0,0.0,0.0,0.0,0.0,0.0,0.0,0.0,0.0,0.0,0.0,0.0,0.0,0.0,0.022556390977443608,0.015037593984962405,0.09022556390977443,0.022556390977443608,0.015037593984962405,0.09022556390977443
23.docx,23.docx,1.0,0.0,14.0,2.7680270472807473,2.0,2.978978978978979,10.0,0.008229682472207999,1.93842378290305,0.11666666666666667,1.4836065573770492,0.02459016393442623,0.26229508196721313,0.5163934426229508,0.07377049180327869,0.11475409836065574,0.34907569225277446,0.1257311521295969,0.42488582461048474,0.5019503244695245,0.4585816855150983,0.49097294654894624,0.4698052240145205,0.9338624218495853,0.12295081967213115,0.0,0.802861782273547,0.5932016739019065,0.1557377049180328,0.6,3.261312678353037,0.0,0.3145766345123258,108.07064136453053,0.8856530895876821,0.6057007125890737,0.6233514991429432,29.783987547721015,0.572448808106554,0.43035970135426893,0.26393022072100175,0.0,1.0,6.0,0.0,0.20491803278688525,0.3770491803278688,0.2540983606557377,0.09016393442622951,0.07377049180327869,0.21311475409836064,0.23770491803278687,0.1885245901639344,0.1557377049180328,0.20491803278688525,0.2459016393442623,0.10655737704918032,0.0,0.040983606557377046,0.0,0.0,0.0,0.0,0.0,0.40766408479412963,0.0,0.0,0.09016393442622951,0.040983606557377046,0.0,0.0,0.11475409836065574,0.04918032786885246,2.0,2.0,0.8981495423636621,0.5535350636626788,0.0,0.1802056702832373,0.09843134352578427,0.1884412089137258,0.8,789.0,260.0,12.0,33.0,27.0,68.0,46.0,0.0,0.0,2.0,6.467213114754099,0.32953105196451205,0.00819672131147541,0.0,0.0,587.0,0.10562180579216354,288.0,0.08333333333333333,0.4895833333333333,157.0,60.0,97.0,41.0,49.0,40.0,0.7560245780711559,609.0,0.3794466403162055,276.0,0.5948905109489051,0.12408759124087591,0.24817518248175183,0.032846715328467155,0.0,0.25,0.7416666666666667,0.008333333333333333,0.24087591240875914,0.7591240875912408,0.043478260869565216,0.20218579234972678,0.383879781420765,0.05327868852459016,0.12021857923497267,0.06967213114754098,0.17076502732240437,15.0,30.94170403587444,11.251528740317978,18.95637994292703,5.951895637994293,0.36363636363636365,0.6126482213438735,0.5289855072463768,0.06455862977602109,0.3877551020408163,1.3360655737704918,6.221311475409836,3.8114754098360657,0.022196065242979655,0.13099041533546327,0.004371952244829325,0.017151504960484277,0.7992347291896136,0.85281031776897,0.8627712254369915,0.4016393442622951,0.1557377049180328,0.2786885245901639,0.00819672131147541,0.12295081967213115,0.14754098360655737,0.13114754098360656,0.06557377049180328,5.037513397642015,2.197213290460879,2.292682926829268,0.4651639344262295,0.4728320485832133,0.7607011822258459,6.419894007337954,6.0,20.10655737704918,18.0,0.1885245901639344,0.22950819672131148,0.1885245901639344,0.1557377049180328,0.13043478260869565,0.20353982300884957,0.16393442622950818,0.30578512396694213,0.4434782608695652,0.2920353982300885,0.07377049180327869,0.18181818181818182,0.07964601769911504,0.11475409836065574,0.19008264462809918,0.12173913043478261,0.0,0.017391304347826087,0.008695652173913044,0.8087417683862748,0.5963700440528635,0.2599118942731278,0.7312775330396476,0.00881057268722467,2.91805951895638,0.1963109354413702,2.75,0.22131147540983606,4.262711864406779,0.5819672131147541,0.0,0.0,0.0,0.0,0.0,0.0,0.0,0.0,0.0,0.0,1.0,1.0,0.00819672131147541,1.0,1.0,0.0,0.0,0.0,0.0,0.0,0.0,0.0,0.0,0.0,0.0,0.0,0.0,0.0,0.0,0.0,0.0,0.0,0.0,0.0,0.07377049180327869,0.040983606557377046,0.12295081967213115,0.07377049180327869,0.040983606557377046,0.12295081967213115
24.docx,24.docx,1.0,0.0,18.0,3.593074607492062,2.0,4.250271444082519,12.0,0.006458727946827802,1.9798798490634002,0.0963855421686747,1.7719298245614035,0.017543859649122806,0.21052631578947367,0.47368421052631576,0.05263157894736842,0.05263157894736842,0.311565175079641,0.10790070050245737,0.32822834662449624,0.5198499696194429,0.466655691496515,0.48424452811012497,0.4634349111193123,0.9241786697402931,0.05263157894736842,0.0,0.759465929213213,0.757682525222877,0.3333333333333333,0.3076923076923077,3.370194839389152,0.0526592943654555,0.3642241379310345,102.55760208372124,0.8901739957342172,0.6342525399129173,0.6601111193075601,27.14433748821116,0.7132027325157072,0.4612029533079985,0.2732435151998478,0.0,1.0,7.0,0.0,0.10526315789473684,0.21052631578947367,0.21052631578947367,0.19298245614035087,0.2807017543859649,0.19298245614035087,0.24561403508771928,0.03508771929824561,0.10526315789473684,0.42105263157894735,0.38596491228070173,0.07017543859649122,0.0,0.03508771929824561,0.0,0.0,0.0,0.0,0.0,0.0,0.03508771929824561,0.0,0.05263157894736842,0.17543859649122806,0.0,0.0,0.3333333333333333,0.07017543859649122,2.0,2.0,0.8726250196111613,0.6023314755129516,0.20224942454769887,0.39541266114328005,0.086472908710795,0.17294581742159,0.8,654.0,210.0,10.0,24.0,35.0,84.0,16.0,6.0,0.0,3.0,11.473684210526315,0.3211009174311927,0.05263157894736842,0.0,0.03508771929824561,507.0,0.1341222879684418,227.0,0.09691629955947137,0.44052863436123346,113.0,43.0,70.0,69.0,42.0,52.0,0.7936488488795651,516.0,0.3679092382495948,160.0,0.59375,0.13125,0.26875,0.00625,0.031578947368421054,0.22794117647058823,0.7426470588235294,0.029411764705882353,0.225,0.775,0.025,0.27257799671592775,0.3563218390804598,0.03776683087027915,0.08538587848932677,0.08045977011494253,0.16748768472906403,16.0,32.49078462348605,8.42548709847288,19.378620326487624,4.634017904160085,0.2593192868719611,0.5964343598055105,0.55,0.06807131280388978,0.2967213114754098,1.6666666666666667,10.824561403508772,6.456140350877193,0.04342653182629387,0.11996827285346025,0.008724965298433472,0.011699385286535793,0.8091804255522271,0.8656960670084521,0.8855654274978195,0.49122807017543857,0.17543859649122806,0.3333333333333333,0.0,0.40350877192982454,0.3157894736842105,0.08771929824561403,0.07017543859649122,5.244252873563219,2.8735632183908044,1.825,0.44550960735171263,0.4395653737315282,0.7330173775671406,5.964718272775145,6.0,33.31578947368421,29.0,0.2982456140350877,0.38596491228070173,0.42105263157894735,0.3157894736842105,0.16666666666666666,0.1320754716981132,0.10526315789473684,0.2222222222222222,0.24074074074074073,0.32075471698113206,0.05263157894736842,0.05555555555555555,0.11320754716981132,0.12280701754385964,0.18518518518518517,0.2222222222222222,0.0,0.0,0.018518518518518517,0.8689413227705962,0.5963700440528635,0.2599118942731278,0.7312775330396476,0.00881057268722467,2.8657187993680884,0.18152350081037277,3.85625,0.19298245614035087,5.614035087719298,0.631578947368421,1.0,0.017543859649122806,1.0,1.0,0.0,0.0,0.0,0.0,3.0,0.0,0.0,3.0,0.05263157894736842,1.0,0.3333333333333333,0.0,0.0,0.0,0.0,0.0,0.0,0.0,0.0,0.0,0.0,0.0,0.0,0.0,0.0,0.0,0.0,0.0,0.0,0.0,0.03508771929824561,0.017543859649122806,0.19298245614035087,0.03508771929824561,0.017543859649122806,0.19298245614035087
25.docx,25.docx,1.0,0.0,12.0,3.166534184402388,2.0,2.633663366336634,8.0,0.008391367087019262,1.7070444789128998,0.05263157894736842,1.54,0.02,0.46,0.52,0.12,0.14,0.27493921594177345,0.07137261310726785,0.47778541719718187,0.48751334770251464,0.4200839722199681,0.5451157866752591,0.5018049451538756,0.9163489409063298,0.14,0.0,0.687122437505683,0.5421001284690046,0.24,0.18181818181818182,3.1282586027111576,0.0,0.29071332436069985,135.10359363788564,0.9027409822177813,0.6367924528301887,0.6829575433432369,26.488404938376725,0.6956549974724759,0.4357832087264936,0.2571404376371776,0.0,1.0,5.0,0.0,0.22,0.38,0.22,0.14,0.04,0.22,0.12,0.22,0.22,0.22,0.1,0.08,0.0,0.0,0.0,0.0,0.0,0.0,0.0,0.0,0.0,0.0,0.02,0.18,0.0,0.04,0.14,0.08,2.0,2.0,0.8418186735727644,0.7746319868686843,0.20559250818508307,0.3095434291503252,0.08471224375056831,0.16942448750113662,0.8,264.0,119.0,3.0,18.0,18.0,35.0,5.0,0.0,0.0,0.0,5.28,0.45075757575757575,0.0,0.0,0.0,216.0,0.24074074074074073,75.0,0.18666666666666668,0.41333333333333333,61.0,13.0,48.0,20.0,21.0,36.0,0.8544597962131537,222.0,0.1918158567774936,129.0,0.46511627906976744,0.11627906976744186,0.4108527131782946,0.007751937984496124,0.0,0.22807017543859648,0.7719298245614035,0.0,0.15503875968992248,0.8449612403100775,0.023255813953488372,0.2557544757033248,0.42710997442455245,0.030690537084398978,0.13810741687979539,0.07672634271099744,0.07161125319693094,15.0,40.77163712200208,13.451511991657977,16.579770594369133,4.588112617309697,0.329923273657289,0.40664961636828645,0.34108527131782945,0.05370843989769821,0.23641304347826086,1.2,7.82,3.18,0.03732981993851559,0.11330698287220026,0.00922266139657444,0.022837066315327184,0.7884425043619234,0.8941494803490067,0.9093855341238081,0.54,0.16,0.35,0.0,0.28,0.2,0.04,0.0,5.921938088829071,1.3458950201884252,4.4,0.55,0.47958315233127197,0.7747653806047967,6.9426485922836285,7.0,19.18,16.0,0.3,0.3,0.3,0.16,0.16,0.18,0.46,0.4,0.38,0.38,0.1,0.28,0.2,0.14,0.14,0.22,0.0,0.12,0.02,0.7658535817462134,0.5963700440528635,0.2599118942731278,0.7312775330396476,0.00881057268722467,3.397288842544317,0.1432225063938619,3.0310077519379846,0.1,3.26,0.32,0.0,0.0,0.0,0.0,0.0,0.0,0.0,0.0,0.0,0.0,0.0,2.0,0.04,1.0,0.5,1.0,0.02,1.0,0.0,0.0,0.0,0.0,0.0,0.0,0.0,0.0,0.0,0.0,0.0,0.0,0.0,0.0,0.0,0.0,0.04,0.02,0.22,0.04,0.02,0.22
26.docx,26.docx,1.0,0.0,17.0,2.9081588873700377,2.0,2.634825870646766,8.0,0.007043855905139548,1.8518546107868357,0.12745098039215685,1.3693693693693694,0.009009009009009009,0.2702702702702703,0.8288288288288288,0.09009009009009009,0.14414414414414414,0.29722507654781466,0.11908461426656426,0.4303394131218871,0.5400035336092922,0.4534724557953839,0.5024942804890883,0.44942952855756013,0.9263402615848674,0.12612612612612611,0.0,0.8296757537234961,0.5403741563043104,0.16216216216216217,0.16666666666666666,7.597923548843795,0.04719207173194903,0.257566765578635,97.07069791792519,0.9075669584449582,0.60984393757503,0.6903886333869842,26.00885420811187,0.777575177964824,0.48885578442128996,0.2551346530267434,0.0,1.0,6.0,0.0,0.18018018018018017,0.46846846846846846,0.1981981981981982,0.10810810810810811,0.04504504504504504,0.2972972972972973,0.25225225225225223,0.2072072072072072,0.11711711711711711,0.12612612612612611,0.1981981981981982,0.10810810810810811,0.009009009009009009,0.0,2.831524303916942,0.9438414346389807,0.0,0.0,0.0,0.0,0.0,0.0,0.036036036036036036,0.12612612612612611,0.0,0.0,0.3963963963963964,0.036036036036036036,2.0,2.0,0.870757367449648,0.6324139396959793,0.11759466565886476,0.4256677397770238,0.1347419835854336,0.19656578137532982,0.8,507.0,192.0,7.0,27.0,59.0,42.0,64.0,4.0,0.0,0.0,4.5675675675675675,0.378698224852071,0.0,0.0,0.0,434.0,0.12211981566820276,193.0,0.08808290155440414,0.40932642487046633,120.0,37.0,83.0,19.0,53.0,45.0,0.7913773943427773,412.0,0.20864864864864865,239.0,0.5271966527196653,0.100418410041841,0.3305439330543933,0.04184100418410042,0.015873015873015872,0.2347417840375587,0.7276995305164319,0.03755868544600939,0.2803347280334728,0.7196652719665272,0.016736401673640166,0.2809110629067245,0.3915401301518438,0.06182212581344902,0.10303687635574837,0.06073752711496746,0.1019522776572668,14.0,43.652666352052854,11.27890514393582,21.472392638036812,2.595563945257197,0.2583783783783784,0.4918918918918919,0.2301255230125523,0.057297297297297295,0.36538461538461536,1.135135135135135,8.333333333333334,4.099099099099099,0.039889415481832544,0.15876777251184834,0.004739336492890996,0.013428120063191154,0.7412547017004737,0.8476033524224301,0.8517255117468256,0.3963963963963964,0.08108108108108109,0.23873873873873874,0.0,0.16216216216216217,0.27927927927927926,0.23423423423423423,0.036036036036036036,13.11572700296736,0.5934718100890208,22.1,0.7391891891891893,0.4188002350526123,0.7951864086833412,7.362435110901369,7.0,19.09009009009009,16.0,0.21621621621621623,0.3783783783783784,0.16216216216216217,0.2882882882882883,0.08411214953271028,0.2336448598130841,0.27522935779816515,0.3611111111111111,0.32710280373831774,0.32710280373831774,0.08256880733944955,0.16666666666666666,0.21495327102803738,0.1834862385321101,0.19444444444444445,0.19626168224299065,0.009345794392523364,0.028037383177570093,0.018691588785046728,0.8087194625129046,0.5963700440528635,0.2599118942731278,0.7312775330396476,0.00881057268722467,3.4591788579518643,0.2627027027027027,3.8702928870292888,0.15315315315315314,4.08256880733945,0.3783783783783784,0.0,0.0,0.0,0.0,1.0,0.0,0.0,0.0,2.0,0.0,0.0,2.0,0.018018018018018018,1.0,0.5,2.0,0.018018018018018018,1.0,0.0,0.0,0.0,0.0,0.0,0.0,0.0,0.0,0.0,0.0,0.0,0.0,0.0,0.0,0.0,0.0,0.0,0.0,0.09174311926605505,0.0,0.0,0.09174311926605505
27.docx,27.docx,1.0,0.0,10.0,2.350403687885425,2.0,3.084507042253521,9.649999999999977,0.006723619680430311,1.6026745950905614,0.07407407407407407,1.0952380952380953,0.07142857142857142,0.40476190476190477,0.8571428571428571,0.2619047619047619,0.3333333333333333,0.23195650341586924,0.20316674821992217,0.574223602484472,0.5457190112632984,0.3902952652145352,0.47964698541776485,0.4577725194716783,0.8458949176585914,0.09523809523809523,0.0,0.7459677419354839,0.7260648149857788,0.09523809523809523,0.16666666666666666,5.245901639344262,0.0,0.17307692307692307,187.18736928056245,0.9200994498666301,0.726027397260274,0.667759250699148,18.598794317324383,0.805470770250203,0.4973033986827233,0.23234521946931924,0.0,1.0,5.0,0.0,0.42857142857142855,0.2857142857142857,0.21428571428571427,0.047619047619047616,0.023809523809523808,0.5238095238095238,0.19047619047619047,0.14285714285714285,0.07142857142857142,0.07142857142857142,0.09523809523809523,0.07142857142857142,0.0,0.023809523809523808,1.639344262295082,0.0,0.0,0.0,0.0,1.639344262295082,0.0,0.0,0.0,0.0,0.0,0.0,0.23809523809523808,0.14285714285714285,2.0,2.0,0.749699552742346,0.7939197671560797,0.0,0.33751885165878304,0.11608989318027352,0.16824116743471582,0.8,140.0,49.0,18.0,3.0,16.0,6.0,20.0,0.0,1.0,0.0,3.3333333333333335,0.35,0.0,0.023809523809523808,0.0,90.0,0.3111111111111111,49.0,0.2653061224489796,0.42857142857142855,21.0,6.0,15.0,9.0,4.0,4.0,0.8382888853166554,91.0,0.1801470588235294,73.0,0.4861111111111111,0.08333333333333333,0.4027777777777778,0.027777777777777776,0.0,0.2878787878787879,0.6212121212121212,0.09090909090909091,0.3611111111111111,0.6388888888888888,0.0410958904109589,0.23529411764705882,0.5147058823529411,0.025735294117647058,0.058823529411764705,0.058823529411764705,0.10661764705882353,13.0,44.59016393442623,11.967213114754099,26.39344262295082,2.1311475409836063,0.26838235294117646,0.5919117647058824,0.1780821917808219,0.014705882352941176,0.48120300751879697,0.8333333333333334,6.476190476190476,3.8333333333333335,0.005930318754633061,0.14899925871015568,0.010378057820607857,0.026686434395848776,0.7037402962996593,0.8603788549597686,0.8642266259036429,0.42857142857142855,0.11904761904761904,0.27380952380952384,0.0,0.047619047619047616,0.14285714285714285,0.09523809523809523,0.16666666666666666,9.230769230769232,0.9615384615384616,9.6,0.4277777777777778,0.47930266071071825,0.8524590163934426,7.926229508196721,8.0,14.523809523809524,13.5,0.07142857142857142,0.2619047619047619,0.047619047619047616,0.09523809523809523,0.1,0.125,0.14285714285714285,0.5609756097560976,0.45,0.55,0.19047619047619047,0.17073170731707318,0.2,0.40476190476190477,0.12195121951219512,0.325,0.0,0.025,0.025,0.7568613511815492,0.5963700440528635,0.2599118942731278,0.7312775330396476,0.00881057268722467,3.5327868852459017,0.23897058823529413,3.7260273972602738,0.23809523809523808,2.7142857142857144,0.35714285714285715,0.0,0.0,0.0,0.0,0.0,0.0,0.0,0.0,1.0,0.0,0.0,0.0,0.0,0.0,0.0,0.0,0.0,0.0,0.0,0.0,0.0,0.0,0.0,0.0,0.0,0.0,0.0,0.0,1.0,0.0,0.0,0.0,0.0,1.0,0.16666666666666666,0.11904761904761904,0.35714285714285715,0.16666666666666666,0.11904761904761904,0.35714285714285715
28.docx,28.docx,1.0,0.0,12.0,2.0901090333312324,2.0,3.134560906515581,11.0,0.007252798627272681,1.6628634544849714,0.10526315789473684,0.8076923076923077,0.11538461538461539,0.19230769230769232,0.8076923076923077,0.07692307692307693,0.11538461538461539,0.3285131476843708,0.2914836039852722,0.24447446962974914,0.5592468991855968,0.4574028818398094,0.4725417657103884,0.46054098033835206,0.8043128031433419,0.057692307692307696,0.0,0.6995934111759801,0.8622147285469164,0.25,2.0,3.968253968253968,0.0,0.2879045996592845,118.94212945637553,0.8894276736902815,0.7494145199063232,0.6512208365029177,16.3070039779569,0.7188536502272669,0.511068674956765,0.24420419679234437,0.0,1.0,7.0,0.0,0.4423076923076923,0.23076923076923078,0.19230769230769232,0.11538461538461539,0.019230769230769232,0.4807692307692308,0.25,0.038461538461538464,0.057692307692307696,0.17307692307692307,0.057692307692307696,0.0,0.0,0.0,2.6455026455026456,6.613756613756613,2.6455026455026456,0.0,0.0,0.0,0.0,0.0,0.038461538461538464,0.019230769230769232,0.019230769230769232,0.0,0.15384615384615385,0.17307692307692307,2.0,2.0,0.7627121304017378,0.7522121733341474,0.3912435636292556,0.461767608211969,0.18086187260836478,0.1629956053121191,0.8,242.0,76.0,14.0,7.0,8.0,44.0,26.0,2.0,0.0,1.0,4.653846153846154,0.3140495867768595,0.019230769230769232,0.0,0.038461538461538464,169.0,0.21893491124260356,77.0,0.18181818181818182,0.4935064935064935,66.0,10.0,56.0,12.0,7.0,7.0,0.749465831792283,167.0,0.22318840579710145,60.0,0.65,0.06666666666666667,0.26666666666666666,0.016666666666666666,0.07692307692307693,0.21568627450980393,0.7843137254901961,0.0,0.2,0.8,0.0,0.49709302325581395,0.25872093023255816,0.005813953488372093,0.08430232558139535,0.040697674418604654,0.11337209302325581,14.0,45.63492063492063,7.936507936507936,16.93121693121693,2.6455026455026456,0.17391304347826086,0.3710144927536232,0.3333333333333333,0.020289855072463767,0.2835820895522388,0.75,6.634615384615385,2.4615384615384617,0.010410641989589358,0.09427414690572586,0.01098901098901099,0.02197802197802198,0.7780431449776483,0.8938102555459485,0.9068341365333633,0.3076923076923077,0.0,0.15384615384615385,0.019230769230769232,0.21153846153846154,0.057692307692307696,0.23076923076923078,0.3076923076923077,6.984667802385008,2.0442930153321974,3.4166666666666665,0.30929487179487175,0.42940046483960725,0.7764550264550265,6.333333333333333,6.0,14.538461538461538,12.0,0.1346153846153846,0.17307692307692307,0.5384615384615384,0.3076923076923077,0.14634146341463414,0.16216216216216217,0.19230769230769232,0.62,0.24390243902439024,0.40540540540540543,0.057692307692307696,0.06,0.10810810810810811,0.19230769230769232,0.1,0.21951219512195122,0.0,0.0,0.0,0.8180607400977572,0.5963700440528635,0.2599118942731278,0.7312775330396476,0.00881057268722467,3.1164021164021163,0.13623188405797101,5.75,0.34615384615384615,3.4680851063829787,0.2692307692307692,0.0,0.0,0.0,0.0,0.0,0.0,0.0,0.0,1.0,3.0,0.0,0.0,0.0,0.0,0.0,1.0,0.019230769230769232,1.0,0.0,0.0,0.0,0.0,0.0,0.0,0.0,0.0,0.0,0.0,0.0,0.0,0.0,0.0,0.0,0.0,0.23076923076923078,0.15384615384615385,0.34615384615384615,0.23076923076923078,0.15384615384615385,0.34615384615384615
29.docx,29.docx,1.0,0.0,18.0,3.28982478699987,2.0,3.400929692039512,10.0,0.013146359899332685,1.9822856406852365,0.12149532710280374,1.6666666666666667,0.0,0.2361111111111111,0.8333333333333334,0.05555555555555555,0.18055555555555555,0.31292341859002415,0.11530205609192778,0.43238666617225924,0.5313171027107852,0.4395258899307964,0.4960061843035298,0.48105191717154455,0.9442591590530036,0.08333333333333333,0.0,0.7894598490659914,0.6980694512509186,0.2222222222222222,0.2727272727272727,6.19074177356386,0.055772448410485224,0.3222713864306785,126.49344197138315,0.9079874969483815,0.6324900133155792,0.6442180254219433,26.59795485390933,0.7524620952514403,0.4914269603182381,0.24494319110597768,0.0,1.0,7.0,0.0,0.09722222222222222,0.3611111111111111,0.3333333333333333,0.09722222222222222,0.1111111111111111,0.16666666666666666,0.2777777777777778,0.16666666666666666,0.1388888888888889,0.25,0.1111111111111111,0.16666666666666666,0.0,0.08333333333333333,1.1154489682097044,0.0,0.0,0.5577244841048522,0.0,0.0,0.041666666666666664,0.0,0.027777777777777776,0.06944444444444445,0.013888888888888888,0.013888888888888888,0.4027777777777778,0.041666666666666664,2.0,2.0,0.9060808748548842,0.8224042259549891,0.0,0.0,0.10828780651802462,0.18289196981319827,0.8,413.0,175.0,13.0,16.0,17.0,67.0,52.0,0.0,0.0,0.0,5.736111111111111,0.423728813559322,0.0,0.0,0.0,437.0,0.13043478260869565,192.0,0.109375,0.3958333333333333,111.0,26.0,85.0,34.0,60.0,36.0,0.8156609554980753,424.0,0.26778242677824265,214.0,0.42990654205607476,0.1822429906542056,0.3598130841121495,0.028037383177570093,0.0,0.2571428571428571,0.7428571428571429,0.0,0.21495327102803738,0.7850467289719626,0.018691588785046728,0.19818456883509833,0.394856278366112,0.046898638426626324,0.13767019667170954,0.10136157337367625,0.12102874432677761,14.0,39.98884551031791,11.935303959843838,15.39319576129392,4.517568321249303,0.298465829846583,0.38493723849372385,0.37850467289719625,0.08368200836820083,0.29411764705882354,1.2777777777777777,9.958333333333334,3.8333333333333335,0.003986710963455149,0.11184939091915837,0.004429678848283499,0.015946843853820596,0.7994096489571065,0.8501067416974699,0.8658831679537836,0.4861111111111111,0.19444444444444445,0.3402777777777778,0.0,0.1388888888888889,0.08333333333333333,0.2222222222222222,0.0,9.660766961651918,1.9174041297935103,5.038461538461538,0.6694444444444445,0.41797018323568735,0.7562744004461796,6.552147239263804,7.0,24.90277777777778,21.0,0.1111111111111111,0.1527777777777778,0.18055555555555555,0.2361111111111111,0.2222222222222222,0.1527777777777778,0.2361111111111111,0.3472222222222222,0.375,0.3472222222222222,0.05555555555555555,0.20833333333333334,0.1527777777777778,0.16666666666666666,0.09722222222222222,0.125,0.0,0.0,0.05555555555555555,0.8096800461860105,0.5963700440528635,0.2599118942731278,0.7312775330396476,0.00881057268722467,3.089793641940881,0.2510460251046025,3.350467289719626,0.06944444444444445,4.680555555555555,0.5277777777777778,3.0,0.041666666666666664,1.0,0.3333333333333333,0.0,0.0,1.0,0.0,0.0,0.0,0.0,3.0,0.041666666666666664,1.0,0.3333333333333333,0.0,0.0,0.0,0.0,1.0,0.0,0.0,0.0,0.0,0.0,0.0,0.0,0.0,0.0,0.0,0.0,0.0,0.0,0.0,0.0,0.0,0.1388888888888889,0.0,0.0,0.1388888888888889
3.docx,3.docx,1.0,0.0,15.0,2.499506701627883,2.0,2.916612377850163,11.0,0.009134253619547736,1.6751756358482848,0.1375,1.4166666666666667,0.07291666666666667,0.2916666666666667,0.625,0.041666666666666664,0.125,0.31830657903058424,0.1482748519764187,0.357568470313963,0.5181391523628351,0.49600379055101085,0.4526248930079131,0.4242132894419202,0.8851018233272748,0.020833333333333332,0.0,0.7823326533142477,0.721249078581499,0.14583333333333334,0.17647058823529413,3.0061349693251533,0.0,0.2704598597038192,134.41919902457323,0.9128126676666348,0.6430722891566265,0.6708453529664067,26.061422864594775,0.8365105138304805,0.5056583184106124,0.25406214723305204,0.0,1.0,6.0,0.0,0.3541666666666667,0.3020833333333333,0.20833333333333334,0.08333333333333333,0.052083333333333336,0.4166666666666667,0.14583333333333334,0.16666666666666666,0.07291666666666667,0.19791666666666666,0.09375,0.0625,0.010416666666666666,0.03125,3.6809815950920246,1.2269938650306749,0.6134969325153374,0.0,0.0,0.0,0.0,0.010416666666666666,0.07291666666666667,0.125,0.0,0.0,0.10416666666666667,0.10416666666666667,2.0,2.0,0.8645269807432928,0.49601458079186217,0.3203751993947636,0.5833561200704737,0.13294010852262148,0.16271653066284955,0.8,608.0,171.0,6.0,28.0,22.0,126.0,151.0,12.0,0.0,0.0,6.333333333333333,0.28125,0.0,0.0,0.03125,347.0,0.17002881844380405,128.0,0.125,0.296875,91.0,22.0,69.0,20.0,54.0,46.0,0.8374097135494892,358.0,0.1839080459770115,272.0,0.43014705882352944,0.43014705882352944,0.12867647058823528,0.011029411764705883,0.07692307692307693,0.1506849315068493,0.821917808219178,0.0273972602739726,0.1801470588235294,0.8198529411764706,0.029411764705882353,0.32230215827338127,0.3366906474820144,0.02446043165467626,0.14532374100719425,0.09352517985611511,0.0776978417266187,13.0,42.69938650306748,16.687116564417177,14.723926380368098,4.539877300613497,0.39080459770114945,0.3448275862068966,0.27205882352941174,0.07758620689655173,0.27987897125567324,1.21875,7.25,2.5,0.0010351966873706005,0.09627329192546584,0.003105590062111801,0.013457556935817806,0.7639382297075171,0.8811331439687042,0.8896302770634744,0.2604166666666667,0.15625,0.20833333333333334,0.0,0.3645833333333333,0.13541666666666666,0.4166666666666667,0.22916666666666666,4.5985970381917385,1.0911925175370227,4.214285714285714,0.32256944444444446,0.4501927260050294,0.7871165644171779,6.523926380368098,6.0,16.979166666666668,16.0,0.2604166666666667,0.2708333333333333,0.65625,0.4166666666666667,0.18292682926829268,0.14473684210526316,0.29473684210526313,0.28888888888888886,0.3780487804878049,0.3026315789473684,0.042105263157894736,0.12222222222222222,0.25,0.15789473684210525,0.2111111111111111,0.13414634146341464,0.0,0.0,0.024390243902439025,0.8130988383199531,0.5963700440528635,0.2599118942731278,0.7312775330396476,0.00881057268722467,3.412883435582822,0.16522988505747127,2.5588235294117645,0.3125,3.223404255319149,0.3854166666666667,0.0,0.0,0.0,0.0,0.0,0.0,0.0,0.0,2.0,0.0,0.0,1.0,0.010416666666666666,1.0,1.0,2.0,0.020833333333333332,1.0,0.0,0.0,0.0,0.0,0.0,0.0,0.0,0.0,0.0,0.0,0.0,0.0,0.0,0.0,0.0,0.0,0.14736842105263157,0.11578947368421053,0.22105263157894736,0.14736842105263157,0.11578947368421053,0.22105263157894736
30.docx,30.docx,1.0,0.0,11.0,2.2535908971089,2.0,2.970948706309578,9.0,0.00818076275506616,1.892051980903084,0.039473684210526314,1.275,0.0,0.35,0.675,0.09375,0.0625,0.3943586516168453,0.14209891685426562,0.5129397930472542,0.5012198096770357,0.4798777985600473,0.47555649291944796,0.4057140429585564,0.9075574281267084,0.0375,0.0,0.8196063348848598,0.602072997165708,0.0625,0.25,1.0156580617858655,0.0,0.23394255874673628,284.09289437507164,0.9352782046682683,0.7214684756584198,0.6899227286683974,17.64245445943704,0.6784472553306953,0.5057235809523073,0.22513763890144886,0.0,1.0,6.0,0.0,0.31875,0.51875,0.10625,0.04375,0.0125,0.3375,0.2,0.18125,0.15625,0.125,0.025,0.06875,0.00625,0.0,0.0,0.0,0.0,0.0,0.0,0.0,0.0,0.0,0.00625,0.075,0.0,0.0,0.0125,0.01875,2.0,2.0,0.8733396772054247,0.8812908992306927,0.0846272707872734,0.24988229283318544,0.08571063348848598,0.17142126697697196,0.8,688.0,270.0,16.0,20.0,74.0,55.0,73.0,1.0,2.0,0.0,4.3,0.39244186046511625,0.0,0.0,0.00625,448.0,0.12053571428571429,278.0,0.06115107913669065,0.44244604316546765,71.0,15.0,56.0,10.0,42.0,33.0,0.7522074005334921,463.0,0.2617702448210923,271.0,0.6900369003690037,0.04059040590405904,0.24723247232472326,0.02214022140221402,0.0,0.7,0.3,0.0,0.2878228782287823,0.7121771217712177,0.05166051660516605,0.32729103726082576,0.33131923464249746,0.035246727089627394,0.11782477341389729,0.06445115810674723,0.12386706948640483,15.0,44.94286923402455,11.46847228099873,13.542107490478205,2.4121878967414303,0.2551789077212806,0.3013182674199623,0.21033210332103322,0.03954802259887006,0.22440944881889763,1.16875,6.6375,2.0,0.0015420200462606013,0.11700077101002312,0.0026985350809560524,0.023708558211256746,0.7705690814738066,0.8432372225409235,0.8684408282983528,0.26875,0.01875,0.14375,0.0,0.1375,0.2125,0.1625,0.05625,1.5665796344647518,0.9399477806788512,1.6666666666666667,0.171875,0.37519526166384354,0.8104104951333051,5.920440118493441,6.0,14.76875,12.5,0.125,0.35625,0.1375,0.1875,0.17088607594936708,0.10191082802547771,0.275,0.4375,0.3924050632911392,0.3630573248407643,0.05,0.09375,0.1592356687898089,0.15625,0.20625,0.10759493670886076,0.0,0.006329113924050633,0.04430379746835443,0.7156829312038356,0.5963700440528635,0.2599118942731278,0.7312775330396476,0.00881057268722467,3.1168006771053745,0.051789077212806026,3.918819188191882,0.175,4.0625,0.5125,3.0,0.01875,1.0,0.3333333333333333,0.0,0.0,0.0,0.0,0.0,0.0,0.0,3.0,0.01875,1.0,0.3333333333333333,3.0,0.01875,1.0,0.0,0.0,0.0,0.0,0.0,0.0,0.0,0.0,0.0,0.0,0.0,0.0,1.0,0.0,0.0,0.0,0.0,0.0,0.0625,0.0,0.0,0.0625
31.docx,31.docx,1.0,0.0,17.0,3.181723966775267,2.0,2.8318915127425766,9.0,0.008376910567585678,1.9011716880172296,0.10820895522388059,2.00561797752809,0.0,0.3089887640449438,0.8146067415730337,0.08426966292134831,0.11235955056179775,0.31803526241974517,0.11969149343818831,0.33581404846815,0.5282112147532821,0.4948274751678794,0.4801662637878543,0.45733757261468766,0.9647598355687174,0.16292134831460675,0.0,0.8651676294644639,0.5154666589660399,0.16853932584269662,0.2631578947368421,3.5024696901661425,0.0,0.3798017348203222,134.8227127305658,0.9085201365800496,0.5297619047619048,0.6760061180388388,33.12726425832067,0.6077918343574041,0.45384907422630694,0.26585805089003983,0.0,1.0,6.0,0.0,0.09550561797752809,0.3539325842696629,0.25842696629213485,0.14606741573033707,0.14606741573033707,0.15168539325842698,0.25280898876404495,0.1853932584269663,0.12359550561797752,0.28651685393258425,0.2303370786516854,0.2303370786516854,0.03932584269662921,0.028089887640449437,0.44903457566232596,0.0,0.0,0.0,0.22451728783116298,0.22451728783116298,0.011235955056179775,0.0,0.06179775280898876,0.15730337078651685,0.016853932584269662,0.011235955056179775,0.23595505617977527,0.016853932584269662,2.0,2.0,0.8712861117391918,0.6447993368084068,0.139127789226072,0.4227256648865988,0.11367736479478247,0.20898858207266807,0.8,968.0,452.0,21.0,59.0,52.0,120.0,60.0,2.0,0.0,0.0,5.438202247191011,0.4669421487603306,0.0,0.0,0.0,1226.0,0.0701468189233279,518.0,0.055984555984555984,0.3416988416988417,227.0,90.0,137.0,122.0,164.0,175.0,0.8137007396929973,1171.0,0.3290978398983482,612.0,0.5491803278688525,0.14426229508196722,0.2901639344262295,0.01639344262295082,0.01791044776119403,0.32038834951456313,0.6621359223300971,0.017475728155339806,0.28688524590163933,0.7131147540983607,0.032679738562091505,0.2514506769825919,0.3913604126370084,0.038039974210186976,0.1154094132817537,0.07285622179239201,0.13088330109606705,16.0,35.339021104625054,13.740458015267176,14.144589133363269,5.163897620116749,0.38881829733163914,0.40025412960609913,0.3758169934640523,0.10419313850063533,0.2842377260981912,1.8820224719101124,8.842696629213483,3.539325842696629,0.01048888888888889,0.11706666666666667,0.0021333333333333334,0.013333333333333334,0.7837602218556612,0.8551906333904364,0.8563975417304525,0.6067415730337079,0.08426966292134831,0.3455056179775281,0.011235955056179775,0.2303370786516854,0.06179775280898876,0.09550561797752809,0.016853932584269662,7.187112763320942,1.7967781908302356,4.0,0.5877808988764045,0.45552095000101667,0.7247418051189941,6.500898069151325,6.0,25.02247191011236,22.0,0.3258426966292135,0.2752808988764045,0.24719101123595505,0.14606741573033707,0.12571428571428572,0.12,0.11864406779661017,0.3446327683615819,0.35428571428571426,0.33714285714285713,0.04519774011299435,0.07344632768361582,0.22285714285714286,0.15819209039548024,0.14689265536723164,0.17142857142857143,0.005714285714285714,0.005714285714285714,0.03428571428571429,0.7845107570456972,0.5963700440528635,0.2599118942731278,0.7312775330396476,0.00881057268722467,3.1757970363718004,0.2121982210927573,2.5718954248366015,0.06179775280898876,4.4576271186440675,0.651685393258427,2.0,0.011235955056179775,1.0,0.5,1.0,5.0,0.0,1.0,0.0,0.0,0.0,9.0,0.05056179775280899,1.0,0.1111111111111111,1.0,0.0056179775280898875,1.0,4.0,0.0,0.0,0.0,0.0,0.0,0.0,0.0,0.0,0.0,0.0,0.0,0.0,0.0,0.0,0.0,0.0,0.0,0.05649717514124294,0.0,0.0,0.05649717514124294
32.docx,32.docx,1.0,0.0,13.0,3.4196566473296173,2.0,3.14440734557596,11.0,0.016751010223226122,1.993018234570757,0.13170731707317074,1.6691176470588236,0.0,0.25,0.8014705882352942,0.04411764705882353,0.1323529411764706,0.3196457962141654,0.10856282430673284,0.28754224743804613,0.5390778079685912,0.4481653710944463,0.5063442997118499,0.44995438875917676,0.9620871576661347,0.03676470588235294,0.0,0.8535641788431525,0.42730749522663375,0.33088235294117646,0.2727272727272727,5.093833780160858,0.08042895442359249,0.4075471698113208,176.7683363751354,0.9034778027559341,0.5861500412201154,0.6357991801811618,30.610619144963803,0.6484987674091127,0.42719446359753926,0.26271022564832813,0.0,1.0,6.0,0.0,0.051470588235294115,0.29411764705882354,0.33088235294117646,0.19117647058823528,0.1323529411764706,0.13970588235294118,0.14705882352941177,0.18382352941176472,0.19852941176470587,0.33088235294117646,0.3161764705882353,0.22794117647058823,0.03676470588235294,0.014705882352941176,0.0,0.0,0.0,0.0,0.5361930294906166,0.0,0.0,0.007352941176470588,0.03676470588235294,0.029411764705882353,0.0,0.014705882352941176,0.35294117647058826,0.022058823529411766,2.0,2.0,0.8692420762030857,0.6600017491238325,0.07613169094711819,0.15374218032876188,0.09602711789211332,0.18100695341568931,0.8,807.0,386.0,0.0,9.0,46.0,24.0,204.0,3.0,0.0,3.0,5.9338235294117645,0.47831474597273854,0.022058823529411766,0.0,0.007352941176470588,1080.0,0.08055555555555556,410.0,0.06829268292682927,0.4170731707317073,304.0,108.0,196.0,84.0,115.0,142.0,0.7794905356576841,1047.0,0.3101361573373676,358.0,0.6138328530259366,0.138328530259366,0.2276657060518732,0.020172910662824207,0.0,0.3311036789297659,0.6488294314381271,0.020066889632107024,0.2507204610951009,0.7492795389048992,0.06983240223463687,0.1815431164901664,0.4409984871406959,0.059001512859304085,0.1059001512859304,0.06959152798789713,0.14296520423600606,14.0,35.442359249329755,9.597855227882038,19.758713136729224,5.7640750670241285,0.2708018154311649,0.5574886535552194,0.6005586592178771,0.08698940998487141,0.38632872503840243,1.5661764705882353,9.720588235294118,5.419117647058823,0.008053550883798766,0.14485932433845833,0.0021964229683087543,0.013596904089530383,0.7752863085175058,0.8321859860734685,0.8349969258502729,0.3235294117647059,0.11764705882352941,0.22058823529411764,0.0,0.0661764705882353,0.13970588235294118,0.4411764705882353,0.007352941176470588,9.547169811320755,0.07547169811320754,126.5,0.7806372549019608,0.40959798453956003,0.710455764075067,6.702144772117962,7.0,27.426470588235293,27.0,0.0661764705882353,0.2867647058823529,0.0661764705882353,0.5441176470588235,0.1323529411764706,0.15555555555555556,0.14705882352941177,0.29411764705882354,0.22794117647058823,0.35555555555555557,0.0661764705882353,0.11764705882352941,0.0962962962962963,0.11029411764705882,0.15441176470588236,0.19852941176470587,0.0,0.0,0.0,0.8549446690008029,0.5963700440528635,0.2599118942731278,0.7312775330396476,0.00881057268722467,3.053887399463807,0.20953101361573373,3.6927374301675977,0.16176470588235295,5.977611940298507,0.6470588235294118,11.0,0.08088235294117647,1.0,0.09090909090909091,0.0,0.0,0.0,2.0,1.0,0.0,0.0,12.0,0.08823529411764706,2.0,0.16666666666666666,1.0,0.007352941176470588,1.0,0.0,0.0,1.0,0.0,0.0,0.0,0.0,0.0,0.0,0.0,1.0,0.0,0.0,0.0,0.0,1.0,0.0,0.0,0.07352941176470588,0.0,0.0,0.07352941176470588
33.docx,33.docx,1.0,0.0,42.0,3.6606546752359765,2.0,3.148828663298117,12.0,0.006499855622420188,1.847627703334904,0.15702479338842976,1.8395061728395061,0.012345679012345678,0.30864197530864196,0.8518518518518519,0.13580246913580246,0.13580246913580246,0.27502759269339266,0.0985749456945104,0.4560915837861489,0.519101132622934,0.43674826304208403,0.5226325660104655,0.4858088303606768,0.9186949295659772,0.037037037037037035,0.0,0.8249354809300564,0.9090726506471722,0.20987654320987653,0.5,9.654561558901682,0.0,0.2925014310246136,82.06243610887728,0.8964552567184686,0.5930521091811415,0.6494623633603097,26.08342836540767,0.777255401430199,0.49292154327612275,0.24441888305855874,0.0,1.0,6.0,0.0,0.1111111111111111,0.32098765432098764,0.2839506172839506,0.16049382716049382,0.12345679012345678,0.1728395061728395,0.19753086419753085,0.2222222222222222,0.20987654320987653,0.19753086419753085,0.13580246913580246,0.19753086419753085,0.0,0.037037037037037035,0.0,0.0,0.0,0.0,0.0,0.0,0.0,0.012345679012345678,0.1111111111111111,0.09876543209876543,0.037037037037037035,0.0,0.3950617283950617,0.04938271604938271,2.0,2.0,0.8607275508410902,0.5592986960577768,0.0,0.30598487371383465,0.08743181969794392,0.17486363939588784,0.8,599.0,225.0,21.0,14.0,53.0,118.0,50.0,1.0,0.0,0.0,7.395061728395062,0.3756260434056761,0.0,0.0,0.012345679012345678,511.0,0.11741682974559686,220.0,0.08636363636363636,0.40454545454545454,134.0,28.0,106.0,47.0,45.0,58.0,0.8077065479414763,512.0,0.21359223300970873,251.0,0.5338645418326693,0.10358565737051793,0.3426294820717131,0.0199203187250996,0.0,0.2222222222222222,0.76,0.017777777777777778,0.17131474103585656,0.8286852589641435,0.027888446215139442,0.30784508440913605,0.38629592850049654,0.05163853028798411,0.07944389275074479,0.07845084409136048,0.09632571996027806,16.0,45.61558901682905,11.116031886625333,15.943312666076173,2.3914968999114263,0.2436893203883495,0.34951456310679613,0.2151394422310757,0.043689320388349516,0.26778656126482214,1.654320987654321,12.716049382716049,4.444444444444445,0.009307135470527405,0.16011720096518442,0.004136504653567736,0.015339538090313685,0.7471200202339805,0.8568944217279848,0.8652564370985514,0.5555555555555556,0.06172839506172839,0.30864197530864196,0.0,0.25925925925925924,0.24691358024691357,0.14814814814814814,0.0,14.424728105323412,1.8317115054378934,7.875,0.7428532235939643,0.3955671896946465,0.7736935341009743,6.917626217891939,7.0,27.876543209876544,22.0,0.12345679012345678,0.2962962962962963,0.2716049382716049,0.16049382716049382,0.12345679012345678,0.14814814814814814,0.2222222222222222,0.4074074074074074,0.5308641975308642,0.24691358024691357,0.08641975308641975,0.13580246913580246,0.24691358024691357,0.13580246913580246,0.2345679012345679,0.08641975308641975,0.0,0.024691358024691357,0.024691358024691357,0.7515833402474956,0.5963700440528635,0.2599118942731278,0.7312775330396476,0.00881057268722467,3.2865367581930913,0.3048543689320388,4.103585657370518,0.08641975308641975,4.5,0.5802469135802469,0.0,0.0,0.0,0.0,0.0,1.0,1.0,0.0,4.0,2.0,0.0,0.0,0.0,0.0,0.0,0.0,0.0,0.0,0.0,1.0,0.0,0.0,0.0,0.0,0.0,0.0,0.0,0.0,0.0,0.0,0.0,0.0,0.0,0.0,0.024691358024691357,0.012345679012345678,0.13580246913580246,0.024691358024691357,0.012345679012345678,0.13580246913580246
34.docx,34.docx,1.0,0.0,21.0,3.0828727293234626,2.0,3.00361707258259,10.0,0.0076684101211763455,1.8384327453616276,0.17378048780487804,2.2527472527472527,0.03296703296703297,0.21428571428571427,0.6593406593406593,0.03296703296703297,0.10989010989010989,0.286837328830938,0.17304604061966788,0.33719593303074813,0.5295618017670192,0.48207981322166177,0.49538102820175206,0.4824474013635471,0.9697383846206491,0.01098901098901099,0.0,0.8518599032717445,0.8144664900139621,0.23076923076923078,0.75,2.8413028413028414,0.0,0.45806668912091614,155.1146329785853,0.9252650863782564,0.6329787234042553,0.6720011796556153,24.27243155388515,0.6974552752287279,0.4638134824081623,0.26362103534490133,0.0,1.0,6.0,0.0,0.25274725274725274,0.2692307692307692,0.2032967032967033,0.13186813186813187,0.14285714285714285,0.23076923076923078,0.14285714285714285,0.17582417582417584,0.12637362637362637,0.3241758241758242,0.31868131868131866,0.21978021978021978,0.054945054945054944,0.01098901098901099,0.0,0.0,0.0,0.0,0.23100023100023098,0.0,0.0,0.0,0.005494505494505495,0.17032967032967034,0.01098901098901099,0.005494505494505495,0.15934065934065933,0.04945054945054945,2.0,2.0,0.9127562575427266,0.6026099280868785,0.21762953446237154,0.37846448583674464,0.0892290697428735,0.1736686839510522,0.8,1367.0,523.0,21.0,59.0,81.0,100.0,393.0,5.0,0.0,5.0,7.510989010989011,0.38258961228968547,0.016483516483516484,0.0,0.02197802197802198,1360.0,0.07426470588235294,460.0,0.06086956521739131,0.3217391304347826,294.0,129.0,165.0,139.0,290.0,158.0,0.8261303329154259,1334.0,0.3122878479293958,647.0,0.6031007751937985,0.19689922480620156,0.16899224806201552,0.031007751937984496,0.0,0.2528957528957529,0.7258687258687259,0.021235521235521235,0.28837209302325584,0.7116279069767442,0.02936630602782071,0.26024590163934425,0.3394808743169399,0.049863387978142076,0.15095628415300547,0.10245901639344263,0.09699453551912568,14.0,34.02633402633403,14.945714945714947,14.114114114114114,5.313005313005313,0.4392396469789545,0.4147997284453496,0.3554868624420402,0.19687712152070605,0.2712579058327477,2.1373626373626373,8.093406593406593,3.357142857142857,0.0031118433095368844,0.07166392092257001,0.002562694490206846,0.006406736225517115,0.821571324063819,0.8672991487247358,0.8787183131723704,0.37362637362637363,0.15934065934065933,0.2664835164835165,0.0,0.18681318681318682,0.25274725274725274,0.45054945054945056,0.08241758241758242,5.995284607611991,0.7746716066015493,7.739130434782608,0.4495421245421245,0.4868992849360003,0.6858396858396858,6.331947331947332,6.0,23.785714285714285,19.0,0.2967032967032967,0.35714285714285715,0.2032967032967033,0.5934065934065934,0.23076923076923078,0.1393939393939394,0.21428571428571427,0.28488372093023256,0.2485207100591716,0.30303030303030304,0.06043956043956044,0.1686046511627907,0.20606060606060606,0.1043956043956044,0.11046511627906977,0.11242603550295859,0.0,0.011834319526627219,0.023668639053254437,0.8577805862957667,0.5963700440528635,0.2599118942731278,0.7312775330396476,0.00881057268722467,3.2536382536382535,0.18329938900203666,2.276661514683153,0.2087912087912088,3.4944444444444445,0.5054945054945055,4.0,0.02197802197802198,2.0,0.25,0.0,1.0,2.0,1.0,3.0,1.0,0.0,5.0,0.027472527472527472,2.0,0.2,1.0,0.005494505494505495,1.0,1.0,2.0,0.0,0.0,0.0,0.0,0.0,1.0,0.0,0.0,0.0,0.0,1.0,0.0,0.0,0.0,0.04945054945054945,0.03296703296703297,0.08791208791208792,0.04945054945054945,0.03296703296703297,0.08791208791208792
35.docx,35.docx,1.0,0.0,17.0,3.383829690516847,2.0,2.7610371408549406,9.0,0.001221001221001221,1.6257803803298507,0.15384615384615385,1.4603174603174602,0.09523809523809523,0.25396825396825395,0.7619047619047619,0.1111111111111111,0.12698412698412698,0.27235306199846326,0.08505204727357671,0.3826538430560944,0.5212066722040607,0.4722195943838746,0.483125839012547,0.4765777410740784,0.898720243112849,0.07936507936507936,0.0,0.7940773873872492,0.5783755397170773,0.36507936507936506,0.8333333333333334,4.630872483221476,0.0,0.32562277580071175,141.40871102539376,0.8987836930051004,0.6407914764079148,0.6754358901430979,23.415268044918953,0.5894436953864867,0.4862599032961107,0.25682515572526127,0.0,1.0,6.0,0.0,0.15873015873015872,0.20634920634920634,0.38095238095238093,0.1746031746031746,0.07936507936507936,0.2222222222222222,0.14285714285714285,0.2222222222222222,0.19047619047619047,0.2222222222222222,0.06349206349206349,0.23809523809523808,0.015873015873015872,0.0,6.040268456375839,5.369127516778523,0.0,0.0,0.0,0.0,0.0,0.0,0.09523809523809523,0.047619047619047616,0.0,0.0,0.2857142857142857,0.14285714285714285,2.0,2.0,0.8368571801343969,0.6650070471813564,0.09597040299587187,0.3478169135710633,0.18336774418991877,0.1746884933504657,0.8,285.0,165.0,1.0,4.0,10.0,20.0,22.0,0.0,0.0,0.0,4.523809523809524,0.5789473684210527,0.0,0.0,0.0,366.0,0.15300546448087432,159.0,0.12578616352201258,0.32075471698113206,102.0,16.0,86.0,21.0,38.0,41.0,0.7984622878823605,354.0,0.24766355140186916,142.0,0.5633802816901409,0.056338028169014086,0.31690140845070425,0.06338028169014084,0.0,0.4701492537313433,0.5223880597014925,0.007462686567164179,0.3591549295774648,0.6408450704225352,0.035211267605633804,0.18252730109204368,0.48985959438377535,0.062402496099843996,0.07956318252730109,0.07644305772230889,0.10920436817472699,13.0,43.08724832214765,9.53020134228188,18.053691275167786,4.026845637583892,0.22118380062305296,0.4190031152647975,0.4225352112676056,0.059190031152647975,0.3344,1.2698412698412698,10.19047619047619,4.26984126984127,0.008980454305335447,0.13840464870575805,0.005810882197569995,0.02271526677231907,0.7465620752845439,0.8433507663262568,0.8518411240803085,0.36507936507936506,0.1111111111111111,0.23809523809523808,0.0,0.12698412698412698,0.06349206349206349,0.07936507936507936,0.14285714285714285,13.967971530249109,0.5338078291814947,26.166666666666668,0.7705971277399848,0.4023269784340646,0.7543624161073825,6.936241610738255,7.0,23.650793650793652,24.0,0.06349206349206349,0.19047619047619047,0.12698412698412698,0.07936507936507936,0.10909090909090909,0.1111111111111111,0.25396825396825395,0.375,0.4727272727272727,0.46296296296296297,0.015873015873015872,0.10714285714285714,0.16666666666666666,0.19047619047619047,0.19642857142857142,0.2,0.0,0.0,0.03636363636363636,0.7797634506405183,0.5963700440528635,0.2599118942731278,0.7312775330396476,0.00881057268722467,3.2174496644295303,0.2102803738317757,4.52112676056338,0.23809523809523808,5.064516129032258,0.5079365079365079,1.0,0.015873015873015872,1.0,1.0,0.0,0.0,0.0,0.0,0.0,0.0,1.0,1.0,0.015873015873015872,1.0,1.0,0.0,0.0,0.0,0.0,0.0,0.0,0.0,0.0,0.0,0.0,0.0,0.0,0.0,0.0,0.0,0.0,0.0,0.0,0.0,0.1111111111111111,0.09523809523809523,0.25396825396825395,0.1111111111111111,0.09523809523809523,0.25396825396825395
36.docx,36.docx,1.0,0.0,12.0,3.264055841386359,2.0,3.0604474059971443,10.0,0.016040882429328825,1.9844830966307212,0.12264150943396226,1.6022727272727273,0.0,0.32954545454545453,0.5909090909090909,0.11363636363636363,0.125,0.30961060168082255,0.12087398749078088,0.5070166498354766,0.5070255198883562,0.447241214625733,0.5049681302485759,0.4503043303928862,0.9215476373002554,0.13636363636363635,0.0,0.7607839618396652,0.5192573325756084,0.2840909090909091,0.14285714285714285,2.147099132023755,0.0,0.3845667299177736,124.90309776193567,0.895439737555149,0.59375,0.6442264516828694,24.03116945288725,0.7369735765098933,0.48706445746437377,0.2554847117629577,0.0,1.0,6.0,0.0,0.09090909090909091,0.3181818181818182,0.3181818181818182,0.14772727272727273,0.125,0.22727272727272727,0.13636363636363635,0.17045454545454544,0.23863636363636365,0.22727272727272727,0.17045454545454544,0.22727272727272727,0.0,0.06818181818181818,0.0,0.4568296025582458,0.0,0.0,0.4568296025582458,0.4568296025582458,0.0,0.0,0.045454545454545456,0.045454545454545456,0.0,0.0,0.11363636363636363,0.03409090909090909,2.0,2.0,0.9070459433806961,0.6188884967987139,0.0,0.20062232431271465,0.1035943956186868,0.1794295196406603,0.8,588.0,220.0,8.0,15.0,32.0,164.0,54.0,0.0,0.0,0.0,6.681818181818182,0.3741496598639456,0.0,0.0,0.0,608.0,0.10361842105263158,280.0,0.08214285714285714,0.4714285714285714,136.0,40.0,96.0,42.0,59.0,86.0,0.7915295626361276,623.0,0.3418803418803419,220.0,0.5909090909090909,0.11818181818181818,0.2590909090909091,0.031818181818181815,0.0,0.29381443298969073,0.6907216494845361,0.015463917525773196,0.2909090909090909,0.7090909090909091,0.022727272727272728,0.2667509481668774,0.34892541087231355,0.05562579013906448,0.10240202275600506,0.0632111251580278,0.16308470290771176,14.0,37.41434444952033,10.050251256281408,13.5678391959799,4.111466423024212,0.2686202686202686,0.3626373626373626,0.4090909090909091,0.07203907203907203,0.2667493796526055,1.4772727272727273,9.306818181818182,3.375,0.008165487207403375,0.07058610052622029,0.004536381781890764,0.00943567410633279,0.8197406752537972,0.8887653027765887,0.8969979313306483,0.5113636363636364,0.23863636363636365,0.375,0.03409090909090909,0.5113636363636364,0.20454545454545456,0.22727272727272727,0.011363636363636364,3.6685641998734972,1.5812776723592663,2.32,0.39924242424242423,0.4619615968758253,0.7222476016445866,6.207400639561444,6.0,24.875,23.0,0.13636363636363635,0.3181818181818182,0.5227272727272727,0.4659090909090909,0.11363636363636363,0.10227272727272728,0.13636363636363635,0.26136363636363635,0.4659090909090909,0.32954545454545453,0.045454545454545456,0.07954545454545454,0.22727272727272727,0.18181818181818182,0.18181818181818182,0.10227272727272728,0.0,0.022727272727272728,0.022727272727272728,0.8101050263052486,0.5963700440528635,0.2599118942731278,0.7312775330396476,0.00881057268722467,2.9789858382823207,0.14774114774114774,3.7227272727272727,0.19318181818181818,4.909090909090909,0.625,1.0,0.011363636363636364,1.0,1.0,0.0,0.0,0.0,1.0,2.0,1.0,0.0,2.0,0.022727272727272728,1.0,0.5,0.0,0.0,0.0,0.0,0.0,0.0,0.0,0.0,0.0,0.0,0.0,0.0,0.0,0.0,0.0,0.0,0.0,0.0,0.0,0.0,0.0,0.11363636363636363,0.0,0.0,0.11363636363636363
37.docx,37.docx,1.0,0.0,14.0,3.0423161255635924,2.0,4.025009061254077,16.0,0.021399324659805666,2.561396358933634,0.09836065573770492,1.3793103448275863,0.017241379310344827,0.22413793103448276,0.5172413793103449,0.06896551724137931,0.08620689655172414,0.31802085390953033,0.07861921521193002,0.4530360230577163,0.48584548231032443,0.4651592295758033,0.46852724330541873,0.4463700752224554,0.9583345360629687,0.08620689655172414,0.0,0.8437467754610962,0.550215025848247,0.14655172413793102,0.3,3.4434782608695653,0.0,0.22705932565087494,146.43583663738372,0.9165022763483817,0.6233885819521179,0.7094017940658556,25.667258538659,0.7133259371276648,0.49522403051230945,0.2669072164491744,0.0,1.0,10.0,0.0,0.11206896551724138,0.31896551724137934,0.25,0.19827586206896552,0.1206896551724138,0.20689655172413793,0.22413793103448276,0.13793103448275862,0.12931034482758622,0.3017241379310345,0.06896551724137931,0.11206896551724138,0.0,0.008620689655172414,2.0869565217391304,0.0,0.0,0.0,0.6956521739130436,0.0,0.02586206896551724,0.0,0.04310344827586207,0.07758620689655173,0.02586206896551724,0.0,0.2413793103448276,0.04310344827586207,2.0,3.0,0.8595808886272052,0.817815588435027,0.1216678328077996,0.4623274734204592,0.12470297230284084,0.1946114240577365,0.8,781.0,310.0,3.0,22.0,57.0,126.0,138.0,3.0,4.0,6.0,6.732758620689655,0.3969270166453265,0.008620689655172414,0.017241379310344827,0.008620689655172414,532.0,0.12218045112781954,263.0,0.06463878326996197,0.41064638783269963,109.0,34.0,75.0,51.0,58.0,49.0,0.7819848765884465,558.0,0.22307039864291772,271.0,0.5719557195571956,0.0996309963099631,0.26199261992619927,0.06642066420664207,0.01935483870967742,0.25416666666666665,0.7458333333333333,0.0,0.2730627306273063,0.7269372693726938,0.007380073800738007,0.23507109004739338,0.4218009478672986,0.03033175355450237,0.11090047393364928,0.08341232227488152,0.11848341232227488,15.0,41.00869565217391,9.42608695652174,15.339130434782607,3.5826086956521737,0.22985581000848176,0.37404580152671757,0.3800738007380074,0.04919423240033927,0.2912280701754386,1.3362068965517242,10.163793103448276,3.8017241379310347,0.05845051006341329,0.261373035566584,0.004549214226633582,0.06617038875103391,0.766298384745302,0.8113383702121179,0.821483533518374,0.4482758620689655,0.06896551724137931,0.25862068965517243,0.02586206896551724,0.3793103448275862,0.22413793103448276,0.3620689655172414,0.05172413793103448,4.950917626973965,0.17072129748186088,29.0,0.5431034482758621,0.4937932238489547,0.8149565217391305,6.524869565217391,6.0,24.78448275862069,23.0,0.16379310344827586,0.3275862068965517,0.39655172413793105,0.5172413793103449,0.08771929824561403,0.15789473684210525,0.22413793103448276,0.42105263157894735,0.40350877192982454,0.35964912280701755,0.02586206896551724,0.07894736842105263,0.12280701754385964,0.20689655172413793,0.14912280701754385,0.15789473684210525,0.0,0.017543859649122806,0.02631578947368421,0.7739304665674541,0.5963700440528635,0.2599118942731278,0.7312775330396476,0.00881057268722467,2.9725217391304346,0.12468193384223919,4.350553505535055,0.25862068965517243,5.035398230088496,0.5086206896551724,0.0,0.0,0.0,0.0,0.0,1.0,0.0,2.0,0.0,0.0,0.0,3.0,0.02586206896551724,1.0,0.6666666666666666,0.0,0.0,0.0,0.0,0.0,0.0,0.0,0.0,0.0,0.0,0.0,0.0,0.0,1.0,0.0,0.0,0.0,0.0,5.0,0.05172413793103448,0.02586206896551724,0.11206896551724138,0.05172413793103448,0.02586206896551724,0.11206896551724138
38.docx,38.docx,1.0,0.0,19.0,2.6039328293112565,2.0,2.8801652892561984,9.0,0.0074507127250922345,1.7661504190408126,0.04132231404958678,1.4172661870503598,0.007194244604316547,0.33093525179856115,0.7841726618705036,0.07913669064748201,0.09352517985611511,0.3179951579151765,0.14753644170247152,0.4730267202460831,0.509701754051905,0.48059484276366005,0.5151511075041926,0.48359123915300284,0.9370563583229446,0.10071942446043165,0.0,0.8241803057311079,0.8515250442616079,0.08633093525179857,0.5,3.3232628398791544,0.0,0.3525977816695855,87.08163542950787,0.8762860400853881,0.5815950920245399,0.6816084549840811,26.153032954550852,0.7234314739934727,0.483296716718934,0.24795049808693634,0.0,1.0,5.0,0.0,0.33093525179856115,0.4460431654676259,0.12949640287769784,0.04316546762589928,0.050359712230215826,0.31654676258992803,0.302158273381295,0.14388489208633093,0.12949640287769784,0.1079136690647482,0.07194244604316546,0.14388489208633093,0.007194244604316547,0.02158273381294964,0.0,0.43159257660768235,0.0,0.0,0.0,0.0,0.0,0.007194244604316547,0.014388489208633094,0.02877697841726619,0.014388489208633094,0.0,0.11510791366906475,0.02877697841726619,2.0,2.0,0.8787985193322515,0.7094697263686239,0.2263750567229735,0.4433200515034194,0.10270106129546383,0.1964907374052144,0.8,603.0,219.0,40.0,6.0,107.0,68.0,22.0,0.0,5.0,0.0,4.338129496402877,0.36318407960199006,0.0,0.007194244604316547,0.0,604.0,0.13079470198675497,290.0,0.08620689655172414,0.3137931034482759,119.0,30.0,89.0,50.0,80.0,59.0,0.8207773685502481,581.0,0.29866117404737386,309.0,0.5097402597402597,0.2077922077922078,0.2597402597402597,0.022727272727272728,0.04487179487179487,0.3276595744680851,0.6340425531914894,0.03829787234042553,0.30844155844155846,0.6915584415584416,0.019417475728155338,0.329557157569516,0.3027806385169928,0.02368692070030896,0.1380020597322348,0.09062821833161688,0.11534500514933059,13.0,41.907639188605955,13.336210617177386,14.803625377643503,3.2369443245576175,0.31822863027806386,0.3532440782698249,0.24271844660194175,0.082389289392379,0.25704989154013014,1.129496402877698,6.985611510791367,2.4676258992805757,0.07866014301844185,0.1552502822732405,0.006962739932254422,0.013549115543846444,0.7620043675236728,0.8611424188049706,0.8672504428978962,0.4460431654676259,0.08633093525179857,0.26618705035971224,0.0,0.15827338129496402,0.31654676258992803,0.07913669064748201,0.04316546762589928,5.42907180385289,2.2183304144775247,2.4473684210526314,0.35499600319744207,0.4501360656040819,0.7393180837289599,5.989641778161416,6.0,16.66906474820144,14.0,0.04316546762589928,0.5035971223021583,0.15827338129496402,0.2014388489208633,0.15217391304347827,0.10687022900763359,0.33093525179856115,0.45652173913043476,0.38405797101449274,0.4198473282442748,0.17266187050359713,0.10144927536231885,0.10687022900763359,0.1223021582733813,0.11594202898550725,0.13043478260869565,0.0,0.014492753623188406,0.014492753623188406,0.751965268258955,0.5963700440528635,0.2599118942731278,0.7312775330396476,0.00881057268722467,3.27190332326284,0.16992790937178168,3.1423948220064726,0.23741007194244604,3.5899280575539567,0.4460431654676259,2.0,0.014388489208633094,1.0,0.5,0.0,0.0,0.0,0.0,5.0,0.0,0.0,5.0,0.03597122302158273,1.0,0.2,0.0,0.0,0.0,0.0,0.0,0.0,0.0,0.0,0.0,0.0,0.0,0.0,0.0,0.0,0.0,0.0,0.0,0.0,0.0,0.014388489208633094,0.007194244604316547,0.07913669064748201,0.014388489208633094,0.007194244604316547,0.07913669064748201
39.docx,39.docx,1.0,0.0,13.0,2.844155952246587,2.0,2.533234126984127,8.0,0.008834689485066775,1.7934887740455379,0.13709677419354838,1.512396694214876,0.008264462809917356,0.38016528925619836,0.7603305785123967,0.049586776859504134,0.11570247933884298,0.3077085100727207,0.08752901155584347,0.32458599592526605,0.5109808780033863,0.4678996772250709,0.5220428658082679,0.45979996493792175,0.9205321911354682,0.08264462809917356,0.0,0.8075679375125577,0.5070415892334631,0.10743801652892562,0.18181818181818182,3.5563874590547497,0.04679457182966776,0.3199505867819642,141.06013672887866,0.9110119199087412,0.6498855835240275,0.6722256813994372,26.078116653684862,0.7107863270244749,0.4697652914243275,0.22821959801083933,0.0,1.0,5.0,0.0,0.21487603305785125,0.47107438016528924,0.23140495867768596,0.05785123966942149,0.024793388429752067,0.3305785123966942,0.30578512396694213,0.17355371900826447,0.08264462809917356,0.10743801652892562,0.09917355371900827,0.2066115702479339,0.008264462809917356,0.024793388429752067,3.275620028076743,1.8717828731867105,0.46794571829667764,0.46794571829667764,0.0,0.0,0.008264462809917356,0.024793388429752067,0.0,0.024793388429752067,0.0,0.0,0.18181818181818182,0.03305785123966942,2.0,2.0,0.8553061898498072,0.7007701296560405,0.06012244887863519,0.30897368205913667,0.15021998408446,0.18795986849424706,0.8,477.0,167.0,0.0,13.0,52.0,30.0,93.0,1.0,0.0,1.0,3.9421487603305785,0.350104821802935,0.0,0.0,0.0,518.0,0.13320463320463322,228.0,0.10964912280701754,0.4166666666666667,107.0,32.0,75.0,36.0,82.0,55.0,0.8032624734937066,500.0,0.24385026737967913,265.0,0.5358490566037736,0.09811320754716982,0.3320754716981132,0.033962264150943396,0.0,0.41841004184100417,0.5606694560669456,0.02092050209205021,0.3433962264150943,0.6566037735849056,0.03773584905660377,0.24615384615384617,0.42527472527472526,0.026373626373626374,0.11538461538461539,0.07582417582417582,0.11098901098901098,14.0,43.75292466073935,12.400561534861957,15.91015442208704,2.8076743097800656,0.28342245989304815,0.36363636363636365,0.22641509433962265,0.0877005347593583,0.28700564971751413,1.1735537190082646,7.7272727272727275,2.809917355371901,0.010263634534111492,0.12678607365667136,0.004628697927148319,0.01448983698933387,0.767397495504336,0.8596658361855402,0.8641602068554992,0.47107438016528924,0.0743801652892562,0.2727272727272727,0.0,0.08264462809917356,0.2231404958677686,0.2727272727272727,0.03305785123966942,7.597282273008029,0.6176652254478072,12.3,0.4807162534435262,0.4957070446596191,0.757604117922321,6.713617220402433,7.0,17.66115702479339,17.0,0.10743801652892562,0.371900826446281,0.08264462809917356,0.2809917355371901,0.18333333333333332,0.175,0.38016528925619836,0.45,0.35833333333333334,0.36666666666666664,0.03305785123966942,0.125,0.20833333333333334,0.12396694214876033,0.1,0.125,0.0,0.025,0.03333333333333333,0.7528388583244929,0.5963700440528635,0.2599118942731278,0.7312775330396476,0.00881057268722467,3.3790360318203088,0.14331550802139037,3.5283018867924527,0.12396694214876033,3.9917355371900825,0.39669421487603307,6.0,0.049586776859504134,1.0,0.16666666666666666,0.0,0.0,3.0,0.0,3.0,0.0,0.0,11.0,0.09090909090909091,1.0,0.18181818181818182,3.0,0.024793388429752067,1.0,0.0,2.0,0.0,0.0,0.0,0.0,0.0,0.0,0.0,0.0,0.0,2.0,1.0,0.0,0.0,1.0,0.01652892561983471,0.008264462809917356,0.09090909090909091,0.01652892561983471,0.008264462809917356,0.09090909090909091
4.docx,4.docx,1.0,0.0,16.0,2.5761358906291982,2.0,3.0257635570330357,10.0,0.014284922328681088,2.072399780758374,0.17513134851138354,1.5719489981785064,0.04553734061930783,0.2222222222222222,0.6903460837887068,0.04189435336976321,0.07832422586520947,0.3123450938420368,0.15006593507285165,0.34715891989493464,0.5259701731694143,0.4771261415852544,0.4898466261987797,0.45823108684524716,0.9579360956035015,0.07832422586520947,0.003656307129798903,0.9202975442352417,0.6709998191081363,0.2058287795992714,0.2702702702702703,3.941806743340214,0.0,0.352253090522398,139.0524400960602,0.9108413191382154,0.5636500187758168,0.6900926494025261,30.820281569956403,0.664976597951727,0.47684688467030867,0.2520188875394543,0.0,1.0,6.0,0.0,0.2987249544626594,0.3132969034608379,0.23497267759562843,0.08561020036429873,0.06739526411657559,0.29690346083788705,0.21311475409836064,0.16939890710382513,0.13479052823315119,0.18579234972677597,0.15482695810564662,0.11839708561020036,0.014571948998178506,0.030965391621129327,0.0,0.39319768013368717,0.09829942003342179,0.0,0.0,0.0,0.0018214936247723133,0.0,0.0546448087431694,0.10018214936247723,0.023679417122040074,0.0036429872495446266,0.18214936247723132,0.03642987249544627,2.0,2.0,0.8880265022895619,0.5640551785567511,0.17376159267153216,0.575289380552306,0.10565864336026703,0.20118154891990808,0.8,2938.0,1135.0,48.0,122.0,156.0,517.0,372.0,11.0,75.0,19.0,5.351548269581056,0.38631722260040846,0.020036429872495445,0.07832422586520947,0.00546448087431694,2650.0,0.04339622641509434,1024.0,0.03125,0.39453125,691.0,220.0,471.0,187.0,455.0,253.0,0.7748146659507557,2625.0,0.25664160401002506,1308.0,0.6165123456790124,0.16203703703703703,0.17978395061728394,0.041666666666666664,0.033877038895859475,0.21475875118259224,0.7634815515610217,0.021759697256385997,0.22685185185185186,0.7731481481481481,0.03058103975535168,0.3102827763496144,0.3308483290488432,0.04524421593830334,0.14061696658097686,0.07557840616966581,0.0974293059125964,16.0,39.2214685933353,12.857564140371572,13.683279268652315,4.846161407647695,0.32781954887218046,0.34887218045112783,0.3769113149847095,0.11403508771929824,0.2599896211728075,1.4553734061930783,7.26775956284153,2.5355191256830603,0.009098768990077813,0.19926715797274486,0.0012351270122277574,0.016921240067520278,0.7466821500816051,0.8248165149519356,0.8193708631448082,0.29326047358834245,0.12021857923497267,0.20673952641165755,0.0018214936247723133,0.3296903460837887,0.17304189435336975,0.22586520947176686,0.10564663023679417,7.2577429217067655,0.704506181044796,10.30188679245283,0.47467690172608207,0.48995522536722663,0.7395065369114322,6.184901209082867,6.0,18.530054644808743,16.0,0.20218579234972678,0.273224043715847,0.3570127504553734,0.25318761384335153,0.177734375,0.1596806387225549,0.2230347349177331,0.3486590038314176,0.373046875,0.32934131736526945,0.10420475319926874,0.1360153256704981,0.14171656686626746,0.14076782449725778,0.1417624521072797,0.1015625,0.0,0.005859375,0.0078125,0.7910478461446782,0.5963700440528635,0.2599118942731278,0.7312775330396476,0.00881057268722467,3.1896195812444708,0.18295739348370926,3.05045871559633,0.21493624772313297,3.503717472118959,0.4644808743169399,11.0,0.020036429872495445,1.0,0.1,0.0,2.0,8.0,0.0,15.0,2.0,0.0,16.0,0.029143897996357013,1.0,0.06666666666666667,4.0,0.007285974499089253,1.0,0.0,6.0,0.0,0.0,0.0,0.0,0.0,0.0,0.0,0.0,1.0,0.0,1.0,0.0,0.0,1.0,0.06581352833638025,0.04753199268738574,0.06581352833638025,0.06581352833638025,0.04753199268738574,0.06581352833638025
40.docx,40.docx,1.0,0.0,16.0,3.3416008158756556,2.0,2.6613263785394934,8.0,0.0024317947687978346,1.8391354381313982,0.11278195488721804,1.592920353982301,0.008849557522123894,0.336283185840708,0.7964601769911505,0.07079646017699115,0.1415929203539823,0.3114401947095278,0.07194799442865346,0.419233826585752,0.5235639111333187,0.4551917069349647,0.4866083037714375,0.44654912144347464,0.9064309181595273,0.11504424778761062,0.0,0.857118635520227,0.4964787787258896,0.25663716814159293,0.4,5.005362888809438,0.03575259206292456,0.31623529411764706,111.69590532244794,0.8972759454961969,0.5515643105446119,0.6131462458026181,34.08019030709452,0.590386378126124,0.48760423182902374,0.23863478593633414,0.0,1.0,5.0,0.0,0.09734513274336283,0.30973451327433627,0.30973451327433627,0.18584070796460178,0.09734513274336283,0.17699115044247787,0.23008849557522124,0.1504424778761062,0.168141592920354,0.2743362831858407,0.11504424778761062,0.20353982300884957,0.0,0.07079646017699115,0.3575259206292456,0.3575259206292456,0.0,0.0,0.0,0.0,0.0,0.0,0.061946902654867256,0.04424778761061947,0.07964601769911504,0.0,0.3274336283185841,0.035398230088495575,2.0,2.0,0.8339316932273094,0.5834922637302188,0.05446659748121343,0.07246502356333051,0.10809523769003257,0.20151222267926663,0.8,528.0,278.0,2.0,7.0,14.0,86.0,16.0,0.0,0.0,0.0,4.672566371681416,0.5265151515151515,0.0,0.0,0.0,672.0,0.08333333333333333,312.0,0.0673076923076923,0.36538461538461536,172.0,27.0,145.0,41.0,74.0,65.0,0.7857704893294264,666.0,0.25573770491803277,297.0,0.5420875420875421,0.1414141414141414,0.31313131313131315,0.003367003367003367,0.006211180124223602,0.30708661417322836,0.6889763779527559,0.003937007874015748,0.24242424242424243,0.7575757575757576,0.026936026936026935,0.18440905280804695,0.4844928751047779,0.026823134953897737,0.10896898575020955,0.07292539815590947,0.12238055322715842,14.0,43.618162316767965,10.618519842688595,16.76796567751162,3.5395066142295315,0.24344262295081967,0.3844262295081967,0.3333333333333333,0.060655737704918035,0.29327731092436976,1.424778761061947,10.79646017699115,4.150442477876106,0.013642177064089812,0.18146937615461134,0.0036947562881909906,0.014494813130595424,0.737038558204879,0.8356644108787639,0.8264980851900999,0.6902654867256637,0.17699115044247787,0.4336283185840708,0.0,0.2920353982300885,0.08849557522123894,0.07079646017699115,0.0,10.117647058823529,0.8941176470588236,11.31578947368421,0.6981563421828908,0.43789820270328794,0.7597425813371469,7.078298176617805,7.0,24.75221238938053,23.0,0.061946902654867256,0.11504424778761062,0.2920353982300885,0.07964601769911504,0.1504424778761062,0.1504424778761062,0.26548672566371684,0.4778761061946903,0.415929203539823,0.4336283185840708,0.035398230088495575,0.05309734513274336,0.20353982300884957,0.168141592920354,0.168141592920354,0.1504424778761062,0.0,0.008849557522123894,0.05309734513274336,0.7344665564204156,0.5963700440528635,0.2599118942731278,0.7312775330396476,0.00881057268722467,3.2016446192348944,0.1959016393442623,4.107744107744108,0.23008849557522124,5.389380530973451,0.5575221238938053,0.0,0.0,0.0,0.0,0.0,1.0,2.0,0.0,3.0,4.0,0.0,5.0,0.04424778761061947,1.0,0.2,0.0,0.0,0.0,0.0,2.0,0.0,0.0,0.0,0.0,0.0,0.0,0.0,0.0,0.0,0.0,1.0,0.0,0.0,1.0,0.017699115044247787,0.008849557522123894,0.09734513274336283,0.017699115044247787,0.008849557522123894,0.09734513274336283
41.docx,41.docx,1.0,0.0,16.0,3.2619623595407337,2.0,2.7757731958762886,9.0,0.006107229699533842,1.9408222944604163,0.1592356687898089,1.6304347826086956,0.0,0.2608695652173913,0.7898550724637681,0.10144927536231885,0.10869565217391304,0.32229543262668336,0.09067664270336821,0.4853516925285022,0.5131859185982383,0.4513532282120315,0.49188765296693077,0.4608253319840465,0.9309587833603528,0.057971014492753624,0.0,0.8662891637875301,0.4875506203719394,0.21739130434782608,0.625,4.133251079580505,0.0,0.27940015785319655,102.7871467463464,0.8940026156174875,0.6112099644128114,0.6480778730338397,26.83590466609724,0.6945693750838832,0.5247939336070484,0.24463829355125147,0.0,1.0,6.0,0.0,0.08695652173913043,0.34782608695652173,0.36231884057971014,0.12318840579710146,0.07971014492753623,0.2391304347826087,0.2391304347826087,0.1956521739130435,0.13768115942028986,0.18840579710144928,0.26811594202898553,0.09420289855072464,0.007246376811594203,0.036231884057971016,0.0,0.6169031462060457,0.0,0.0,0.9253547193090684,0.0,0.0,0.0,0.007246376811594203,0.036231884057971016,0.028985507246376812,0.0,0.2391304347826087,0.021739130434782608,2.0,2.0,0.8678919109961313,0.5727315129413285,0.04599532480368182,0.1053195790925765,0.1079910922913446,0.18485203565605673,0.8,737.0,310.0,6.0,13.0,23.0,84.0,162.0,1.0,0.0,0.0,5.340579710144928,0.4206241519674355,0.0,0.0,0.0,708.0,0.07909604519774012,291.0,0.06872852233676977,0.4879725085910653,244.0,63.0,181.0,55.0,67.0,43.0,0.7401633043036668,695.0,0.19904240766073872,359.0,0.5502793296089385,0.09497206703910614,0.32122905027932963,0.0335195530726257,0.005076142131979695,0.2981366459627329,0.6987577639751553,0.003105590062111801,0.3016759776536313,0.6983240223463687,0.022284122562674095,0.25363825363825365,0.40263340263340264,0.036729036729036726,0.1088011088011088,0.07484407484407485,0.12335412335412335,14.0,45.09561998766194,11.073411474398519,16.718075262183838,3.3929673041332507,0.24555403556771546,0.3707250341997264,0.3064066852367688,0.04582763337893297,0.29316420014094435,1.4275362318840579,10.594202898550725,3.927536231884058,0.004089219330855019,0.18029739776951673,0.0028500619578686495,0.019206939281288724,0.7530088621038724,0.8388406485902778,0.8396848508246402,0.5579710144927537,0.10144927536231885,0.32971014492753625,0.0,0.18840579710144928,0.09420289855072464,0.36231884057971014,0.0,6.590370955011839,0.31570639305445936,20.875,0.6135265700483091,0.481537354240704,0.7816162862430598,6.889265885256015,7.0,23.492753623188406,21.5,0.09420289855072464,0.16666666666666666,0.18840579710144928,0.391304347826087,0.14492753623188406,0.1956521739130435,0.2608695652173913,0.4057971014492754,0.4782608695652174,0.3333333333333333,0.08695652173913043,0.08695652173913043,0.13768115942028986,0.18115942028985507,0.21014492753623187,0.13043478260869565,0.0,0.014492753623188406,0.043478260869565216,0.7643671383044142,0.5963700440528635,0.2599118942731278,0.7312775330396476,0.00881057268722467,3.3136952498457743,0.19425444596443228,4.072423398328691,0.18840579710144928,4.673913043478261,0.5652173913043478,0.0,0.0,0.0,0.0,0.0,0.0,3.0,3.0,2.0,2.0,0.0,0.0,0.0,0.0,0.0,1.0,0.007246376811594203,1.0,0.0,2.0,0.0,0.0,0.0,0.0,0.0,0.0,0.0,0.0,4.0,0.0,0.0,0.0,0.0,12.0,0.0,0.0,0.07246376811594203,0.0,0.0,0.07246376811594203
42.docx,42.docx,1.0,0.0,24.0,2.8381544745145812,2.0,2.827052023121387,9.0,0.0019699354200119023,1.8294339467673084,0.07647058823529412,1.463302752293578,0.022935779816513763,0.29357798165137616,0.7018348623853211,0.06880733944954129,0.1559633027522936,0.33010060950961934,0.13017083826176512,0.4426594243144938,0.5164265146734567,0.48411222182101693,0.5110979889030515,0.45309064028308493,0.9194107160142175,0.1743119266055046,0.0,0.8829384203763208,0.7420248702202931,0.3394495412844037,0.4,5.084745762711865,0.0,0.28007889546351084,57.83134997796272,0.8822143043401589,0.47604485219164117,0.6571443117081708,28.763087459143993,0.6394393537034868,0.4604541491383288,0.24267394660492103,0.0,1.0,6.0,0.0,0.1926605504587156,0.44954128440366975,0.19724770642201836,0.07339449541284404,0.0871559633027523,0.40825688073394495,0.1834862385321101,0.14678899082568808,0.11926605504587157,0.14220183486238533,0.03669724770642202,0.07339449541284404,0.0,0.009174311926605505,0.0,0.4402377283733216,0.0,0.0,0.0,0.0,0.0,0.0,0.013761467889908258,0.03211009174311927,0.0045871559633027525,0.0,0.22018348623853212,0.03669724770642202,2.0,2.0,0.8671365084224107,0.6661192943646389,0.1568925925911322,0.13786342776182714,0.11256274529580017,0.2160372253596678,0.8,1181.0,339.0,7.0,20.0,99.0,442.0,30.0,0.0,0.0,0.0,5.41743119266055,0.2870448772226926,0.0,0.0,0.0,994.0,0.05734406438631791,453.0,0.037527593818984545,0.282560706401766,291.0,46.0,245.0,59.0,101.0,83.0,0.773293108864348,1046.0,0.25,580.0,0.5310344827586206,0.2517241379310345,0.2120689655172414,0.005172413793103448,0.02280130293159609,0.17370892018779344,0.8262910798122066,0.0,0.2775862068965517,0.7224137931034482,0.01206896551724138,0.22719641857862338,0.4107442641298265,0.02965864577504197,0.14437604924454392,0.09513150531617236,0.09289311695579183,16.0,39.88553819062294,12.766894122826326,18.46797270526084,2.9716046665199207,0.3200883002207506,0.4630242825607064,0.23275862068965517,0.05573951434878587,0.3453196347031963,1.4128440366972477,8.311926605504587,3.8486238532110093,0.08960086885691013,0.25875644854737984,0.008507557244999547,0.020001810118562766,0.7578355212266937,0.8350508291222902,0.8389828366569001,0.43119266055045874,0.045871559633027525,0.23853211009174313,0.06880733944954129,0.45871559633027525,0.08256880733944955,0.05504587155963303,0.027522935779816515,8.114961961115807,1.127078050154973,7.2,0.6112712975098297,0.4730940329252275,0.7812018489984591,6.828527404798591,7.0,20.839449541284402,17.0,0.0779816513761468,0.37155963302752293,0.463302752293578,0.06422018348623854,0.13679245283018868,0.1320754716981132,0.2018348623853211,0.42201834862385323,0.330188679245283,0.330188679245283,0.03669724770642202,0.12385321100917432,0.25,0.29357798165137616,0.14678899082568808,0.13679245283018868,0.0,0.014150943396226415,0.07075471698113207,0.7748172827570732,0.5963700440528635,0.2599118942731278,0.7312775330396476,0.00881057268722467,3.2326656394453006,0.2196467991169978,3.1241379310344826,0.11926605504587157,4.114678899082569,0.3532110091743119,1.0,0.0045871559633027525,1.0,1.0,0.0,0.0,0.0,0.0,3.0,0.0,2.0,7.0,0.03211009174311927,1.0,0.14285714285714285,1.0,0.0045871559633027525,1.0,0.0,0.0,0.0,0.0,0.0,0.0,0.0,1.0,0.0,0.0,1.0,0.0,1.0,0.0,0.0,2.0,0.03669724770642202,0.027522935779816515,0.07339449541284404,0.03669724770642202,0.027522935779816515,0.07339449541284404
43.docx,43.docx,1.0,0.0,16.0,3.4407267994795405,2.0,2.843625857710365,9.0,0.01083899142897088,1.8931582409323993,0.1165644171779141,1.6756756756756757,0.0,0.38738738738738737,0.8468468468468469,0.09009009009009009,0.13513513513513514,0.2899923358657493,0.09394982728114445,0.4158191308906278,0.5218092894006762,0.45520971461694865,0.5203421981740011,0.4446918878982801,0.944763860305183,0.14414414414414414,0.0,0.8664164765172618,0.47736072721673367,0.25225225225225223,1.0,7.361111111111112,0.0,0.3265776140027637,110.29849584266492,0.8882613837427017,0.5133256083429896,0.5996536719142869,31.43528237132473,0.5875530694541982,0.5037776241975688,0.24490096297184372,0.0,1.0,6.0,0.0,0.05405405405405406,0.2882882882882883,0.4144144144144144,0.12612612612612611,0.11711711711711711,0.12612612612612611,0.14414414414414414,0.14414414414414414,0.22522522522522523,0.36036036036036034,0.1891891891891892,0.22522522522522523,0.0,0.06306306306306306,0.0,1.736111111111111,0.0,0.3472222222222222,0.3472222222222222,0.0,0.0,0.0,0.05405405405405406,0.05405405405405406,0.009009009009009009,0.0,0.5135135135135135,0.02702702702702703,2.0,2.0,0.862106319995674,0.4519106902354248,0.0,0.27511123688336375,0.1260550075828498,0.20391392593408297,0.8,627.0,338.0,2.0,8.0,22.0,22.0,122.0,2.0,0.0,0.0,5.648648648648648,0.5390749601275917,0.0,0.0,0.0,709.0,0.08039492242595205,325.0,0.06153846153846154,0.4153846153846154,182.0,52.0,130.0,23.0,89.0,86.0,0.7798191551957169,667.0,0.24733637747336376,310.0,0.5548387096774193,0.054838709677419356,0.3419354838709677,0.04838709677419355,0.0,0.17064846416382254,0.8225255972696246,0.006825938566552901,0.17096774193548386,0.8290322580645161,0.012903225806451613,0.19601837672281777,0.44793261868300155,0.030627871362940276,0.1125574272588055,0.0888208269525268,0.12404287901990811,13.0,45.625,10.76388888888889,16.666666666666664,1.840277777777778,0.2359208523592085,0.365296803652968,0.17096774193548386,0.06773211567732115,0.2671814671814672,1.5495495495495495,11.837837837837839,4.324324324324325,0.0090311986863711,0.19772851669403393,0.0030103995621237,0.01683087027914614,0.7519336090476315,0.8312603350010919,0.8384881661515523,0.5225225225225225,0.0990990990990991,0.3108108108108108,0.0,0.07207207207207207,0.0990990990990991,0.40540540540540543,0.0,13.818516812528788,0.32243205895900506,42.857142857142854,0.8684684684684685,0.32735900885332936,0.7538194444444445,7.0465277777777775,7.0,25.945945945945947,24.0,0.07207207207207207,0.2072072072072072,0.08108108108108109,0.42342342342342343,0.16216216216216217,0.16216216216216217,0.16216216216216217,0.4594594594594595,0.4594594594594595,0.35135135135135137,0.08108108108108109,0.06306306306306306,0.17117117117117117,0.16216216216216217,0.1891891891891892,0.0990990990990991,0.0,0.009009009009009009,0.04504504504504504,0.7595914812924079,0.5963700440528635,0.2599118942731278,0.7312775330396476,0.00881057268722467,3.384027777777778,0.2359208523592085,4.2387096774193544,0.10810810810810811,4.468468468468468,0.6126126126126126,1.0,0.009009009009009009,1.0,1.0,0.0,1.0,1.0,1.0,0.0,0.0,1.0,2.0,0.018018018018018018,1.0,0.5,3.0,0.02702702702702703,1.0,0.0,1.0,0.0,0.0,0.0,0.0,0.0,0.0,0.0,0.0,1.0,0.0,0.0,0.0,0.0,3.0,0.0,0.0,0.09009009009009009,0.0,0.0,0.09009009009009009
44.docx,44.docx,1.0,0.0,17.0,3.4110966239766984,2.0,2.9346578366445915,9.0,0.006350524145424483,1.9017010749899899,0.14583333333333334,1.8876404494382022,0.0,0.3258426966292135,0.7191011235955056,0.07865168539325842,0.16853932584269662,0.30081622098017285,0.11582798688635715,0.43795000971877507,0.5195303512526941,0.4931313854956495,0.49445179848221016,0.48007833409590905,0.956063199162548,0.1348314606741573,0.0,0.8228554936047267,0.6368996679535358,0.21348314606741572,0.5,6.414613423959219,0.04248088360237893,0.3202467750981492,135.36677487049454,0.9052246564373981,0.5981524249422633,0.680503766968991,27.731326332154506,0.7333323332516027,0.4846767475492659,0.24978981949294443,0.0,1.0,6.0,0.0,0.10112359550561797,0.34831460674157305,0.23595505617977527,0.14606741573033707,0.16853932584269662,0.1797752808988764,0.19101123595505617,0.25842696629213485,0.0898876404494382,0.2808988764044944,0.0898876404494382,0.23595505617977527,0.0449438202247191,0.0449438202247191,0.0,0.4248088360237893,0.0,0.0,0.4248088360237893,0.4248088360237893,0.0,0.0,0.056179775280898875,0.10112359550561797,0.0449438202247191,0.0,0.42696629213483145,0.033707865168539325,2.0,2.0,0.8698960702506123,0.5185193940860269,0.22528597545076126,0.5094412288337432,0.10982421727325395,0.19378458186701275,0.8,669.0,233.0,14.0,21.0,68.0,138.0,96.0,6.0,0.0,1.0,7.51685393258427,0.3482810164424514,0.0,0.0,0.011235955056179775,571.0,0.12609457092819615,219.0,0.0867579908675799,0.3789954337899543,145.0,54.0,91.0,36.0,74.0,85.0,0.8263069106851776,548.0,0.228125,272.0,0.5772058823529411,0.11029411764705882,0.25735294117647056,0.05514705882352941,0.044585987261146494,0.1794871794871795,0.7991452991452992,0.021367521367521368,0.20588235294117646,0.7941176470588235,0.04411764705882353,0.2578616352201258,0.3857442348008386,0.02830188679245283,0.1278825995807128,0.09433962264150944,0.10587002096436059,14.0,40.781648258283774,11.554800339847068,19.541206457094308,3.695836873406967,0.2833333333333333,0.4791666666666667,0.31985294117647056,0.07708333333333334,0.36140724946695096,1.7640449438202248,10.786516853932584,5.168539325842697,0.007005838198498749,0.11726438698915763,0.004336947456213511,0.011175979983319434,0.753840000124959,0.8640955083577447,0.8583305474697015,0.5168539325842697,0.15730337078651685,0.33707865168539325,0.0,0.39325842696629215,0.19101123595505617,0.34831460674157305,0.011235955056179775,11.048794167134043,1.4021312394840157,7.88,0.6375334403424291,0.44443140175910706,0.7574341546304163,6.9766355140186915,7.0,26.44943820224719,21.0,0.20224719101123595,0.5393258426966292,0.4606741573033708,0.39325842696629215,0.16853932584269662,0.25842696629213485,0.21348314606741572,0.5168539325842697,0.2696629213483146,0.33707865168539325,0.10112359550561797,0.0449438202247191,0.10112359550561797,0.10112359550561797,0.15730337078651685,0.25842696629213485,0.0,0.0,0.02247191011235955,0.7588795618177595,0.5963700440528635,0.2599118942731278,0.7312775330396476,0.00881057268722467,3.3559898045879355,0.23854166666666668,3.5294117647058822,0.12359550561797752,5.134831460674158,0.5280898876404494,1.0,0.011235955056179775,1.0,1.0,0.0,0.0,2.0,1.0,1.0,4.0,0.0,2.0,0.02247191011235955,1.0,0.5,0.0,0.0,0.0,0.0,2.0,1.0,0.0,0.0,0.0,0.0,0.0,0.0,0.0,0.0,1.0,0.0,0.0,0.0,1.0,0.0,0.0,0.11235955056179775,0.0,0.0,0.11235955056179775
45.docx,45.docx,1.0,0.0,20.0,3.6753289513895546,2.0,2.670253164556962,8.0,0.02075639702574687,1.8272494209899999,0.08035714285714286,1.8333333333333333,0.0,0.2833333333333333,0.65,0.08333333333333333,0.21666666666666667,0.3363684162089305,0.07556209138422748,0.5281417344959894,0.5121787282271354,0.45145424825067715,0.4986186888136441,0.48463444264309946,0.9114569840286001,0.13333333333333333,0.0,0.7941955363091273,0.5503500589519904,0.11666666666666667,0.2727272727272727,3.536585365853658,0.0,0.3088587390263368,202.86561743341406,0.905799558099903,0.6734143049932524,0.6618757379058009,25.07360776705914,0.6333343480247919,0.49704004405387164,0.25455659406634806,0.0,1.0,5.0,0.0,0.06666666666666667,0.35,0.23333333333333334,0.16666666666666666,0.18333333333333332,0.11666666666666667,0.2833333333333333,0.2,0.08333333333333333,0.31666666666666665,0.11666666666666667,0.3333333333333333,0.016666666666666666,0.08333333333333333,0.0,1.2195121951219512,0.0,0.0,0.0,0.0,0.016666666666666666,0.0,0.05,0.08333333333333333,0.016666666666666666,0.016666666666666666,0.2,0.05,2.0,2.0,0.8765886798335971,0.630594422996729,0.0,0.36205125173399794,0.1068080570996937,0.18883910726182546,0.8,352.0,176.0,1.0,8.0,31.0,36.0,36.0,0.0,0.0,0.0,5.866666666666666,0.5,0.0,0.0,0.0,387.0,0.12403100775193798,207.0,0.0821256038647343,0.48792270531400966,58.0,24.0,34.0,19.0,49.0,36.0,0.7951404356336055,371.0,0.28991596638655465,240.0,0.4083333333333333,0.14583333333333334,0.425,0.020833333333333332,0.0,0.6487804878048781,0.34146341463414637,0.00975609756097561,0.4791666666666667,0.5208333333333334,0.075,0.21448863636363635,0.3650568181818182,0.041193181818181816,0.16619318181818182,0.06818181818181818,0.14488636363636365,13.0,43.53658536585366,14.634146341463413,15.792682926829269,2.195121951219512,0.33613445378151263,0.3627450980392157,0.15,0.06862745098039216,0.28267045454545453,1.6333333333333333,11.9,4.316666666666666,0.0004761904761904762,0.12404761904761905,0.002619047619047619,0.017142857142857144,0.7671485203884651,0.8514748403812523,0.8630236854580404,0.7833333333333333,0.11666666666666667,0.45,0.0,0.23333333333333334,0.3,0.2,0.0,6.783719074221868,1.4365522745411012,4.722222222222222,0.5296296296296297,0.4614196498616673,0.7640243902439025,6.867073170731707,7.0,27.333333333333332,22.0,0.11666666666666667,0.4166666666666667,0.23333333333333334,0.2,0.15,0.16666666666666666,0.16666666666666666,0.55,0.38333333333333336,0.43333333333333335,0.11666666666666667,0.13333333333333333,0.11666666666666667,0.2,0.1,0.21666666666666667,0.0,0.016666666666666666,0.08333333333333333,0.7742286803222852,0.5963700440528635,0.2599118942731278,0.7312775330396476,0.00881057268722467,3.404268292682927,0.1484593837535014,2.975,0.1,4.533333333333333,0.5666666666666667,0.0,0.0,0.0,0.0,0.0,0.0,1.0,0.0,0.0,1.0,0.0,0.0,0.0,0.0,0.0,0.0,0.0,0.0,0.0,1.0,0.0,0.0,0.0,0.0,0.0,0.0,0.0,0.0,0.0,0.0,1.0,0.0,0.0,0.0,0.0,0.0,0.16666666666666666,0.0,0.0,0.16666666666666666
46.docx,46.docx,1.0,0.0,17.0,3.359675308079085,2.0,5.356898029134533,23.0,0.007155589508530685,4.826044126752569,0.13392857142857142,1.6235294117647059,0.023529411764705882,0.3176470588235294,0.611764705882353,0.12941176470588237,0.18823529411764706,0.24206488437043736,0.05139613001310077,0.4033513975164468,0.49715787070351963,0.4696113431894607,0.48092863444840833,0.4392580587988059,0.9138063708287542,0.08235294117647059,0.0,0.8583406392558361,0.5431490151511442,0.24705882352941178,0.6666666666666666,6.407606448945844,0.0,0.2107107107107107,131.29412426642443,0.9225472610268612,0.6479438314944834,0.658487993278522,22.128040359697277,0.652707736545511,0.49569265912718685,0.24206376148177808,0.0,1.0,14.0,0.0,0.08235294117647059,0.3058823529411765,0.24705882352941178,0.18823529411764706,0.17647058823529413,0.21176470588235294,0.23529411764705882,0.09411764705882353,0.10588235294117647,0.35294117647058826,0.15294117647058825,0.35294117647058826,0.0,0.0,6.200909466721786,0.8267879288962381,0.8267879288962381,0.0,0.0,0.41339396444811904,0.07058823529411765,0.0,0.047058823529411764,0.11764705882352941,0.011764705882352941,0.011764705882352941,0.4588235294117647,0.058823529411764705,2.0,3.0,0.8576707150769831,0.5332702674917296,0.15196756454078234,0.2489547871684466,0.17577356011902984,0.20460930432175548,0.8,446.0,233.0,11.0,16.0,28.0,29.0,40.0,0.0,0.0,0.0,5.247058823529412,0.5224215246636771,0.0,0.0,0.0,421.0,0.1187648456057007,189.0,0.08465608465608465,0.5396825396825397,110.0,34.0,76.0,29.0,62.0,24.0,0.7467672058180713,385.0,0.21724137931034482,237.0,0.5780590717299579,0.09282700421940929,0.3291139240506329,0.0,0.021897810218978103,0.22641509433962265,0.7641509433962265,0.009433962264150943,0.22784810126582278,0.7721518987341772,0.029535864978902954,0.18095238095238095,0.44761904761904764,0.02738095238095238,0.1357142857142857,0.07142857142857142,0.13690476190476192,14.0,35.96527490698635,9.797436957420421,16.039685820587017,1.6122364613476645,0.27241379310344827,0.4459770114942529,0.16455696202531644,0.07126436781609195,0.3577331759149941,1.611764705882353,10.235294117647058,4.564705882352941,0.010101010101010102,0.30912297578964243,0.003687670354337021,0.15359948693282027,0.7036830130675825,0.7711372621861348,0.7734804029261173,0.5764705882352941,0.023529411764705882,0.3,0.0,0.10588235294117647,0.08235294117647059,0.18823529411764706,0.0,9.95995995995996,1.2512512512512513,7.96,0.6175350140056023,0.4601606775006538,0.8259611409673419,6.753617197188921,6.0,28.458823529411763,27.0,0.17647058823529413,0.25882352941176473,0.11764705882352941,0.2235294117647059,0.21176470588235294,0.21176470588235294,0.2235294117647059,0.43529411764705883,0.3764705882352941,0.3058823529411765,0.011764705882352941,0.08235294117647059,0.08235294117647059,0.21176470588235294,0.21176470588235294,0.11764705882352941,0.0,0.0,0.12941176470588237,0.7568745095449956,0.5963700440528635,0.2599118942731278,0.7312775330396476,0.00881057268722467,2.920628358825961,0.23908045977011494,3.670886075949367,0.1411764705882353,4.716216216216216,0.43529411764705883,0.0,0.0,0.0,0.0,0.0,0.0,0.0,0.0,1.0,1.0,2.0,0.0,0.0,0.0,0.0,0.0,0.0,0.0,0.0,0.0,0.0,0.0,0.0,0.0,0.0,0.0,0.0,0.0,0.0,0.0,0.0,0.0,0.0,0.0,0.047058823529411764,0.023529411764705882,0.1411764705882353,0.047058823529411764,0.023529411764705882,0.1411764705882353
5.docx,5.docx,1.0,0.0,15.0,2.8344770445966825,2.0,2.5378905041756883,8.0,0.010284994136714399,2.0044738111701266,0.1752988047808765,2.017543859649123,0.0,0.3333333333333333,0.6900584795321637,0.10526315789473684,0.07017543859649122,0.2857289136432561,0.12235536998954073,0.3682403393004919,0.5158564252635603,0.5002136275024007,0.5028097307686782,0.4362545000880519,0.9446046957345533,0.1871345029239766,0.005917159763313609,0.8339576780357204,0.4765790087751959,0.15789473684210525,0.15384615384615385,2.937720329024677,0.0,0.4177426072469804,117.89980824544583,0.9024141950783952,0.5212187159956474,0.6301998833069794,32.35338167566231,0.5925803587365485,0.47270451987141054,0.24805973127457867,0.0,1.0,5.0,0.0,0.15789473684210525,0.43859649122807015,0.28654970760233917,0.08187134502923976,0.03508771929824561,0.1695906432748538,0.27485380116959063,0.2573099415204678,0.15789473684210525,0.14035087719298245,0.27485380116959063,0.2046783625730994,0.023391812865497075,0.023391812865497075,0.0,0.5875440658049353,0.0,4.99412455934195,0.5875440658049353,0.0,0.005847953216374269,0.0,0.05847953216374269,0.06432748538011696,0.017543859649122806,0.017543859649122806,0.11695906432748537,0.017543859649122806,2.0,2.0,0.8983455486627243,0.5685637358937464,0.1619475065263854,0.24834731535748886,0.1596379155391742,0.20538802683521423,0.8,686.0,339.0,6.0,25.0,11.0,94.0,36.0,0.0,0.0,1.0,4.011695906432749,0.49416909620991256,0.005847953216374269,0.0,0.005847953216374269,1003.0,0.08673978065802593,359.0,0.07242339832869081,0.46518105849582175,236.0,95.0,141.0,95.0,157.0,129.0,0.8038611236873011,966.0,0.32459312839059673,590.0,0.5633561643835616,0.136986301369863,0.2825342465753425,0.017123287671232876,0.0,0.2876984126984127,0.7083333333333334,0.003968253968253968,0.2671232876712329,0.7328767123287672,0.04576271186440678,0.25158946412352406,0.3460490463215259,0.02815622161671208,0.16348773841961853,0.06902815622161672,0.14168937329700274,14.0,32.491186839012926,17.332549941245592,12.63219741480611,5.904817861339601,0.5334538878842676,0.3887884267631103,0.34067796610169493,0.14195298372513562,0.2986046511627907,1.9239766081871346,6.4678362573099415,2.5146198830409356,0.018747702487440263,0.10942286484499449,0.002573214066903566,0.014336478372748438,0.8065847026068499,0.870920204715952,0.8735260709851322,0.5497076023391813,0.14619883040935672,0.347953216374269,0.0,0.21637426900584794,0.04093567251461988,0.08771929824561403,0.005847953216374269,7.663473552686381,1.9575177009579343,3.9148936170212765,0.5341130604288499,0.4748954704091524,0.7053466509988249,6.447414806110459,6.0,19.906432748538013,18.0,0.14619883040935672,0.09941520467836257,0.21637426900584794,0.09941520467836257,0.15789473684210525,0.13450292397660818,0.17543859649122806,0.32748538011695905,0.40350877192982454,0.2982456140350877,0.029239766081871343,0.14619883040935672,0.22807017543859648,0.12280701754385964,0.1111111111111111,0.09941520467836257,0.0,0.011695906432748537,0.03508771929824561,0.7780420700179856,0.5963700440528635,0.2599118942731278,0.7312775330396476,0.00881057268722467,3.2793772032902466,0.19891500904159132,1.8745762711864407,0.12280701754385964,4.0,0.6549707602339181,2.0,0.011695906432748537,1.0,0.5,0.0,7.0,0.0,2.0,9.0,0.0,0.0,10.0,0.05847953216374269,1.0,0.1,2.0,0.011695906432748537,1.0,0.0,0.0,0.0,1.0,0.0,0.0,0.0,0.0,0.0,0.0,2.0,0.0,0.0,0.0,0.0,3.0,0.0,0.0,0.05847953216374269,0.0,0.0,0.05847953216374269
6.docx,6.docx,1.0,0.0,13.0,3.378712585934493,2.0,2.9897209985315714,10.0,0.004158004158004158,1.9557664613838701,0.03125,2.0,0.0,0.19230769230769232,0.8076923076923077,0.07692307692307693,0.15384615384615385,0.3048157918213917,0.09374585437784808,0.4023168830588762,0.5475551828551705,0.4579705387532518,0.4831981032876473,0.4681713703311633,0.8812029954913362,0.07692307692307693,0.0,0.6523590140229344,0.4019487429550848,0.3076923076923077,1.5,3.1117397454031117,0.14144271570014144,0.3314500941619586,87.7808014279809,0.8950750865745835,0.6720867208672087,0.6667383328480248,18.619405199732906,0.7911644304364615,0.4574801279611963,0.2737518697282633,0.0,1.0,6.0,0.0,0.038461538461538464,0.3076923076923077,0.2692307692307692,0.23076923076923078,0.15384615384615385,0.19230769230769232,0.15384615384615385,0.19230769230769232,0.23076923076923078,0.23076923076923078,0.3076923076923077,0.19230769230769232,0.0,0.038461538461538464,4.243281471004243,0.0,0.0,0.0,1.4144271570014144,0.0,0.0,0.0,0.0,0.038461538461538464,0.0,0.0,0.2692307692307692,0.11538461538461539,2.0,2.0,0.8660510307936047,0.5858732928619206,0.1392329990550989,0.5896861592425586,0.12564858024601405,0.14585641818920228,0.8,182.0,64.0,1.0,3.0,25.0,18.0,40.0,5.0,0.0,0.0,7.0,0.3516483516483517,0.0,0.0,0.038461538461538464,176.0,0.2840909090909091,70.0,0.2571428571428571,0.4,44.0,12.0,32.0,7.0,27.0,24.0,0.8552371938241727,163.0,0.23411371237458195,78.0,0.6538461538461539,0.16666666666666666,0.15384615384615385,0.02564102564102564,0.0196078431372549,0.140625,0.859375,0.0,0.15384615384615385,0.8461538461538461,0.05128205128205128,0.25418060200668896,0.40468227424749165,0.033444816053511704,0.12040133779264214,0.06688963210702341,0.12040133779264214,14.0,42.29137199434229,11.032531824611032,15.841584158415841,2.9702970297029703,0.2608695652173913,0.3745819397993311,0.2692307692307692,0.0903010033444816,0.2876712328767123,1.9615384615384615,11.5,4.3076923076923075,0.006633499170812604,0.06744057490326147,0.010503040353786623,0.021006080707573246,0.8060223531915265,0.9032103392142311,0.9135526525493681,0.34615384615384615,0.19230769230769232,0.2692307692307692,0.0,0.2692307692307692,0.38461538461538464,0.4230769230769231,0.0,11.299435028248588,0.7532956685499058,15.0,0.8012820512820512,0.3755885147510321,0.751060820367751,6.803394625176804,7.0,27.192307692307693,27.0,0.11538461538461539,0.5769230769230769,0.2692307692307692,0.5384615384615384,0.15384615384615385,0.11538461538461539,0.15384615384615385,0.38461538461538464,0.23076923076923078,0.2692307692307692,0.11538461538461539,0.07692307692307693,0.23076923076923078,0.07692307692307693,0.15384615384615385,0.15384615384615385,0.038461538461538464,0.0,0.038461538461538464,0.9034736189144753,0.5963700440528635,0.2599118942731278,0.7312775330396476,0.00881057268722467,3.330975954738331,0.17725752508361203,3.8333333333333335,0.07692307692307693,4.653846153846154,0.46153846153846156,0.0,0.0,0.0,0.0,0.0,0.0,0.0,1.0,1.0,0.0,0.0,0.0,0.0,0.0,0.0,0.0,0.0,0.0,0.0,0.0,1.0,0.0,0.0,0.0,0.0,0.0,0.0,0.0,0.0,0.0,0.0,0.0,0.0,0.0,0.0,0.0,0.38461538461538464,0.0,0.0,0.38461538461538464
7.docx,7.docx,1.0,0.0,16.0,3.823387094419461,2.0,2.533400809716599,7.0,0.005187065445315087,1.8384789834215947,0.13636363636363635,1.8780487804878048,0.0,0.34146341463414637,0.8780487804878049,0.0975609756097561,0.2926829268292683,0.27236912683841663,0.07997333840242561,0.3851571375446044,0.5174763933526159,0.4557972748633765,0.5001727905261542,0.4621976943544725,0.8781564639883299,0.07317073170731707,0.0,0.7621233043619527,0.4581002845572862,0.24390243902439024,0.3333333333333333,6.802721088435375,0.0,0.27667493796526055,128.38153765690376,0.8905782637311684,0.6027088036117382,0.642656492175211,26.912267630109387,0.6496087898788905,0.4846624572188423,0.24668036222591333,0.0,1.0,5.0,0.0,0.04878048780487805,0.4146341463414634,0.2682926829268293,0.12195121951219512,0.14634146341463414,0.17073170731707318,0.3170731707317073,0.17073170731707318,0.14634146341463414,0.1951219512195122,0.12195121951219512,0.1951219512195122,0.0,0.024390243902439025,0.9718172983479105,2.9154518950437316,0.0,0.0,0.9718172983479105,0.0,0.024390243902439025,0.04878048780487805,0.0,0.0,0.0,0.0,0.5609756097560976,0.07317073170731707,2.0,2.0,0.8232335927040416,0.4322138869268197,0.15649106290570153,0.15109697051711368,0.1368091183425947,0.1816929535553174,0.8,202.0,95.0,5.0,3.0,36.0,8.0,10.0,0.0,0.0,0.0,4.926829268292683,0.47029702970297027,0.0,0.0,0.0,223.0,0.21973094170403587,110.0,0.16363636363636364,0.4090909090909091,52.0,13.0,39.0,11.0,28.0,21.0,0.8155920235477424,204.0,0.2534562211981567,116.0,0.3706896551724138,0.1810344827586207,0.3706896551724138,0.07758620689655173,0.0,0.14736842105263157,0.8421052631578947,0.010526315789473684,0.21551724137931033,0.7844827586206896,0.008620689655172414,0.17633410672853828,0.4779582366589327,0.025522041763341066,0.1368909512761021,0.06960556844547564,0.1136890951276102,14.0,42.17687074829932,11.273080660835763,22.157434402332363,2.3323615160349855,0.2672811059907834,0.5253456221198156,0.20689655172413793,0.06451612903225806,0.3779342723004695,1.048780487804878,10.585365853658537,5.560975609756097,0.009248554913294798,0.12639691714836224,0.007707129094412331,0.019653179190751446,0.7558191956399605,0.8479721515564606,0.8531374565756137,0.43902439024390244,0.14634146341463414,0.2926829268292683,0.0,0.07317073170731707,0.1951219512195122,0.12195121951219512,0.0,11.29032258064516,0.12406947890818859,91.0,0.7926829268292683,0.39779283976341684,0.783284742468416,7.782312925170068,8.0,25.097560975609756,24.0,0.07317073170731707,0.5853658536585366,0.07317073170731707,0.14634146341463414,0.12195121951219512,0.1951219512195122,0.17073170731707318,0.4146341463414634,0.43902439024390244,0.4146341463414634,0.07317073170731707,0.04878048780487805,0.21951219512195122,0.17073170731707318,0.3170731707317073,0.2682926829268293,0.0,0.0,0.04878048780487805,0.7752091577369924,0.5963700440528635,0.2599118942731278,0.7312775330396476,0.00881057268722467,3.3430515063168125,0.30414746543778803,3.7413793103448274,0.1951219512195122,4.780487804878049,0.6097560975609756,2.0,0.04878048780487805,1.0,0.5,0.0,0.0,0.0,1.0,4.0,0.0,0.0,3.0,0.07317073170731707,1.0,0.3333333333333333,0.0,0.0,0.0,0.0,0.0,0.0,0.0,0.0,0.0,0.0,0.0,0.0,0.0,0.0,0.0,0.0,0.0,0.0,2.0,0.0,0.0,0.24390243902439024,0.0,0.0,0.24390243902439024
8.docx,8.docx,1.0,0.0,8.0,1.602744645921091,2.0,3.9687964338781576,14.0,0.005594405594405594,2.657798739721817,0.09090909090909091,0.7076923076923077,0.09230769230769231,0.24615384615384617,0.3384615384615385,0.09230769230769231,0.18461538461538463,0.34570116391544964,0.1472229461571567,0.38562409812409815,0.42864958303554784,0.4254222325943636,0.5260648163898938,0.36733614574770296,0.8726434934829276,0.15384615384615385,0.0,0.733421969269105,0.7401971588245185,0.15384615384615385,0.5,1.084010840108401,0.0,0.1864951768488746,90.05257888705526,0.9048834899309182,0.656084656084656,0.6475963551259685,16.016576865641635,0.753707273071661,0.5226038710972681,0.2316342989844391,0.0,1.0,10.0,0.0,0.5538461538461539,0.3076923076923077,0.07692307692307693,0.06153846153846154,0.0,0.4307692307692308,0.3384615384615385,0.1076923076923077,0.07692307692307693,0.046153846153846156,0.015384615384615385,0.03076923076923077,0.0,0.015384615384615385,0.0,0.0,0.0,0.0,0.0,0.0,0.0,0.0,0.09230769230769231,0.07692307692307693,0.0,0.0,0.015384615384615385,0.13846153846153847,2.0,4.0,0.9430261366273329,0.24512177667708063,0.0,0.9731560354421095,0.09641912000383357,0.19283824000766714,0.8,210.0,63.0,1.0,15.0,4.0,16.0,43.0,0.0,2.0,2.0,3.230769230769231,0.3,0.0,0.03076923076923077,0.0,116.0,0.29310344827586204,64.0,0.15625,0.1875,15.0,1.0,14.0,4.0,18.0,15.0,0.8667411136102771,114.0,0.25098039215686274,61.0,0.6557377049180327,0.19672131147540983,0.04918032786885246,0.09836065573770492,0.0,0.04081632653061224,0.9387755102040817,0.02040816326530612,0.19672131147540983,0.8032786885245902,0.0,0.21105527638190955,0.27638190954773867,0.04522613065326633,0.19597989949748743,0.11557788944723618,0.15577889447236182,13.0,34.552845528455286,8.26558265582656,7.181571815718158,4.336043360433604,0.23921568627450981,0.20784313725490197,0.5245901639344263,0.07058823529411765,0.1810344827586207,0.6153846153846154,3.923076923076923,0.8153846153846154,0.07266666666666667,0.348,0.014,0.16533333333333333,0.7738994341066201,0.7432196517046193,0.7960921616424764,0.06153846153846154,0.1076923076923077,0.08461538461538462,0.0,0.12307692307692308,0.046153846153846156,0.07692307692307693,0.24615384615384617,1.607717041800643,1.1254019292604502,1.4285714285714286,0.13846153846153847,0.3453837587791331,0.8428184281842819,5.490514905149052,5.0,11.353846153846154,10.0,0.23076923076923078,0.046153846153846156,0.12307692307692308,0.2153846153846154,0.10344827586206896,0.10714285714285714,0.24615384615384617,0.35,0.3620689655172414,0.3392857142857143,0.07692307692307693,0.1,0.07142857142857142,0.015384615384615385,0.1,0.06896551724137931,0.0,0.017241379310344827,0.0,0.8557922459694488,0.5963700440528635,0.2599118942731278,0.7312775330396476,0.00881057268722467,2.4065040650406506,0.1450980392156863,4.180327868852459,0.35384615384615387,2.4655172413793105,0.3230769230769231,0.0,0.0,0.0,0.0,0.0,0.0,0.0,0.0,0.0,0.0,0.0,0.0,0.0,0.0,0.0,2.0,0.03076923076923077,1.0,0.0,0.0,0.0,0.0,0.0,0.0,0.0,0.0,0.0,0.0,0.0,0.0,0.0,0.0,0.0,0.0,0.13846153846153847,0.09230769230769231,0.24615384615384617,0.13846153846153847,0.09230769230769231,0.24615384615384617
9.docx,9.docx,1.0,0.0,12.0,2.8273219323012615,2.0,3.2754677754677757,12.0,0.020463685264005077,2.1037085465390155,0.19491525423728814,1.595505617977528,0.0,0.3146067415730337,0.550561797752809,0.056179775280898875,0.06741573033707865,0.37138737836281605,0.21638938548707198,0.33268973278705904,0.5326888913746001,0.48819811880435016,0.4790522961484392,0.4245155738152022,0.9510367410448863,0.07865168539325842,0.0,0.7349970542749834,0.5955950615188232,0.20224719101123595,0.125,2.533532041728763,0.0,0.42867281760113557,159.31556575332374,0.9087689125800095,0.6257822277847309,0.6379314195115039,24.317569346592492,0.6536927291927863,0.4433077257340289,0.2642061455054311,0.0,1.0,8.0,0.0,0.1348314606741573,0.4044943820224719,0.2696629213483146,0.11235955056179775,0.07865168539325842,0.14606741573033707,0.16853932584269662,0.21348314606741572,0.1348314606741573,0.33707865168539325,0.1797752808988764,0.15730337078651685,0.0,0.056179775280898875,0.0,0.0,0.0,0.0,0.0,0.0,0.0,0.0,0.06741573033707865,0.07865168539325842,0.011235955056179775,0.0,0.11235955056179775,0.033707865168539325,2.0,2.0,0.9016145898381868,0.5840873194483982,0.06722154475830686,0.31077715979917464,0.08136487396682418,0.16272974793364836,0.8,586.0,270.0,7.0,12.0,33.0,69.0,70.0,7.0,4.0,2.0,6.584269662921348,0.46075085324232085,0.02247191011235955,0.011235955056179775,0.011235955056179775,604.0,0.1357615894039735,217.0,0.1152073732718894,0.4147465437788018,128.0,54.0,74.0,87.0,76.0,78.0,0.8395152066761236,599.0,0.3580858085808581,219.0,0.5904761904761905,0.21428571428571427,0.18095238095238095,0.014285714285714285,0.0,0.24390243902439024,0.7378048780487805,0.018292682926829267,0.23333333333333334,0.7666666666666667,0.0821917808219178,0.26057529610829105,0.3688663282571912,0.05414551607445008,0.09644670050761421,0.08460236886632826,0.1353637901861252,15.0,30.104321907600596,10.879284649776453,14.555389965226032,8.147044212617983,0.3613861386138614,0.4834983498349835,0.7488584474885844,0.1254125412541254,0.30449251247920134,1.3932584269662922,6.808988764044944,3.292134831460674,0.0024140012070006035,0.0635686984510159,0.0032186682760008047,0.015892174612753975,0.838290826118636,0.8836303220269861,0.9018753055495978,0.4044943820224719,0.2696629213483146,0.33707865168539325,0.0,0.2696629213483146,0.24719101123595505,0.21348314606741572,0.011235955056179775,4.82611781405252,3.0518097941802695,1.5813953488372092,0.41685393258426967,0.4418247147223275,0.6999503229011426,6.103328365623447,5.0,22.617977528089888,20.0,0.1348314606741573,0.3595505617977528,0.29213483146067415,0.2808988764044944,0.06741573033707865,0.1348314606741573,0.0449438202247191,0.23595505617977527,0.23595505617977527,0.2808988764044944,0.07865168539325842,0.1348314606741573,0.10112359550561797,0.10112359550561797,0.1797752808988764,0.07865168539325842,0.011235955056179775,0.0,0.0,0.85482660452143,0.5963700440528635,0.2599118942731278,0.7312775330396476,0.00881057268722467,2.775459513164431,0.17491749174917492,2.767123287671233,0.16853932584269662,5.764044943820225,0.7640449438202247,1.0,0.011235955056179775,1.0,1.0,0.0,0.0,1.0,0.0,0.0,0.0,0.0,1.0,0.011235955056179775,1.0,1.0,0.0,0.0,0.0,0.0,1.0,0.0,0.0,0.0,0.0,0.0,0.0,0.0,0.0,0.0,0.0,0.0,0.0,0.0,0.0,0.0,0.0,0.11235955056179775,0.0,0.0,0.11235955056179775
