source_file,relative_path,dependency_tree_each_sentence,constituency_tree_each_sentence,dep_tree_max_depth,dep_tree_mean_depth,const_tree_max_depth,mean_dependency_distance,dependency_distance_p95,nonprojective_arc_ratio,mean_branching_factor,nested_subordinate_clause_ratio,predicate_centers_per_sentence,tree_template_repeat_ratio,first_token_pos_mode_share,last_token_pos_mode_share,first3_pos_pattern_mode_share,last3_pos_pattern_mode_share,relpos_first_finite_verb_mean,relpos_first_noun_mean,relpos_first_pronoun_mean,relpos_noun_mean,relpos_verb_aux_mean,relpos_adj_adv_mean,relpos_pron_det_adp_mean,pos_decile_entropy_mean,sentence_start_repeat_index,rhetorical_schema_DEC_share,syntactic_skeleton_ngram_repeat_index,sentence_length_cv,serial_enumeration_index,overgeneralization_index,abstract_nominalization_density_per_100w,significance_intensifier_density_per_100w,function_content_ratio,mtld,hdd,hapax_ratio,morphological_variability_index,terminological_cyclicity_index,punctuation_entropy,comma_position_profile_mean,comma_position_profile_std,constituency_tree_coverage,dependency_tree_coverage,dependency_distance_p90,text_too_short_flag,sentences_len_le10_share,sentences_len_11_20_share,sentences_len_21_30_share,sentences_len_31_40_share,sentences_len_gt40_share,comma_count_0_share,comma_count_1_share,comma_count_2_share,comma_count_3_share,comma_count_ge4_share,subordinate_marker_chto_share,subordinate_marker_kotory_share,subordinate_marker_kogda_share,subordinate_marker_potomu_share,stem_density_cognitive_per_1k,stem_density_model_per_1k,stem_density_concept_per_1k,stem_density_projection_per_1k,stem_density_key_per_1k,stem_density_system_per_1k,pattern_start_dannyi,pattern_start_vramkah,pattern_example_intro,pattern_enum_colon,pattern_definition,pattern_result_verb,pattern_nominal_abstract,syntactic_template_coverage_top3,dependency_distance_median,dependency_distance_iqr,morphology_case_entropy,morphology_tense_entropy,morphology_mood_entropy,morphology_person_entropy,domain_transfer_warning_score,template_regularity_index,report_confidence_score,punctuation_marks_per_100w,comma_per_100w,semicolon_per_100w,colon_per_100w,dash_per_100w,parenthesis_per_100w,quotes_per_100w,ellipsis_per_100w,exclamation_per_100w,question_per_100w,punctuation_to_sentence_ratio,comma_to_punct_ratio,sentence_terminal_question_share,sentence_terminal_exclamation_share,sentence_terminal_ellipsis_share,function_word_density_per_100w,function_word_type_token_ratio,preposition_density_per_100w,unique_prepositions_ratio,top_preposition_share,conjunction_density_per_100w,subordinating_conj_density_per_100w,coordinating_conj_density_per_100w,particles_density_per_100w,pronoun_density_per_100w,determiner_density_per_100w,function_word_entropy,stopword_density_per_100w,preposition_to_noun_ratio,verbs_total_density_per_100w,finite_verb_share,infinitive_verb_share,participle_verb_share,converb_verb_share,imperative_verb_share,past_tense_share,present_tense_share,future_tense_share,perfective_aspect_share,imperfective_aspect_share,auxiliary_share_in_verbs,noun_case_nominative_share,noun_case_genitive_share,noun_case_dative_share,noun_case_accusative_share,noun_case_instrumental_share,noun_case_locative_share,pos_inventory_size,noun_density_per_100w,verb_density_per_100w,adjective_density_per_100w,adverb_density_per_100w,verb_to_noun_ratio,adjective_to_noun_ratio,adverb_to_verb_ratio,pronoun_to_noun_ratio,adjective_noun_bigram_share,finite_verbs_per_sentence,nouns_per_sentence,adjectives_per_sentence,formulaic_lemma_4_6_repeat_index,formulaic_slot_4_6_repeat_index,formulaic_lemma_top10_coverage,formulaic_slot_top10_coverage,pos_transition_entropy,deprel_transition_entropy,joint_pos_deprel_transition_entropy,passive_construction_share,impersonal_construction_share,passive_impersonal_index,nested_parentheses_share,parenthetical_insertion_share,dash_insertion_share,quote_block_share,parcellation_fragment_share,abstract_lexicon_density_per_100w,concrete_lexicon_density_per_100w,abstract_to_concrete_ratio,sentence_abstractness_mean,sentence_abstractness_std,lexical_density_content_share,mean_word_length_chars,median_word_length_chars,mean_sentence_length_tokens,median_sentence_length_tokens,sentence_type_colon_share,sentence_type_dash_share,sentence_type_parenthesis_share,sentence_type_quote_share,pos_at_3_VERB_share,pos_at_4_ADJ_share,pos_at_1_NOUN_share,pos_at_2_NOUN_share,pos_at_3_NOUN_share,pos_at_4_NOUN_share,pos_at_1_VERB_share,pos_at_2_VERB_share,pos_at_4_VERB_share,pos_at_1_ADJ_share,pos_at_2_ADJ_share,pos_at_3_ADJ_share,pos_pattern_VERB_ADJ_ADJ_share,pos_pattern_NOUN_VERB_NOUN_share,pos_pattern_ADJ_NOUN_VERB_share,pos_position_profile_entropy_1_4,global_reliability_index,reliability_high_share,reliability_medium_share,reliability_low_share,morph_features_per_token_mean,abstract_nominal_suffix_share,noun_to_verb_ratio,nominal_predicate_share,prepredicate_span_mean,fronted_adverbial_share,sentence_initial_eto_count,sentence_initial_eto_share,eto_sentence_chain_max,eto_predicate_mode_share,specificichn_family_count,word_family_dopoln_count,word_family_odnovrem_count,word_family_klyuchev_count,word_family_ramka_count,word_family_fiks_count,word_family_fokus_count,sentence_initial_demonstrative_count,sentence_initial_demonstrative_share,demonstrative_sentence_chain_max,demonstrative_predicate_mode_share,sentence_initial_pronoun_3p_count,sentence_initial_pronoun_3p_share,pronoun_3p_sentence_chain_max,exact_word_dopolnitelno_count,exact_word_odnovremenno_count,exact_word_klyuchevoy_count,exact_word_ramka_count,exact_word_fiksirovat_count,exact_word_fokus_count,exact_word_fundamentalny_count,exact_word_analogichno_count,exact_word_domen_count,exact_word_token_count,exact_word_effekt_count,word_family_fundamentaln_count,word_family_analogichn_count,word_family_domen_count,word_family_token_count,word_family_effekt_count,pos_schema_repeated_sentence_share,pos_schema_repeat_excess,pos_schema_top10_coverage,pos_schema_compact_repeated_sentence_share,pos_schema_compact_repeat_excess,pos_schema_compact_top10_coverage
1.docx,1.docx,1.0,0.0,12.0,2.9676745590916256,2.0,2.695535714285714,8.0,0.002152815746309459,1.9294178071845072,0.15789473684210525,1.6779661016949152,0.0,0.288135593220339,0.847457627118644,0.06779661016949153,0.1016949152542373,0.3006464886113165,0.08275613636724803,0.38794670170246204,0.5163767842968352,0.49336801479914916,0.4665973831251657,0.46356953151732766,0.8899846345609066,0.03389830508474576,0.0,0.7685699138279252,0.46776295194927153,0.288135593220339,1.0,4.410517387616624,0.0,0.287117903930131,267.13710091805973,0.9190992048697343,0.7032967032967034,0.6454513571066554,18.485116147540705,0.8179656879228829,0.5079675643348436,0.23802339523974636,0.0,1.0,5.100000000000023,0.0,0.0847457627118644,0.5423728813559322,0.22033898305084745,0.11864406779661017,0.03389830508474576,0.15254237288135594,0.3559322033898305,0.23728813559322035,0.13559322033898305,0.11864406779661017,0.1694915254237288,0.03389830508474576,0.0,0.01694915254237288,0.0,0.0,0.0,0.0,0.8481764206955047,0.0,0.0,0.0,0.1016949152542373,0.23728813559322035,0.0,0.0,0.22033898305084745,0.05084745762711865,2.0,2.0,0.8828108189007442,0.5906994680586676,0.08574268253550253,0.32445355499909573,0.08892858324701094,0.1604936437825342,0.8,373.0,113.0,6.0,32.0,28.0,54.0,76.0,3.0,0.0,0.0,6.322033898305085,0.30294906166219837,0.0,0.0,0.0,263.0,0.17110266159695817,99.0,0.15151515151515152,0.3838383838383838,97.0,19.0,78.0,13.0,31.0,21.0,0.8015358455721269,265.0,0.1907514450867052,126.0,0.7380952380952381,0.06349206349206349,0.12698412698412698,0.07142857142857142,0.010752688172043012,0.2905982905982906,0.7008547008547008,0.008547008547008548,0.16666666666666666,0.8333333333333334,0.015873015873015872,0.30544747081712065,0.31906614785992216,0.04085603112840467,0.13813229571984437,0.06809338521400778,0.12840466926070038,13.0,44.02035623409669,10.687022900763358,19.168787107718405,3.477523324851569,0.24277456647398843,0.43545279383429675,0.3253968253968254,0.05973025048169557,0.3393213572854291,1.576271186440678,8.796610169491526,3.830508474576271,0.00494874513962531,0.06115235065394132,0.006009190526687876,0.012725344644750796,0.7652285371465141,0.8777160078090506,0.8900873559512894,0.3220338983050847,0.0,0.16101694915254236,0.0,0.3220338983050847,0.23728813559322035,0.3559322033898305,0.0,7.641921397379912,1.5283842794759825,5.0,0.6779661016949152,0.43598105357560385,0.7769296013570822,6.572519083969466,7.0,19.983050847457626,17.0,0.4745762711864407,0.3559322033898305,0.3220338983050847,0.3559322033898305,0.2033898305084746,0.23728813559322035,0.288135593220339,0.5084745762711864,0.423728813559322,0.3389830508474576,0.01694915254237288,0.13559322033898305,0.15254237288135594,0.23728813559322035,0.2033898305084746,0.1864406779661017,0.0,0.0,0.06779661016949153,0.7604491530835311,0.5963700440528635,0.2599118942731278,0.7312775330396476,0.00881057268722467,3.2748091603053435,0.1599229287090559,4.119047619047619,0.1694915254237288,4.423728813559322,0.4745762711864407,0.0,0.0,0.0,0.0,0.0,1.0,1.0,1.0,0.0,0.0,0.0,3.0,0.05084745762711865,1.0,0.3333333333333333,0.0,0.0,0.0,0.0,1.0,0.0,0.0,0.0,0.0,0.0,0.0,0.0,0.0,0.0,0.0,0.0,0.0,0.0,0.0,0.0,0.0,0.1694915254237288,0.0,0.0,0.1694915254237288
10.docx,10.docx,1.0,0.0,13.0,2.527398751703306,2.0,2.902469652574299,8.0,0.010062331680329578,1.8873744138524835,0.23008849557522124,1.2127659574468086,0.09929078014184398,0.3262411347517731,0.75177304964539,0.0851063829787234,0.19148936170212766,0.23105063169750834,0.19568743743443562,0.26836849395610907,0.5184703533391716,0.39062256160642245,0.4793834237524931,0.41800169160414813,0.8678576705954723,0.11347517730496454,0.0,0.8382477886671084,0.6797120475313422,0.15602836879432624,0.3333333333333333,5.533596837944664,0.07905138339920949,0.24753451676528598,154.63538236044604,0.9198413427799536,0.5120405576679341,0.5877574118207431,34.677283630047945,0.8017230317229865,0.4466581597819088,0.2325574602148971,0.0,1.0,6.0,0.0,0.2624113475177305,0.3829787234042553,0.2127659574468085,0.09219858156028368,0.04964539007092199,0.425531914893617,0.24822695035460993,0.1276595744680851,0.06382978723404255,0.1347517730496454,0.12056737588652482,0.028368794326241134,0.0,0.0070921985815602835,0.0,5.138339920948616,0.0,0.0,0.0,0.7905138339920948,0.0,0.014184397163120567,0.0070921985815602835,0.04964539007092199,0.04964539007092199,0.02127659574468085,0.2553191489361702,0.12056737588652482,2.0,2.0,0.8714089212210788,0.7826423795520137,0.0,0.0,0.15865215213342618,0.2073658697901593,0.8,563.0,183.0,56.0,25.0,42.0,56.0,48.0,0.0,0.0,0.0,3.99290780141844,0.325044404973357,0.0,0.0,0.0,502.0,0.12350597609561753,193.0,0.11917098445595854,0.27979274611398963,159.0,56.0,103.0,73.0,34.0,36.0,0.822912529701573,504.0,0.22006841505131128,242.0,0.6115702479338843,0.1652892561983471,0.2190082644628099,0.004132231404958678,0.0,0.23267326732673269,0.7673267326732673,0.0,0.21487603305785125,0.7851239669421488,0.028925619834710745,0.3231939163498099,0.34980988593155893,0.058301647655259824,0.09759188846641319,0.08618504435994931,0.08491761723700887,15.0,34.66403162055336,9.565217391304348,25.8102766798419,4.3478260869565215,0.2759407069555302,0.7445838084378563,0.45454545454545453,0.03876852907639681,0.49228944246737844,1.049645390070922,6.219858156028369,4.631205673758865,0.014644699617240806,0.1803960725578299,0.00399400898652022,0.014811116658345815,0.7694192471186233,0.8361431004304701,0.852867035677858,0.3333333333333333,0.02127659574468085,0.1773049645390071,0.0,0.1702127659574468,0.04964539007092199,0.16312056737588654,0.16312056737588654,12.278106508875739,0.19723865877712032,62.25,0.7204491725768322,0.44175472512728853,0.8015810276679842,7.545849802371541,8.0,17.94326241134752,16.0,0.1773049645390071,0.3191489361702128,0.1702127659574468,0.16312056737588654,0.21428571428571427,0.21138211382113822,0.2198581560283688,0.4782608695652174,0.2857142857142857,0.34146341463414637,0.02127659574468085,0.13768115942028986,0.11382113821138211,0.3262411347517731,0.2028985507246377,0.18253968253968253,0.007936507936507936,0.007936507936507936,0.07142857142857142,0.7507334284665607,0.5963700440528635,0.2599118942731278,0.7312775330396476,0.00881057268722467,3.01699604743083,0.22234891676168758,3.62396694214876,0.3900709219858156,3.1631205673758864,0.41134751773049644,3.0,0.02127659574468085,1.0,0.3333333333333333,0.0,0.0,0.0,0.0,2.0,2.0,0.0,7.0,0.04964539007092199,1.0,0.14285714285714285,3.0,0.02127659574468085,1.0,0.0,0.0,0.0,0.0,0.0,0.0,0.0,0.0,0.0,0.0,0.0,0.0,0.0,0.0,0.0,5.0,0.12056737588652482,0.09929078014184398,0.1702127659574468,0.12056737588652482,0.09929078014184398,0.1702127659574468
11.docx,11.docx,1.0,0.0,12.0,2.6520687416944937,2.0,3.2344726203601617,12.0,0.011723290047506763,2.2309379091614603,0.2709030100334448,1.4171974522292994,0.0732484076433121,0.2961783439490446,0.7547770700636943,0.07961783439490445,0.06687898089171974,0.2768924674068025,0.13831149600242132,0.3475828714590184,0.5145045607519368,0.4623969686351538,0.494032640579332,0.45211955976557466,0.9474357579001748,0.321656050955414,0.0,0.8953759989693328,0.5502340968390678,0.1910828025477707,0.6666666666666666,3.8748913987836664,0.05212858384013901,0.32971349353049906,125.03577682199563,0.91209667046201,0.5825366475462078,0.6371004457125686,30.273901026284733,0.684079592154432,0.45944390530999,0.23354849107429285,0.0,1.0,7.0,0.0,0.22611464968152867,0.4140127388535032,0.2515923566878981,0.08917197452229299,0.01910828025477707,0.27388535031847133,0.17834394904458598,0.2197452229299363,0.15286624203821655,0.1751592356687898,0.15605095541401273,0.12101910828025478,0.006369426751592357,0.009554140127388535,5.386620330147697,9.035621198957427,0.6950477845351868,0.0,3.3014769765421375,0.0,0.0,0.0031847133757961785,0.05732484076433121,0.15286624203821655,0.022292993630573247,0.0031847133757961785,0.1592356687898089,0.06050955414012739,2.0,2.0,0.8682914684689436,0.5996600881743918,0.07569731106089332,0.35845337611159983,0.26991368668537186,0.2625146902397265,0.8,1493.0,591.0,9.0,68.0,104.0,200.0,206.0,0.0,0.0,6.0,4.754777070063694,0.39584728734092434,0.01910828025477707,0.0,0.0031847133757961785,1427.0,0.05886475122634898,514.0,0.0622568093385214,0.3852140077821012,390.0,117.0,273.0,66.0,244.0,185.0,0.7701943125003872,1356.0,0.2564870259481038,702.0,0.6119828815977175,0.11697574893009986,0.23395149786019973,0.037089871611982884,0.0,0.3360258481421648,0.6607431340872375,0.0032310177705977385,0.2710413694721826,0.7289586305278174,0.039886039886039885,0.3420093701197293,0.3045288912024987,0.024466423737636647,0.15148360229047372,0.06611140031233732,0.11140031233732431,15.0,34.82189400521286,12.198088618592529,14.196350999131191,3.8748913987836664,0.3502994011976048,0.40768463073852296,0.3176638176638177,0.1217564870259481,0.31413612565445026,1.3662420382165605,6.382165605095541,2.6019108280254777,0.03325991189427313,0.2910425844346549,0.0038913362701908957,0.05807635829662262,0.7783842436798399,0.8368653611140151,0.8346273140334861,0.42038216560509556,0.054140127388535034,0.2372611464968153,0.0,0.14968152866242038,0.1942675159235669,0.14331210191082802,0.10509554140127389,8.918669131238447,1.455637707948244,6.126984126984127,0.6295116772823779,0.4748649475065141,0.7520417028670721,6.3720243266724585,6.0,18.328025477707005,17.0,0.21656050955414013,0.2643312101910828,0.14968152866242038,0.14968152866242038,0.20930232558139536,0.14432989690721648,0.2971246006389776,0.3993610223642173,0.3521594684385382,0.38144329896907214,0.022364217252396165,0.14376996805111822,0.13058419243986255,0.11182108626198083,0.20447284345047922,0.11960132890365449,0.0,0.0033222591362126247,0.019933554817275746,0.7490627234715781,0.5963700440528635,0.2599118942731278,0.7312775330396476,0.00881057268722467,3.0224152910512596,0.18413173652694612,2.8547008547008548,0.30254777070063693,3.697749196141479,0.4140127388535032,16.0,0.050955414012738856,1.0,0.1875,1.0,0.0,0.0,19.0,4.0,1.0,2.0,45.0,0.14331210191082802,1.0,0.17777777777777778,13.0,0.041401273885350316,1.0,0.0,0.0,1.0,1.0,0.0,1.0,0.0,1.0,0.0,0.0,1.0,1.0,1.0,5.0,1.0,4.0,0.11501597444089456,0.07987220447284345,0.10862619808306709,0.11501597444089456,0.07987220447284345,0.10862619808306709
12.docx,12.docx,1.0,0.0,10.0,3.0147108690559565,2.0,2.8448655795504627,9.0,0.011005921264852971,1.874041534979202,0.1391304347826087,2.0172413793103448,0.017241379310344827,0.2413793103448276,0.7241379310344828,0.08620689655172414,0.06896551724137931,0.27573750798479635,0.10397063823460322,0.3803867282335351,0.5121558756136274,0.48436308665868044,0.4964548996761207,0.4254431715829674,0.8991764466112736,0.10344827586206896,0.0,0.8189081113434196,0.47604500689150614,0.19827586206896552,1.0,6.163522012578617,0.04192872117400419,0.28988642509464574,228.3827519379845,0.9245037874934142,0.5796610169491525,0.6295213363429897,30.318176134112523,0.7836285525154416,0.4714281167155926,0.25166467363612366,0.0,1.0,6.0,0.0,0.14655172413793102,0.3620689655172414,0.35344827586206895,0.1206896551724138,0.017241379310344827,0.1896551724137931,0.3017241379310345,0.22413793103448276,0.22413793103448276,0.0603448275862069,0.33620689655172414,0.07758620689655173,0.017241379310344827,0.034482758620689655,2.5157232704402515,2.0964360587002098,0.0,0.0,0.8385744234800838,0.0,0.0,0.0,0.11206896551724138,0.13793103448275862,0.0,0.017241379310344827,0.35344827586206895,0.04310344827586207,2.0,2.0,0.8548451065316719,0.6091536730083057,0.07353922059614484,0.2394013985130411,0.14408609802180503,0.1861954153721322,0.8,753.0,201.0,22.0,35.0,33.0,168.0,143.0,11.0,0.0,2.0,6.491379310344827,0.26693227091633465,0.017241379310344827,0.0,0.0,536.0,0.11380597014925373,207.0,0.10144927536231885,0.27053140096618356,176.0,57.0,119.0,57.0,60.0,31.0,0.8147047243792899,540.0,0.20597014925373133,329.0,0.6646341463414634,0.07621951219512195,0.22560975609756098,0.03353658536585366,0.0045871559633027525,0.2913907284768212,0.695364238410596,0.013245033112582781,0.2682926829268293,0.7317073170731707,0.015197568389057751,0.3036093418259023,0.3492569002123142,0.024416135881104035,0.17834394904458598,0.07006369426751592,0.07430997876857749,15.0,42.138364779874216,13.79454926624738,12.955974842767295,4.109014675052411,0.32736318407960197,0.3074626865671642,0.2978723404255319,0.05970149253731343,0.26299694189602446,1.8793103448275863,8.663793103448276,2.663793103448276,0.01173627890921643,0.13669313082499138,0.0044874007594062825,0.012599240593717639,0.7671270619200249,0.8649184735896546,0.879980025957814,0.49137931034482757,0.10344827586206896,0.2974137931034483,0.0,0.5,0.14655172413793102,0.3448275862068966,0.0603448275862069,11.627906976744185,0.5949161709031909,19.545454545454547,0.7637110016420362,0.40880462261905776,0.7752620545073375,6.784067085953878,7.0,20.560344827586206,20.0,0.27586206896551724,0.29310344827586204,0.5,0.35344827586206895,0.24778761061946902,0.10714285714285714,0.19827586206896552,0.5575221238938053,0.3185840707964602,0.45535714285714285,0.05172413793103448,0.1415929203539823,0.09821428571428571,0.1724137931034483,0.07079646017699115,0.168141592920354,0.0,0.008849557522123894,0.04424778761061947,0.7416680600060964,0.5963700440528635,0.2599118942731278,0.7312775330396476,0.00881057268722467,3.19958071278826,0.22587064676616916,3.054711246200608,0.1206896551724138,3.5,0.45689655172413796,3.0,0.02586206896551724,1.0,0.3333333333333333,0.0,6.0,0.0,2.0,1.0,0.0,0.0,5.0,0.04310344827586207,1.0,0.4,1.0,0.008620689655172414,1.0,0.0,0.0,1.0,0.0,0.0,0.0,0.0,1.0,0.0,0.0,0.0,0.0,3.0,0.0,0.0,3.0,0.02586206896551724,0.017241379310344827,0.10344827586206896,0.02586206896551724,0.017241379310344827,0.10344827586206896
13.docx,13.docx,1.0,0.0,10.0,2.5913190375893413,2.0,2.8233454924439814,8.0,0.005992110802501485,1.8911837865280872,0.16842105263157894,1.5178571428571428,0.008928571428571428,0.32142857142857145,0.5625,0.05357142857142857,0.14285714285714285,0.3398361229744155,0.09216983280152062,0.43669925845973717,0.5014401427751618,0.4589912363754871,0.5038228766703694,0.4291581041724391,0.9041536294205669,0.07142857142857142,0.0,0.7846732696312313,0.4779978219285467,0.125,1.2,5.1698670605613,0.0,0.30359435173299104,125.64689629124405,0.8862691930554832,0.5628930817610063,0.6155975841552566,34.755837518220254,0.6931046296306838,0.4315603896784514,0.23430107112191678,0.0,1.0,6.0,0.0,0.16964285714285715,0.4375,0.32142857142857145,0.05357142857142857,0.017857142857142856,0.23214285714285715,0.26785714285714285,0.25,0.16964285714285715,0.08035714285714286,0.13392857142857142,0.044642857142857144,0.044642857142857144,0.017857142857142856,0.0,6.400787789266372,0.0,0.0,0.0,0.4923682914820286,0.0,0.0,0.10714285714285714,0.07142857142857142,0.0,0.008928571428571428,0.23214285714285715,0.03571428571428571,2.0,2.0,0.8075345549552352,0.5538789319579022,0.10327508457163545,0.213863992490087,0.14839721051240967,0.17122036821196054,0.8,782.0,181.0,5.0,24.0,42.0,152.0,94.0,3.0,0.0,0.0,6.982142857142857,0.23145780051150894,0.0,0.0,0.0,473.0,0.12684989429175475,196.0,0.09693877551020408,0.44387755102040816,151.0,43.0,108.0,43.0,38.0,39.0,0.8146354136602851,494.0,0.24654088050314465,239.0,0.6244725738396625,0.11392405063291139,0.24472573839662448,0.016877637130801686,0.013513513513513514,0.24519230769230768,0.7451923076923077,0.009615384615384616,0.2109704641350211,0.7890295358649789,0.02510460251046025,0.3523447401774398,0.29784537389100124,0.034220532319391636,0.11406844106463879,0.08745247148288973,0.11406844106463879,15.0,39.14327917282127,11.767602166420483,15.706548498276712,5.219103889709502,0.30062893081761005,0.40125786163522015,0.4435146443514644,0.04779874213836478,0.3153034300791557,1.3214285714285714,7.098214285714286,2.8482142857142856,0.011899791231732777,0.09478079331941545,0.004384133611691023,0.011064718162839248,0.7789042368657664,0.8763024237563078,0.886534764547479,0.49107142857142855,0.08928571428571429,0.29017857142857145,0.0,0.5089285714285714,0.25892857142857145,0.3482142857142857,0.08928571428571429,9.435173299101413,1.6046213093709885,5.88,0.6628613945578231,0.436758935493924,0.7671097981290005,6.572131954702117,7.0,18.133928571428573,18.0,0.20535714285714285,0.33035714285714285,0.5089285714285714,0.375,0.2037037037037037,0.18095238095238095,0.32142857142857145,0.4909090909090909,0.4166666666666667,0.3904761904761905,0.05357142857142857,0.1,0.11428571428571428,0.10714285714285714,0.11818181818181818,0.14814814814814814,0.0,0.037037037037037035,0.027777777777777776,0.750578115447586,0.5963700440528635,0.2599118942731278,0.7312775330396476,0.00881057268722467,3.113737075332349,0.17735849056603772,3.3263598326359833,0.16071428571428573,4.026785714285714,0.5357142857142857,2.0,0.017857142857142856,1.0,0.5,0.0,3.0,0.0,0.0,0.0,3.0,0.0,2.0,0.017857142857142856,1.0,0.5,0.0,0.0,0.0,0.0,0.0,0.0,0.0,0.0,0.0,0.0,2.0,0.0,0.0,1.0,0.0,3.0,0.0,0.0,2.0,0.017857142857142856,0.008928571428571428,0.09821428571428571,0.017857142857142856,0.008928571428571428,0.09821428571428571
14.docx,14.docx,1.0,0.0,13.0,2.799864285895382,2.0,2.5772256728778467,8.0,0.005922348873084492,1.8717891261640682,0.1909722222222222,1.3754512635379061,0.018050541516245487,0.24548736462093862,0.851985559566787,0.061371841155234655,0.16606498194945848,0.29479200934220623,0.10228553971448133,0.3606682754442345,0.5355943546320346,0.45424997671275097,0.4722911052736255,0.4401679278578345,0.9429735482344986,0.22021660649819494,0.0,0.8949411572409285,0.4919097707713884,0.20938628158844766,0.09375,6.583072100313479,0.07836990595611285,0.3107344632768362,181.61674728686017,0.9124730459659572,0.47145187601957583,0.6071097278925743,38.63577392855947,0.6227813118159481,0.4589395278140032,0.2529245451599148,0.0,1.0,5.0,0.0,0.20216606498194944,0.3935018050541516,0.30685920577617326,0.08664259927797834,0.010830324909747292,0.24187725631768953,0.24548736462093862,0.22743682310469315,0.1407942238267148,0.1444043321299639,0.16967509025270758,0.1299638989169675,0.010830324909747292,0.010830324909747292,0.19592476489028213,2.74294670846395,0.19592476489028213,0.0,4.506269592476489,0.19592476489028213,0.010830324909747292,0.0,0.10108303249097472,0.05776173285198556,0.007220216606498195,0.01444043321299639,0.35018050541516244,0.02527075812274368,2.0,2.0,0.8812423170084527,0.5231262631519833,0.10485601426696442,0.14489062017248702,0.18746935814777022,0.2345838993182218,0.8,1174.0,513.0,9.0,25.0,60.0,164.0,118.0,0.0,0.0,1.0,4.23826714801444,0.43696763202725725,0.0,0.0,0.0,1210.0,0.05702479338842975,447.0,0.04697986577181208,0.38031319910514544,391.0,111.0,280.0,72.0,145.0,127.0,0.7713810502825316,1193.0,0.21783625730994152,661.0,0.5333333333333333,0.21363636363636362,0.22424242424242424,0.02878787878787879,0.002840909090909091,0.24903474903474904,0.749034749034749,0.0019305019305019305,0.2606060606060606,0.7393939393939394,0.04236006051437216,0.2635306019221042,0.3621648963075367,0.03743045017703591,0.15781487101669195,0.0738492665655033,0.10520991401112798,15.0,40.20376175548589,12.95062695924765,17.78996865203762,4.290752351097179,0.32212475633528265,0.442495126705653,0.3313161875945537,0.07066276803118908,0.35721493440968716,1.2707581227436824,7.407942238267148,3.2779783393501805,0.063658940397351,0.24859271523178808,0.0033112582781456954,0.013493377483443708,0.7410765719265315,0.8365180889161552,0.8270409000858688,0.4187725631768953,0.09025270758122744,0.2545126353790614,0.0,0.20577617328519857,0.11191335740072202,0.1263537906137184,0.05776173285198556,13.76476630713919,0.7960965588084232,17.29032258064516,0.7460847515901667,0.41550776291797986,0.7629310344827587,6.95826802507837,7.0,18.425992779783392,18.0,0.09025270758122744,0.22743682310469315,0.20577617328519857,0.13357400722021662,0.1791044776119403,0.16853932584269662,0.24817518248175183,0.42592592592592593,0.4141791044776119,0.3408239700374532,0.025547445255474453,0.15925925925925927,0.1797752808988764,0.18613138686131386,0.17777777777777778,0.15671641791044777,0.0,0.007462686567164179,0.055970149253731345,0.7543787872873303,0.5963700440528635,0.2599118942731278,0.7312775330396476,0.00881057268722467,3.240987460815047,0.2597465886939571,3.104387291981846,0.22743682310469315,4.116788321167883,0.48736462093862815,7.0,0.02527075812274368,1.0,0.2857142857142857,1.0,2.0,3.0,23.0,9.0,1.0,15.0,18.0,0.06498194945848375,1.0,0.1111111111111111,9.0,0.032490974729241874,1.0,0.0,3.0,0.0,0.0,0.0,3.0,0.0,1.0,0.0,0.0,1.0,3.0,2.0,0.0,0.0,7.0,0.029197080291970802,0.014598540145985401,0.051094890510948905,0.029197080291970802,0.014598540145985401,0.051094890510948905
15.docx,15.docx,1.0,0.0,12.0,2.7335252474874143,2.0,2.7279835390946503,9.0,0.006358797148270832,1.8940528973745756,0.18571428571428572,1.5524475524475525,0.0,0.23776223776223776,0.8391608391608392,0.06993006993006994,0.11188811188811189,0.3010425741700669,0.11095457428944737,0.409478890031668,0.5312292894582018,0.4699718413798206,0.47278727420076183,0.4333178582771273,0.8970665419614798,0.1258741258741259,0.0,0.8406227001426924,0.352083830344302,0.15384615384615385,0.25,4.819277108433735,0.0388651379712398,0.27502477700693756,226.70783134219442,0.9170541900918607,0.611489776046738,0.6258224518237153,29.44326248248324,0.7393360216571603,0.4621952291964955,0.25907565138848415,0.0,1.0,6.0,0.0,0.0979020979020979,0.6013986013986014,0.26573426573426573,0.02097902097902098,0.013986013986013986,0.1958041958041958,0.3356643356643357,0.26573426573426573,0.1258741258741259,0.07692307692307693,0.24475524475524477,0.04195804195804196,0.0,0.006993006993006993,4.663816556548776,1.554605518849592,0.0,0.0,0.777302759424796,0.0,0.006993006993006993,0.02097902097902098,0.09090909090909091,0.1048951048951049,0.013986013986013986,0.006993006993006993,0.1958041958041958,0.02097902097902098,2.0,2.0,0.8311484589240807,0.5793563990254449,0.07860810749283245,0.16299745061750195,0.16374862843197097,0.20029237219637067,0.8,936.0,234.0,3.0,37.0,64.0,155.0,284.0,4.0,0.0,0.0,6.545454545454546,0.25,0.0,0.0,0.0,555.0,0.11531531531531532,230.0,0.09565217391304348,0.3695652173913043,192.0,69.0,123.0,30.0,60.0,38.0,0.7677257092532052,555.0,0.20210896309314588,335.0,0.6029850746268657,0.12238805970149254,0.1880597014925373,0.08656716417910448,0.009900990099009901,0.24315068493150685,0.7397260273972602,0.017123287671232876,0.23582089552238805,0.764179104477612,0.014925373134328358,0.3568807339449541,0.3100917431192661,0.030275229357798167,0.1614678899082569,0.04220183486238532,0.09908256880733946,14.0,44.22852701127089,13.019821220365332,15.818111154294598,3.7699183832102605,0.29437609841827767,0.35764499121265375,0.28955223880597014,0.05272407732864675,0.28313796212804326,1.4125874125874125,7.958041958041958,2.8461538461538463,0.0069965017491254375,0.13076794935865402,0.0033316674995835416,0.013826420123271697,0.7517318292814561,0.8592845920504275,0.8710855495723169,0.4125874125874126,0.06293706293706294,0.23776223776223776,0.0,0.40559440559440557,0.24475524475524477,0.5384615384615384,0.0,8.771060455896928,1.0901883052527255,8.045454545454545,0.594988344988345,0.47053852897044257,0.7842984842596191,6.75359502526234,7.0,17.993006993006993,18.0,0.2517482517482518,0.35664335664335667,0.40559440559440557,0.5384615384615384,0.2097902097902098,0.16783216783216784,0.1958041958041958,0.46153846153846156,0.32867132867132864,0.38461538461538464,0.04895104895104895,0.13986013986013987,0.11188811188811189,0.1958041958041958,0.15384615384615385,0.18181818181818182,0.013986013986013986,0.013986013986013986,0.06993006993006994,0.767972433926843,0.5963700440528635,0.2599118942731278,0.7312775330396476,0.00881057268722467,3.303536727555383,0.1616871704745167,3.3970149253731345,0.07692307692307693,4.056737588652482,0.5384615384615384,5.0,0.03496503496503497,1.0,0.2,0.0,1.0,1.0,2.0,3.0,0.0,1.0,6.0,0.04195804195804196,1.0,0.16666666666666666,1.0,0.006993006993006993,1.0,0.0,1.0,0.0,0.0,0.0,0.0,0.0,1.0,1.0,0.0,1.0,2.0,1.0,1.0,0.0,5.0,0.0,0.0,0.06993006993006994,0.0,0.0,0.06993006993006994
16.docx,16.docx,1.0,0.0,13.0,3.1543779020934695,2.0,3.2596401028277633,11.0,0.0044075074663682545,1.955377154065313,0.047619047619047616,1.6774193548387097,0.0,0.28225806451612906,0.8548387096774194,0.07258064516129033,0.08064516129032258,0.2600185395754281,0.13026598176052115,0.4131206222149023,0.5522549742705746,0.4335817738154434,0.4781385835600615,0.4396089984087914,0.959880765762942,0.12903225806451613,0.0,0.8273082234374446,0.37615430073021927,0.2661290322580645,2.0,4.987706357569372,0.035124692658939236,0.37270973963355836,223.06392097543085,0.9007270497043255,0.6184586108468125,0.6598129311450849,29.05602253738978,0.7631713455034592,0.503385872476051,0.2432379912751593,0.0,1.0,7.0,0.0,0.056451612903225805,0.3709677419354839,0.3709677419354839,0.1774193548387097,0.024193548387096774,0.16129032258064516,0.3225806451612903,0.1774193548387097,0.13709677419354838,0.20161290322580644,0.14516129032258066,0.04032258064516129,0.008064516129032258,0.008064516129032258,0.0,0.3512469265893923,0.0,0.0,1.053740779768177,0.3512469265893923,0.008064516129032258,0.0,0.07258064516129033,0.14516129032258066,0.0,0.024193548387096774,0.28225806451612906,0.024193548387096774,2.0,3.0,0.8598282987243061,0.6010714954735656,0.12272385140978503,0.24504780264299986,0.11489533901930743,0.19449390275200504,0.8,1383.0,268.0,7.0,36.0,108.0,177.0,658.0,1.0,0.0,0.0,11.153225806451612,0.19378163412870572,0.0,0.0,0.0,773.0,0.09573091849935317,261.0,0.10344827586206896,0.36398467432950193,228.0,52.0,176.0,54.0,83.0,143.0,0.7763497513175439,655.0,0.23727272727272727,267.0,0.7303370786516854,0.0749063670411985,0.17228464419475656,0.02247191011235955,0.010256410256410256,0.30612244897959184,0.6857142857142857,0.00816326530612245,0.1797752808988764,0.8202247191011236,0.0149812734082397,0.3424657534246575,0.3424657534246575,0.06575342465753424,0.1223744292237443,0.048401826484018265,0.07853881278538813,14.0,38.63716192483316,9.378292939936776,19.775201966982788,4.250087811731648,0.24272727272727274,0.5118181818181818,0.45318352059925093,0.07545454545454545,0.33948339483394835,1.5725806451612903,8.870967741935484,4.540322580645161,0.01630511838933787,0.10818091592230257,0.0029774564015312634,0.01077555650077981,0.7702305508312781,0.8545798019105845,0.862693217554319,0.5,0.04032258064516129,0.2701612903225806,0.0,0.5161290322580645,0.4274193548387097,0.8387096774193549,0.008064516129032258,9.305689488910318,0.5303760848601736,17.545454545454547,0.7365591397849462,0.42232543115466875,0.7284861257463997,6.496311907270812,6.0,22.95967741935484,22.5,0.2903225806451613,0.6209677419354839,0.5161290322580645,0.8467741935483871,0.1693548387096774,0.14516129032258066,0.11290322580645161,0.3387096774193548,0.3548387096774194,0.3387096774193548,0.06451612903225806,0.0967741935483871,0.1532258064516129,0.18548387096774194,0.1532258064516129,0.20161290322580644,0.008064516129032258,0.008064516129032258,0.03225806451612903,0.8044007699942941,0.5963700440528635,0.2599118942731278,0.7312775330396476,0.00881057268722467,3.251492799438005,0.19090909090909092,4.119850187265918,0.13709677419354838,4.573770491803279,0.6693548387096774,2.0,0.016129032258064516,1.0,0.5,0.0,2.0,2.0,3.0,3.0,1.0,0.0,4.0,0.03225806451612903,1.0,0.25,0.0,0.0,0.0,0.0,2.0,0.0,0.0,0.0,0.0,0.0,0.0,0.0,0.0,0.0,1.0,0.0,0.0,0.0,1.0,0.0,0.0,0.08064516129032258,0.0,0.0,0.08064516129032258
17.docx,17.docx,1.0,0.0,12.0,2.548203376770833,2.0,2.452236719478099,7.0,0.0056696423345526156,1.897272422329173,0.1171875,1.4228187919463087,0.020134228187919462,0.23154362416107382,0.8087248322147651,0.06375838926174497,0.09060402684563758,0.29685526902761256,0.16660673850410265,0.37124612877672075,0.5470176340092945,0.4584835581010737,0.48417198002274664,0.4442222837346734,0.9166671601031993,0.174496644295302,0.0,0.8757852680266474,0.5330010776520793,0.12080536912751678,0.25,8.38962736979734,0.043582479843103074,0.35849615156897574,125.41916190440081,0.9066311752999172,0.4933078393881453,0.6084523061334604,36.75224730757072,0.712919204358563,0.4526972968232722,0.2363416752268133,0.0,1.0,5.0,0.0,0.3187919463087248,0.4228187919463087,0.20134228187919462,0.053691275167785234,0.003355704697986577,0.3523489932885906,0.2348993288590604,0.2348993288590604,0.11073825503355705,0.06711409395973154,0.10738255033557047,0.087248322147651,0.016778523489932886,0.020134228187919462,0.0,6.319459577249945,0.0,0.0,1.9612115929396383,0.0,0.0,0.003355704697986577,0.0738255033557047,0.026845637583892617,0.013422818791946308,0.006711409395973154,0.37583892617449666,0.020134228187919462,2.0,2.0,0.8914481010091723,0.51770424777957,0.10323908401187934,0.23486147469272856,0.1802718966353327,0.21341208716237645,0.8,1210.0,408.0,5.0,52.0,66.0,133.0,164.0,0.0,4.0,8.0,4.060402684563758,0.3371900826446281,0.003355704697986577,0.0,0.013422818791946308,1211.0,0.06606110652353427,385.0,0.06493506493506493,0.2935064935064935,338.0,82.0,256.0,123.0,174.0,160.0,0.8142913199009658,1272.0,0.23692307692307693,649.0,0.5618153364632238,0.23943661971830985,0.1674491392801252,0.03129890453834116,0.002785515320334262,0.18541666666666667,0.7958333333333333,0.01875,0.2676056338028169,0.7323943661971831,0.04776579352850539,0.26835286859962987,0.3454657618753856,0.0351634793337446,0.1770512029611351,0.0999383096853794,0.07402837754472548,15.0,35.41076487252124,14.142514709086948,17.43299193724123,6.232294617563739,0.3993846153846154,0.49230769230769234,0.4406779661016949,0.10707692307692308,0.33655083655083656,1.2046979865771812,5.453020134228188,2.684563758389262,0.032943469785575046,0.1790448343079922,0.004678362573099415,0.010331384015594542,0.7767299651667443,0.84776888196219,0.851414451378615,0.2953020134228188,0.348993288590604,0.3221476510067114,0.0,0.16778523489932887,0.08053691275167785,0.19798657718120805,0.087248322147651,14.742451154529308,0.5920663114268798,24.9,0.6983461169702779,0.4507709068025617,0.7361080845500109,6.983874482458051,7.0,15.399328859060402,15.0,0.17114093959731544,0.19798657718120805,0.16778523489932887,0.19798657718120805,0.22789115646258504,0.13636363636363635,0.23232323232323232,0.3614864864864865,0.29931972789115646,0.2972027972027972,0.06397306397306397,0.1554054054054054,0.2202797202797203,0.1717171717171717,0.15202702702702703,0.1564625850340136,0.006802721088435374,0.006802721088435374,0.03741496598639456,0.7717226346947208,0.5963700440528635,0.2599118942731278,0.7312775330396476,0.00881057268722467,3.1880584005229897,0.38584615384615384,2.5038520801232664,0.2550335570469799,3.1986062717770034,0.43288590604026844,9.0,0.030201342281879196,1.0,0.2222222222222222,0.0,8.0,1.0,9.0,5.0,0.0,0.0,29.0,0.09731543624161074,2.0,0.20689655172413793,16.0,0.053691275167785234,2.0,0.0,1.0,2.0,0.0,0.0,0.0,0.0,0.0,0.0,0.0,0.0,0.0,0.0,0.0,0.0,2.0,0.04040404040404041,0.020202020202020204,0.05387205387205387,0.04040404040404041,0.020202020202020204,0.05387205387205387
18.docx,18.docx,1.0,0.0,12.0,2.8773985624623335,2.0,3.073717948717949,10.0,0.016645083501717943,1.9963289159539654,0.12941176470588237,1.6422018348623852,0.0,0.3211009174311927,0.8165137614678899,0.07339449541284404,0.09174311926605505,0.26830887438192924,0.1268625155699008,0.4233922215422611,0.5366292135492317,0.4444568665547737,0.48632914940965455,0.42854560527531155,0.9386739458458331,0.06422018348623854,0.0,0.8124749547641114,0.4667305115129349,0.1834862385321101,0.75,2.4858264282599216,0.0,0.305065452475811,174.04630338799782,0.9190761701759715,0.625,0.64457072454709,27.531562356023258,0.7429100239431838,0.49291359351494474,0.24560640507539763,0.0,1.0,6.0,0.0,0.11009174311926606,0.42201834862385323,0.3211009174311927,0.11926605504587157,0.027522935779816515,0.1834862385321101,0.21100917431192662,0.24770642201834864,0.1743119266055046,0.1834862385321101,0.14678899082568808,0.03669724770642202,0.0,0.045871559633027525,2.1805494984736153,1.3083296990841693,0.0,0.0,0.8722197993894462,0.0,0.0,0.0,0.07339449541284404,0.1834862385321101,0.009174311926605505,0.027522935779816515,0.10091743119266056,0.027522935779816515,2.0,2.0,0.8884149284382016,0.5108704791369749,0.131744048041152,0.1561413095328254,0.12931397011501367,0.17533902765006998,0.8,760.0,232.0,10.0,31.0,52.0,161.0,158.0,1.0,0.0,0.0,6.972477064220183,0.30526315789473685,0.0,0.0,0.0,536.0,0.11007462686567164,206.0,0.11165048543689321,0.2961165048543689,176.0,44.0,132.0,38.0,58.0,57.0,0.8220124251533352,543.0,0.21084953940634596,248.0,0.6612903225806451,0.07661290322580645,0.24596774193548387,0.016129032258064516,0.018292682926829267,0.22566371681415928,0.7699115044247787,0.004424778761061947,0.2217741935483871,0.7782258064516129,0.004032258064516129,0.36321303841676367,0.2724097788125728,0.06635622817229336,0.1362048894062864,0.08265424912689173,0.07916181606519208,16.0,42.60793720017445,10.815525512429131,15.612734409071086,5.015263846489315,0.2538382804503582,0.3664278403275333,0.4637096774193548,0.0593654042988741,0.2840670859538784,1.5045871559633028,8.963302752293577,3.2844036697247705,0.0041263006817366344,0.10243989953354862,0.0041263006817366344,0.011661284535342662,0.7773071074325906,0.8688159067766531,0.8731544640298763,0.3944954128440367,0.09174311926605505,0.24311926605504589,0.0,0.48623853211009177,0.29357798165137616,0.5137614678899083,0.0,5.179282868525896,0.5691519635742743,9.1,0.4938837920489297,0.4894017471197743,0.7662450937636285,6.328826864369821,6.0,21.03669724770642,19.0,0.27522935779816515,0.3944954128440367,0.5045871559633027,0.5137614678899083,0.2018348623853211,0.1574074074074074,0.1559633027522936,0.4036697247706422,0.30275229357798167,0.25,0.06422018348623854,0.13761467889908258,0.21296296296296297,0.11926605504587157,0.1651376146788991,0.14678899082568808,0.009174311926605505,0.0,0.01834862385321101,0.8167296913585629,0.5963700440528635,0.2599118942731278,0.7312775330396476,0.00881057268722467,3.0763192324465765,0.1023541453428864,3.939516129032258,0.13761467889908258,3.8796296296296298,0.6330275229357798,1.0,0.009174311926605505,1.0,1.0,0.0,0.0,0.0,2.0,0.0,0.0,1.0,2.0,0.01834862385321101,1.0,1.0,1.0,0.009174311926605505,1.0,0.0,0.0,0.0,0.0,0.0,0.0,1.0,0.0,0.0,0.0,0.0,1.0,0.0,0.0,0.0,0.0,0.0,0.0,0.09174311926605505,0.0,0.0,0.09174311926605505
19.docx,19.docx,1.0,0.0,12.0,2.489700312999759,2.0,2.4483769633507855,7.0,0.00995965953798583,1.8304705771039678,0.146875,1.2582417582417582,0.024725274725274724,0.3021978021978022,0.7527472527472527,0.057692307692307696,0.09340659340659341,0.3627204066763909,0.13387984006070003,0.31195501920645247,0.5306232236492512,0.4923932433443199,0.5074378229462215,0.4369572322993631,0.9032960246973146,0.28846153846153844,0.0,0.8926397445538589,0.531632725755845,0.08241758241758242,0.7647058823529411,4.9620548744892,0.01945903872348706,0.3488188976377953,139.65994605337775,0.9190605038721874,0.5032894736842105,0.6078015363907613,37.02100314643404,0.7180739104347257,0.45591319978614037,0.23205863481542607,0.0,1.0,5.0,0.0,0.3873626373626374,0.4230769230769231,0.1565934065934066,0.03021978021978022,0.0027472527472527475,0.30494505494505497,0.3076923076923077,0.23901098901098902,0.09340659340659341,0.054945054945054944,0.08516483516483517,0.0989010989010989,0.01098901098901099,0.016483516483516484,1.7513134851138354,4.475578906402024,0.0,0.0,1.7513134851138354,0.0,0.005494505494505495,0.0027472527472527475,0.04120879120879121,0.024725274725274724,0.01098901098901099,0.008241758241758242,0.15384615384615385,0.019230769230769232,2.0,2.0,0.8520746268646487,0.6058716683435919,0.025708116073725314,0.21061906284937257,0.19239382105418323,0.2422642126470355,0.8,1470.0,483.0,2.0,57.0,69.0,230.0,224.0,0.0,0.0,3.0,4.038461538461538,0.32857142857142857,0.008241758241758242,0.0,0.0,1329.0,0.06395786305492852,528.0,0.05303030303030303,0.23863636363636365,324.0,109.0,215.0,128.0,182.0,133.0,0.8113275811999686,1309.0,0.26693629929221435,716.0,0.5460893854748603,0.18016759776536312,0.25139664804469275,0.0223463687150838,0.0025575447570332483,0.24232081911262798,0.7320819112627986,0.025597269624573378,0.2569832402234637,0.7430167597765364,0.04748603351955307,0.3502044989775051,0.34611451942740284,0.032719836400818,0.11349693251533742,0.0843558282208589,0.07310838445807771,14.0,38.48997859505741,13.932671726016736,16.131543101770774,5.409612765129403,0.3619817997977755,0.4191102123356926,0.388268156424581,0.09201213346814964,0.3099571734475375,1.0741758241758241,5.434065934065934,2.2774725274725274,0.03134005763688761,0.19659582132564843,0.0031520172910662826,0.011527377521613832,0.7648863180316317,0.8504919546127361,0.8472976254337148,0.33516483516483514,0.07692307692307693,0.20604395604395603,0.0,0.18956043956043955,0.09615384615384616,0.2087912087912088,0.054945054945054944,10.813648293963254,4.986876640419948,2.168421052631579,0.5419021454735741,0.456524501927132,0.7413893753648569,6.636894337419731,6.0,14.118131868131869,13.0,0.1565934065934066,0.19505494505494506,0.18956043956043955,0.2087912087912088,0.19444444444444445,0.1352112676056338,0.3021978021978022,0.3988919667590028,0.33611111111111114,0.4309859154929577,0.07417582417582418,0.10803324099722991,0.1295774647887324,0.1043956043956044,0.12742382271468145,0.17777777777777778,0.0,0.0,0.03333333333333333,0.7883157339316083,0.5963700440528635,0.2599118942731278,0.7312775330396476,0.00881057268722467,3.291885580852306,0.2032355915065723,2.7625698324022347,0.2554945054945055,3.5549450549450547,0.4807692307692308,15.0,0.04120879120879121,1.0,0.26666666666666666,0.0,3.0,0.0,9.0,1.0,0.0,0.0,37.0,0.10164835164835165,1.0,0.13513513513513514,10.0,0.027472527472527472,1.0,0.0,0.0,1.0,0.0,0.0,0.0,0.0,2.0,0.0,0.0,0.0,0.0,2.0,0.0,0.0,1.0,0.057692307692307696,0.03296703296703297,0.06043956043956044,0.057692307692307696,0.03296703296703297,0.06043956043956044
2.docx,2.docx,1.0,0.0,11.0,2.4605216099913783,2.0,2.650497512437811,8.0,0.0020627062706270625,1.9573083339191606,0.0967741935483871,1.5643564356435644,0.0,0.26732673267326734,0.8415841584158416,0.0594059405940594,0.1188118811881188,0.3343020047667274,0.12192178418308766,0.45821191254970806,0.5285016513603502,0.46555786675256744,0.5306609011556114,0.47220702562382477,0.9370615384097508,0.16831683168316833,0.0,0.7869200087097667,0.4679154071817496,0.06930693069306931,2.0,3.978935049736688,0.058513750731421885,0.31664098613251157,170.3735059847583,0.912532380325266,0.6459709379128138,0.6704629541435138,22.984691840114014,0.7847507665753306,0.46810576872229814,0.24627993870469547,0.0,1.0,5.0,0.0,0.22772277227722773,0.4752475247524752,0.2376237623762376,0.04950495049504951,0.009900990099009901,0.33663366336633666,0.38613861386138615,0.15841584158415842,0.06930693069306931,0.04950495049504951,0.09900990099009901,0.009900990099009901,0.009900990099009901,0.0,0.0,0.0,0.0,0.0,0.5851375073142189,0.5851375073142189,0.0,0.0,0.04950495049504951,0.06930693069306931,0.009900990099009901,0.0,0.13861386138613863,0.0297029702970297,2.0,2.0,0.8731784218743963,0.8865408928220898,0.10792679533648879,0.32563145176083186,0.10742391252368041,0.19104736807858702,0.8,525.0,115.0,4.0,28.0,37.0,52.0,156.0,21.0,9.0,1.0,5.198019801980198,0.21904761904761905,0.0,0.019801980198019802,0.019801980198019802,411.0,0.170316301703163,171.0,0.12280701754385964,0.3567251461988304,124.0,25.0,99.0,25.0,43.0,46.0,0.7984913263582437,410.0,0.2292225201072386,204.0,0.6666666666666666,0.09313725490196079,0.18137254901960784,0.058823529411764705,0.007352941176470588,0.30434782608695654,0.6956521739130435,0.0,0.22549019607843138,0.7745098039215687,0.00980392156862745,0.31451612903225806,0.31048387096774194,0.028225806451612902,0.1693548387096774,0.0967741935483871,0.08064516129032258,14.0,43.65125804564072,11.936805149210064,15.623171445289644,3.6863662960795787,0.2734584450402145,0.3579088471849866,0.3088235294117647,0.057640750670241284,0.31741573033707865,1.3465346534653466,7.3861386138613865,2.6435643564356437,0.00889905924230867,0.09788965166539537,0.005339435545385202,0.013475718281210271,0.7883917000704858,0.8698862047129473,0.8801221171880832,0.26732673267326734,0.0594059405940594,0.16336633663366337,0.0,0.18811881188118812,0.297029702970297,0.5346534653465347,0.039603960396039604,6.086286594761171,3.0816640986132513,1.975,0.45957095709570955,0.4629587876091094,0.7595084844938561,6.400234055002926,6.0,16.92079207920792,16.0,0.25742574257425743,0.3465346534653465,0.18811881188118812,0.6039603960396039,0.16,0.12371134020618557,0.26732673267326734,0.46,0.34,0.4536082474226804,0.039603960396039604,0.14,0.17525773195876287,0.10891089108910891,0.17,0.15,0.0,0.01,0.03,0.764883593613149,0.5963700440528635,0.2599118942731278,0.7312775330396476,0.00881057268722467,3.3680514921006437,0.14745308310991956,3.656862745098039,0.13861386138613863,4.079207920792079,0.44554455445544555,0.0,0.0,0.0,0.0,0.0,0.0,2.0,1.0,0.0,0.0,0.0,4.0,0.039603960396039604,1.0,0.25,1.0,0.009900990099009901,1.0,0.0,2.0,0.0,0.0,0.0,0.0,0.0,0.0,0.0,0.0,1.0,0.0,1.0,0.0,0.0,1.0,0.0,0.0,0.09900990099009901,0.0,0.0,0.09900990099009901
20.docx,20.docx,1.0,0.0,15.0,2.843957437849941,2.0,2.556420233463035,8.0,0.007867814409809815,1.8350056534416066,0.18471337579617833,1.3957219251336899,0.026737967914438502,0.31016042780748665,0.8823529411764706,0.053475935828877004,0.10160427807486631,0.307035330591034,0.12980147480012771,0.40215524081427517,0.5399532439747857,0.4376992217754056,0.48127612879466714,0.4682360963522311,0.9002157656841664,0.0855614973262032,0.0,0.8660612132942216,0.48590083789811517,0.1657754010695187,0.6923076923076923,4.860898807704066,0.03057169061449098,0.28526522593320236,157.07988958186718,0.888128474846998,0.5932835820895522,0.6122818210062421,33.0923395112107,0.7938410749271531,0.47712728884624456,0.24346839503800638,0.0,1.0,5.0,0.0,0.18716577540106952,0.5080213903743316,0.24598930481283424,0.0427807486631016,0.016042780748663103,0.22994652406417113,0.3155080213903743,0.2620320855614973,0.13903743315508021,0.053475935828877004,0.11764705882352941,0.0374331550802139,0.0106951871657754,0.0106951871657754,2.4457352491592785,3.6686028737389176,0.0,0.0,0.3057169061449098,0.3057169061449098,0.0,0.0,0.1711229946524064,0.12834224598930483,0.0,0.0053475935828877,0.23529411764705882,0.0427807486631016,2.0,2.0,0.8606487468012746,0.6250377518490401,0.04619244012962608,0.12275566994750378,0.15714679802848286,0.19139406084066252,0.8,951.0,281.0,9.0,52.0,60.0,202.0,145.0,0.0,0.0,2.0,5.0855614973262036,0.29547844374342797,0.0106951871657754,0.0,0.0,726.0,0.09366391184573003,294.0,0.06802721088435375,0.2891156462585034,243.0,62.0,181.0,42.0,67.0,68.0,0.8018482076845012,740.0,0.196,380.0,0.5185185185185185,0.2751322751322751,0.18518518518518517,0.021164021164021163,0.00510204081632653,0.2893772893772894,0.6923076923076923,0.018315018315018316,0.2777777777777778,0.7222222222222222,0.031578947368421054,0.278336686787391,0.397719651240778,0.03286384976525822,0.1482226693494299,0.0670690811535882,0.07578806170355466,14.0,45.85753592173647,11.617242433506574,14.766126566799146,4.6163252827881385,0.25333333333333335,0.322,0.3973684210526316,0.04466666666666667,0.2641114982578397,1.0481283422459893,8.02139037433155,2.5828877005347595,0.0007860605266605528,0.1497445303288353,0.0017031311410978646,0.012183938163238569,0.7258417473720493,0.850275109469056,0.84629803247073,0.32085561497326204,0.18716577540106952,0.2540106951871658,0.0,0.36363636363636365,0.19786096256684493,0.2887700534759358,0.06417112299465241,10.137524557956779,0.35363457760314343,28.666666666666668,0.6729055258467023,0.45874644612164495,0.7780495261387955,6.973096912259248,7.0,17.49197860962567,17.0,0.24598930481283424,0.31016042780748665,0.36363636363636365,0.29411764705882354,0.23756906077348067,0.13068181818181818,0.31016042780748665,0.43169398907103823,0.3149171270718232,0.4375,0.03208556149732621,0.14754098360655737,0.14772727272727273,0.1711229946524064,0.1366120218579235,0.12154696132596685,0.0055248618784530384,0.055248618784530384,0.03314917127071823,0.7688814640465661,0.5963700440528635,0.2599118942731278,0.7312775330396476,0.00881057268722467,3.2558850504432897,0.16866666666666666,3.9473684210526314,0.1497326203208556,3.8663101604278074,0.49732620320855614,1.0,0.0053475935828877,1.0,1.0,1.0,0.0,1.0,1.0,4.0,0.0,0.0,3.0,0.016042780748663103,1.0,0.3333333333333333,3.0,0.016042780748663103,1.0,0.0,1.0,0.0,0.0,0.0,0.0,0.0,2.0,0.0,0.0,1.0,0.0,2.0,0.0,0.0,4.0,0.0427807486631016,0.026737967914438502,0.08021390374331551,0.0427807486631016,0.026737967914438502,0.08021390374331551
21.docx,21.docx,1.0,0.0,12.0,2.8081144365603734,2.0,2.504616805170822,7.0,0.007232450963579149,1.8847239154128204,0.2175732217573222,1.4525,0.42,0.235,0.84,0.06,0.0975,0.27363077732684166,0.14807874837043974,0.29010696908271255,0.529232033051595,0.4408509470293924,0.5118769148841348,0.4620947850702547,0.9230511874278806,0.5025,0.0,0.9230737646046148,0.4858361349835517,0.1125,0.2,3.392287619599884,0.24644824586836767,0.3713717693836978,185.13204886815697,0.9087104963310758,0.1414141414141414,0.6316414297261528,43.22920929716602,0.7186178833003296,0.4537701651999043,0.24265121291965955,0.0,1.0,5.0,0.0,0.205,0.4775,0.26,0.0375,0.02,0.265,0.2675,0.24,0.1325,0.095,0.0875,0.16,0.01,0.0475,5.363873586546825,3.1893302406494635,0.0,0.0,2.3195129022905188,0.0,0.0025,0.0,0.0625,0.045,0.015,0.005,0.1325,0.035,2.0,2.0,0.875550021171428,0.5232755030352547,0.11608421471493063,0.30236407755294437,0.27789825465914947,0.37111475292092294,0.8,1685.0,640.0,5.0,68.0,101.0,124.0,351.0,0.0,0.0,8.0,4.2125,0.3798219584569733,0.0,0.0,0.0,1868.0,0.043897216274089934,650.0,0.043076923076923075,0.2815384615384615,487.0,143.0,344.0,138.0,302.0,264.0,0.8129886445138984,1780.0,0.2501924557351809,912.0,0.521978021978022,0.2549450549450549,0.17142857142857143,0.051648351648351645,0.004228329809725159,0.19230769230769232,0.7899408284023669,0.01775147928994083,0.25824175824175827,0.7417582417582418,0.029605263157894735,0.2467181467181467,0.3783783783783784,0.04285714285714286,0.1799227799227799,0.06718146718146718,0.08494208494208494,14.0,37.6630907509423,13.221223543055958,16.88895331980284,4.276601913598144,0.3510392609699769,0.44842186297151654,0.32346491228070173,0.11624326404926867,0.3413269384492406,1.1875,6.495,2.9125,0.8083761111806685,0.8408664079128584,0.0035056967572304996,0.011080505821960686,0.7633334167675629,0.8451204993036787,0.8453029356432903,0.2125,0.1025,0.1575,0.0,0.115,0.1975,0.2225,0.06,8.548707753479125,0.6560636182902585,13.030303030303031,0.5912708333333333,0.477573819464797,0.7291968686575819,6.761815018846042,7.0,17.245,17.0,0.155,0.2525,0.115,0.225,0.2036082474226804,0.12694300518134716,0.235,0.435,0.36082474226804123,0.36528497409326427,0.0225,0.1625,0.20725388601036268,0.1775,0.1025,0.14948453608247422,0.0,0.015463917525773196,0.03865979381443299,0.7655709547417651,0.5963700440528635,0.2599118942731278,0.7312775330396476,0.00881057268722467,3.2645694404175125,0.19399538106235567,2.848684210526316,0.245,3.7325,0.4575,23.0,0.0575,1.0,0.17391304347826086,0.0,4.0,3.0,16.0,12.0,0.0,2.0,49.0,0.1225,1.0,0.12244897959183673,24.0,0.06,2.0,0.0,3.0,6.0,0.0,0.0,0.0,2.0,4.0,4.0,0.0,0.0,5.0,4.0,15.0,0.0,13.0,0.82,0.42,0.07,0.82,0.42,0.07
22.docx,22.docx,1.0,0.0,11.0,2.7881930266115678,2.0,2.5859318346627993,8.0,0.005298654937209154,1.7393958087349297,0.16129032258064516,1.4819277108433735,0.03614457831325301,0.26506024096385544,0.8072289156626506,0.060240963855421686,0.0963855421686747,0.247049845745741,0.08462071160111406,0.28388117670558255,0.5190800931167017,0.4402027515581315,0.527629356643812,0.44303087874848285,0.8794322030699516,0.060240963855421686,0.0,0.8040801584202599,0.4308144842530299,0.1566265060240964,0.5,6.361149110807114,0.0,0.3206865401987353,134.28264062270523,0.8845977886928622,0.617124394184168,0.6102569423007345,25.35558451636717,0.7674876900583149,0.49492234491249665,0.2429561193060395,0.0,1.0,5.0,0.0,0.13253012048192772,0.5301204819277109,0.30120481927710846,0.024096385542168676,0.012048192771084338,0.3253012048192771,0.25301204819277107,0.20481927710843373,0.14457831325301204,0.07228915662650602,0.12048192771084337,0.060240963855421686,0.012048192771084338,0.0,1.3679890560875512,0.6839945280437756,0.0,0.0,0.0,0.0,0.0,0.0,0.03614457831325301,0.060240963855421686,0.012048192771084338,0.0,0.3373493975903614,0.07228915662650602,2.0,2.0,0.8930308245259644,0.5315627250241465,0.07761951112637416,0.1706660817767528,0.10693063633383251,0.17286422445513633,0.8,418.0,121.0,0.0,16.0,30.0,60.0,104.0,1.0,1.0,0.0,5.036144578313253,0.2894736842105263,0.0,0.0,0.0,355.0,0.14366197183098592,148.0,0.13513513513513514,0.43243243243243246,123.0,30.0,93.0,25.0,29.0,28.0,0.7688994975084678,341.0,0.22595419847328244,158.0,0.6645569620253164,0.0759493670886076,0.20253164556962025,0.056962025316455694,0.009523809523809525,0.23448275862068965,0.7586206896551724,0.006896551724137931,0.2468354430379747,0.7531645569620253,0.012658227848101266,0.29037267080745344,0.3167701863354037,0.026397515527950312,0.15993788819875776,0.10248447204968944,0.10403726708074534,13.0,44.801641586867305,10.807113543091655,17.30506155950752,2.3255813953488373,0.24122137404580152,0.38625954198473283,0.21518987341772153,0.044274809160305344,0.32063492063492066,1.2650602409638554,7.891566265060241,3.0481927710843375,0.0035016049022468633,0.12430697402976364,0.0046688065363291505,0.015465421651590313,0.748021840094322,0.8700921846151706,0.8729194524527303,0.40963855421686746,0.03614457831325301,0.22289156626506024,0.0,0.2891566265060241,0.14457831325301204,0.3373493975903614,0.060240963855421686,16.440831074977417,0.9936766034327009,16.545454545454547,0.8134538152610442,0.36594907721881825,0.7571819425444597,7.037619699042407,7.0,17.6144578313253,17.0,0.1927710843373494,0.3373493975903614,0.2891566265060241,0.3373493975903614,0.1518987341772152,0.17721518987341772,0.26506024096385544,0.5189873417721519,0.34177215189873417,0.4050632911392405,0.07228915662650602,0.13924050632911392,0.189873417721519,0.1686746987951807,0.12658227848101267,0.1518987341772152,0.0,0.0,0.05063291139240506,0.777977887923394,0.5963700440528635,0.2599118942731278,0.7312775330396476,0.00881057268722467,3.270861833105335,0.22137404580152673,4.1455696202531644,0.18072289156626506,3.746987951807229,0.3855421686746988,3.0,0.03614457831325301,1.0,0.3333333333333333,0.0,1.0,0.0,0.0,0.0,2.0,0.0,4.0,0.04819277108433735,1.0,0.25,1.0,0.012048192771084338,1.0,0.0,0.0,0.0,0.0,0.0,0.0,0.0,1.0,0.0,0.0,0.0,0.0,1.0,0.0,0.0,0.0,0.04819277108433735,0.03614457831325301,0.1566265060240964,0.04819277108433735,0.03614457831325301,0.1566265060240964
23.docx,23.docx,1.0,0.0,15.0,2.898498475533785,2.0,2.7169464847848896,8.0,0.01153791318187603,2.0430059627718045,0.19367588932806323,1.625,0.005,0.205,0.63,0.085,0.135,0.29884937527604866,0.16454177057957758,0.3653140472356283,0.5156227469935322,0.4728614227782274,0.513275858200884,0.43960656312796553,0.9578034659878686,0.17,0.0,0.8478372778624126,0.42213176247898504,0.185,0.3076923076923077,3.389830508474576,0.07477567298105683,0.37585733882030176,166.3443615783349,0.90816831224833,0.5303867403314917,0.579182724623918,33.22000916769244,0.5937482635885384,0.44616951598707766,0.24720321920956395,0.0,1.0,6.0,0.0,0.12,0.39,0.395,0.08,0.015,0.165,0.205,0.26,0.22,0.15,0.2,0.16,0.025,0.02,0.0,1.744765702891326,0.0,0.0,1.4955134596211366,0.0,0.005,0.005,0.115,0.04,0.03,0.01,0.135,0.02,2.0,2.0,0.8986845303013594,0.5040125324368342,0.05637203266604105,0.0,0.13690220465124492,0.21056745557248244,0.8,997.0,419.0,4.0,21.0,54.0,128.0,72.0,0.0,0.0,3.0,4.985,0.4202607823470411,0.005,0.0,0.0,1096.0,0.06843065693430657,389.0,0.06940874035989718,0.3856041131105398,294.0,101.0,193.0,95.0,138.0,161.0,0.8111775245313401,1087.0,0.31549067315490675,519.0,0.5915221579961464,0.14065510597302505,0.24084778420038536,0.02697495183044316,0.0,0.21076233183856502,0.7825112107623319,0.006726457399103139,0.19653179190751446,0.8034682080924855,0.036608863198458574,0.263254113345521,0.3180987202925046,0.031992687385740404,0.1416819012797075,0.13893967093235832,0.10603290676416818,15.0,30.732801595214358,12.936191425722832,19.715852442671984,5.807577268195414,0.4209245742092457,0.6415247364152473,0.4489402697495183,0.11192214111922141,0.40852130325814534,1.535,6.165,3.955,0.019165026416658033,0.14285714285714285,0.003004247384232881,0.009841500051797368,0.8169645639705417,0.8610324920063248,0.8642439536670611,0.405,0.08,0.2425,0.0,0.235,0.075,0.14,0.035,9.087791495198902,1.0631001371742113,8.548387096774194,0.7104166666666666,0.4412684919008431,0.7268195413758723,6.543868394815553,6.0,20.06,20.0,0.105,0.3,0.235,0.14,0.15656565656565657,0.15736040609137056,0.13,0.36,0.2828282828282828,0.28426395939086296,0.01,0.14,0.15228426395939088,0.16,0.21,0.1717171717171717,0.0,0.0,0.010101010101010102,0.8103063095351372,0.5963700440528635,0.2599118942731278,0.7312775330396476,0.00881057268722467,3.023429710867398,0.21573398215733983,2.3757225433526012,0.285,4.505,0.55,14.0,0.07,1.0,0.14285714285714285,1.0,1.0,1.0,6.0,7.0,0.0,0.0,36.0,0.18,2.0,0.16666666666666666,6.0,0.03,1.0,0.0,1.0,1.0,1.0,0.0,0.0,0.0,0.0,0.0,0.0,0.0,7.0,1.0,0.0,0.0,2.0,0.01,0.005,0.055,0.01,0.005,0.055
24.docx,24.docx,1.0,0.0,13.0,2.76179890040493,2.0,3.3815058110156646,12.0,0.009455502440311141,2.0534803059269415,0.13559322033898305,1.7578947368421052,0.0,0.28421052631578947,0.5789473684210527,0.09473684210526316,0.11578947368421053,0.31675366979729247,0.10333715987456424,0.46824895291064256,0.49595500619226446,0.4857958905382608,0.48927504283196355,0.45417409110607326,0.9373517468626716,0.09473684210526316,0.0,0.7711871680243405,0.39663755163885517,0.15789473684210525,3.0,2.844744455159113,0.09643201542912247,0.3423948220064725,146.1799875360287,0.9144589408231485,0.5956907477820025,0.6279164315203567,23.96905317315829,0.6744517347035913,0.48267093308943954,0.2546015555052548,0.0,1.0,8.0,0.0,0.12631578947368421,0.29473684210526313,0.43157894736842106,0.12631578947368421,0.021052631578947368,0.17894736842105263,0.16842105263157894,0.18947368421052632,0.14736842105263157,0.3157894736842105,0.15789473684210525,0.0,0.021052631578947368,0.010526315789473684,0.0,0.0,0.0,0.0,0.4821600771456124,0.4821600771456124,0.0,0.0,0.17894736842105263,0.25263157894736843,0.0,0.0,0.1368421052631579,0.031578947368421054,2.0,3.0,0.8722999237022481,0.633180184648985,0.07286694145093985,0.30834307585738524,0.09643957290519292,0.17318480202592074,0.8,897.0,280.0,8.0,40.0,52.0,114.0,128.0,2.0,0.0,0.0,9.442105263157895,0.31215161649944256,0.0,0.0,0.0,529.0,0.11720226843100189,213.0,0.09389671361502347,0.4131455399061033,147.0,40.0,107.0,62.0,47.0,58.0,0.8150361193940607,546.0,0.3246951219512195,220.0,0.684931506849315,0.0821917808219178,0.2191780821917808,0.0136986301369863,0.006711409395973154,0.2727272727272727,0.702020202020202,0.025252525252525252,0.2465753424657534,0.7534246575342466,0.00909090909090909,0.34796238244514105,0.27586206896551724,0.02821316614420063,0.10031347962382445,0.10344827586206896,0.14420062695924765,16.0,31.62970106075217,10.607521697203472,16.248794599807137,5.4484088717454195,0.3353658536585366,0.5137195121951219,0.5136363636363637,0.07164634146341463,0.32398753894080995,1.5789473684210527,6.905263157894737,3.5473684210526315,0.005706414797323888,0.06237701692247147,0.004919323101141283,0.00885478158205431,0.8204530103917159,0.878878475235776,0.8923277800558705,0.5263157894736842,0.06315789473684211,0.29473684210526313,0.0,0.4631578947368421,0.23157894736842105,0.3157894736842105,0.0,5.372168284789644,3.042071197411003,1.7659574468085106,0.4642105263157894,0.45095070736610665,0.7449373191899711,5.957087753134041,6.0,21.83157894736842,22.0,0.4105263157894737,0.3894736842105263,0.4631578947368421,0.3157894736842105,0.17894736842105263,0.12631578947368421,0.14736842105263157,0.4842105263157895,0.3473684210526316,0.35789473684210527,0.10526315789473684,0.07368421052631578,0.08421052631578947,0.18947368421052632,0.24210526315789474,0.18947368421052632,0.010526315789473684,0.021052631578947368,0.06315789473684211,0.7820171649074712,0.5963700440528635,0.2599118942731278,0.7312775330396476,0.00881057268722467,2.8249758919961425,0.1448170731707317,2.981818181818182,0.06315789473684211,4.925531914893617,0.6,1.0,0.010526315789473684,1.0,1.0,0.0,1.0,0.0,1.0,1.0,5.0,0.0,2.0,0.021052631578947368,1.0,0.5,2.0,0.021052631578947368,1.0,0.0,0.0,1.0,0.0,0.0,0.0,0.0,2.0,0.0,0.0,0.0,0.0,6.0,0.0,0.0,0.0,0.0,0.0,0.10526315789473684,0.0,0.0,0.10526315789473684
25.docx,25.docx,1.0,0.0,10.0,2.648960733899598,2.0,2.6188725490196076,8.0,0.005598775910291838,1.842050286374567,0.06341463414634146,1.3357664233576643,0.043795620437956206,0.30656934306569344,0.8175182481751825,0.06934306569343066,0.08394160583941605,0.3064942878869226,0.14761098105368764,0.338582783831787,0.5259546410667608,0.42781904994487824,0.5140127203546044,0.44387418694467173,0.9413663306486496,0.145985401459854,0.0,0.8827182055165734,0.5092782668198615,0.15328467153284672,0.19047619047619047,4.662379421221865,0.045934772622875514,0.34051724137931033,130.98670371684614,0.9092425277282241,0.504147465437788,0.616041442304616,35.143107150312346,0.690166620465098,0.46215652468220203,0.24705317748118116,0.0,1.0,6.0,0.0,0.2737226277372263,0.45985401459854014,0.21532846715328466,0.051094890510948905,0.0,0.28832116788321166,0.23357664233576642,0.25547445255474455,0.0948905109489051,0.12773722627737227,0.11678832116788321,0.08394160583941605,0.0,0.010948905109489052,1.148369315571888,12.172714745062011,0.0,0.0,1.3780431786862655,0.4593477262287552,0.0036496350364963502,0.0,0.06934306569343066,0.072992700729927,0.0,0.0,0.17883211678832117,0.051094890510948905,2.0,2.0,0.874988011639683,0.5306596825486933,0.030753173912389797,0.1000009430103235,0.22433370572288885,0.20866042942448257,0.8,1055.0,447.0,3.0,58.0,93.0,128.0,70.0,0.0,0.0,2.0,3.8503649635036497,0.42369668246445497,0.0072992700729927005,0.0,0.0,1106.0,0.059674502712477394,378.0,0.05026455026455026,0.3492063492063492,333.0,70.0,263.0,109.0,107.0,159.0,0.824752111975295,1088.0,0.23161764705882354,560.0,0.5642857142857143,0.16607142857142856,0.25357142857142856,0.01607142857142857,0.0,0.23554603854389722,0.7580299785867237,0.006423982869379015,0.24107142857142858,0.7589285714285714,0.03571428571428571,0.3224815724815725,0.35565110565110564,0.033169533169533166,0.1160933660933661,0.08292383292383293,0.08968058968058969,15.0,37.48277446026642,12.861736334405144,19.131832797427652,4.616444648598989,0.3431372549019608,0.5104166666666666,0.35892857142857143,0.06556372549019608,0.34366925064599485,1.1532846715328466,5.956204379562044,3.04014598540146,0.02760300385630201,0.21290846356809418,0.004160746904810229,0.011974832555307489,0.7616617917333907,0.8414141092613739,0.8473189080027053,0.3722627737226277,0.07664233576642336,0.22445255474452555,0.0,0.17153284671532848,0.10583941605839416,0.08029197080291971,0.08394160583941605,10.868226600985222,1.5086206896551724,7.204081632653061,0.6090285019117136,0.46644789314709456,0.7459807073954984,6.935231970601746,7.0,15.89051094890511,15.0,0.20437956204379562,0.2773722627737226,0.17153284671532848,0.08029197080291971,0.2188679245283019,0.1517509727626459,0.30656934306569344,0.4781021897810219,0.33584905660377357,0.3424124513618677,0.07664233576642336,0.15693430656934307,0.14396887159533073,0.17883211678832117,0.15328467153284672,0.1471698113207547,0.007547169811320755,0.03018867924528302,0.04905660377358491,0.7611198840922941,0.5963700440528635,0.2599118942731278,0.7312775330396476,0.00881057268722467,3.2703261368856222,0.19730392156862744,2.914285714285714,0.2518248175182482,3.4817518248175183,0.4051094890510949,10.0,0.0364963503649635,2.0,0.3,0.0,0.0,1.0,6.0,1.0,8.0,0.0,24.0,0.08759124087591241,2.0,0.20833333333333334,6.0,0.021897810218978103,1.0,0.0,1.0,0.0,0.0,1.0,0.0,0.0,0.0,0.0,0.0,0.0,0.0,3.0,2.0,0.0,0.0,0.058394160583941604,0.043795620437956206,0.08029197080291971,0.058394160583941604,0.043795620437956206,0.08029197080291971
26.docx,26.docx,1.0,0.0,11.0,2.8125835903935017,2.0,2.9660908509277033,10.0,0.005257358666139685,1.8219040674361235,0.13157894736842105,1.450777202072539,0.015544041450777202,0.2849740932642487,0.844559585492228,0.06217616580310881,0.10362694300518134,0.2878868796773587,0.09116914558860034,0.294373955783277,0.5201873478022948,0.4557834979460202,0.48067979145565454,0.4502379653731484,0.9545314232851456,0.10362694300518134,0.0,0.8625283218869451,0.4781732524285591,0.10362694300518134,0.6666666666666666,7.080445917445013,0.030129557095510694,0.29496683573936794,239.80633483250307,0.9226572308363089,0.592891760904685,0.6850407555459427,30.34710126055577,0.7229602598172802,0.4897533840046826,0.23335286439803687,0.0,1.0,6.0,0.0,0.16580310880829016,0.5699481865284974,0.20207253886010362,0.05181347150259067,0.010362694300518135,0.24870466321243523,0.31088082901554404,0.23316062176165803,0.09326424870466321,0.11398963730569948,0.15544041450777202,0.015544041450777202,0.0,0.0051813471502590676,0.6025911419102139,0.6025911419102139,0.0,0.0,2.1090689966857488,0.903886712865321,0.0,0.0051813471502590676,0.07253886010362694,0.20207253886010362,0.0,0.0051813471502590676,0.3316062176165803,0.031088082901554404,2.0,2.0,0.827367521083968,0.5874358997858188,0.1315840337485069,0.5101595017250126,0.1390776517599514,0.19737613069863252,0.8,1282.0,317.0,10.0,74.0,87.0,206.0,366.0,13.0,8.0,1.0,6.642487046632124,0.24726989079563183,0.0,0.0051813471502590676,0.0,756.0,0.08068783068783068,286.0,0.07342657342657342,0.2937062937062937,257.0,68.0,189.0,31.0,101.0,80.0,0.8017166632390862,704.0,0.1981981981981982,365.0,0.6,0.13972602739726028,0.2328767123287671,0.0273972602739726,0.0182648401826484,0.25483870967741934,0.7290322580645161,0.016129032258064516,0.29315068493150687,0.7068493150684931,0.0027397260273972603,0.3693379790940767,0.3128919860627178,0.0397212543554007,0.15958188153310104,0.04320557491289199,0.07526132404181185,14.0,43.47695088882194,10.997288339861404,16.42060861705333,3.6155468514612834,0.25294525294525294,0.3776853776853777,0.3287671232876712,0.06999306999306999,0.3157514450867052,1.1347150259067358,7.476683937823834,2.8238341968911915,0.010550996483001172,0.16621075941122834,0.002995961964308975,0.021883548261039467,0.728243633543427,0.8423079338317468,0.8468759433422394,0.36787564766839376,0.04145077720207254,0.20466321243523317,0.0,0.35751295336787564,0.27461139896373055,0.47668393782383417,0.025906735751295335,12.563402262973078,0.9754194303550527,12.88,0.7031951640759929,0.43991596965395485,0.7722205483579392,6.988550768303706,7.0,17.196891191709845,16.0,0.3626943005181347,0.39378238341968913,0.35751295336787564,0.49740932642487046,0.19576719576719576,0.17989417989417988,0.2849740932642487,0.5026455026455027,0.3862433862433862,0.42857142857142855,0.06217616580310881,0.1693121693121693,0.1111111111111111,0.19170984455958548,0.15343915343915343,0.13756613756613756,0.005291005291005291,0.021164021164021163,0.042328042328042326,0.7364946948413809,0.5963700440528635,0.2599118942731278,0.7312775330396476,0.00881057268722467,3.284724314552576,0.23700623700623702,3.9534246575342467,0.18652849740932642,3.3141361256544504,0.37823834196891193,9.0,0.046632124352331605,1.0,0.2222222222222222,0.0,2.0,0.0,7.0,2.0,1.0,2.0,14.0,0.07253886010362694,1.0,0.14285714285714285,4.0,0.02072538860103627,1.0,0.0,0.0,0.0,0.0,0.0,1.0,0.0,1.0,0.0,0.0,1.0,0.0,3.0,0.0,0.0,3.0,0.02072538860103627,0.015544041450777202,0.06735751295336788,0.02072538860103627,0.015544041450777202,0.06735751295336788
27.docx,27.docx,1.0,0.0,10.0,2.7812521072567704,2.0,2.6134774316592497,9.0,0.00264844536257217,1.9361511822749713,0.18055555555555555,1.4408602150537635,0.0,0.21505376344086022,0.9139784946236559,0.06451612903225806,0.10752688172043011,0.28136245899200524,0.12213125402285938,0.35437558347723336,0.5478284970223359,0.4268693641953873,0.5033457167025139,0.4108889817095784,0.8953421899946038,0.07526881720430108,0.0,0.7875691568873386,0.3825371149338302,0.12903225806451613,1.3333333333333333,5.5222088835534215,0.060024009603841535,0.3138801261829653,184.80741711419105,0.9076480374061768,0.611353711790393,0.6774378254332176,27.303152713326284,0.7835734306025235,0.4806282518712716,0.2521347082929318,0.0,1.0,5.0,0.0,0.06451612903225806,0.6236559139784946,0.26881720430107525,0.03225806451612903,0.010752688172043012,0.2903225806451613,0.2903225806451613,0.17204301075268819,0.10752688172043011,0.13978494623655913,0.21505376344086022,0.07526881720430108,0.0,0.010752688172043012,0.0,0.0,0.0,0.0,1.2004801920768307,0.0,0.0,0.0,0.06451612903225806,0.0967741935483871,0.021505376344086023,0.03225806451612903,0.24731182795698925,0.03225806451612903,2.0,2.0,0.8822555056821616,0.8739810481273579,0.14346837634406034,0.3434418810483416,0.09848368029028831,0.17256759481832795,0.8,446.0,156.0,3.0,23.0,39.0,48.0,72.0,11.0,0.0,2.0,4.795698924731183,0.34977578475336324,0.0,0.0,0.03225806451612903,398.0,0.14824120603015076,147.0,0.12244897959183673,0.3877551020408163,123.0,34.0,89.0,23.0,52.0,45.0,0.8047604651740891,394.0,0.2168141592920354,206.0,0.6146341463414634,0.07317073170731707,0.25853658536585367,0.05365853658536585,0.023809523809523808,0.29411764705882354,0.7058823529411765,0.0,0.25365853658536586,0.7463414634146341,0.038834951456310676,0.28254437869822485,0.35355029585798814,0.038461538461538464,0.15828402366863906,0.07248520710059171,0.09467455621301775,14.0,40.69627851140456,12.364945978391356,17.046818727490997,5.5222088835534215,0.30383480825958703,0.41887905604719766,0.44660194174757284,0.07669616519174041,0.33634992458521873,1.3548387096774193,7.290322580645161,3.053763440860215,0.004886831275720165,0.10390946502057613,0.0051440329218107,0.01131687242798354,0.764852281156931,0.8728118929959332,0.879726733236653,0.46236559139784944,0.10752688172043011,0.2849462365591398,0.0,0.22580645161290322,0.1827956989247312,0.2903225806451613,0.021505376344086023,10.646687697160884,1.498422712933754,7.105263157894737,0.6747311827956989,0.4451827172652231,0.7611044417767107,6.8547418967587035,7.0,17.913978494623656,17.0,0.23655913978494625,0.3333333333333333,0.22580645161290322,0.3225806451612903,0.17204301075268819,0.12087912087912088,0.16129032258064516,0.45161290322580644,0.3978494623655914,0.2967032967032967,0.06451612903225806,0.17204301075268819,0.26373626373626374,0.21505376344086022,0.11827956989247312,0.07526881720430108,0.0,0.03225806451612903,0.053763440860215055,0.7828077246806243,0.5963700440528635,0.2599118942731278,0.7312775330396476,0.00881057268722467,3.2917166866746697,0.20353982300884957,3.29126213592233,0.15053763440860216,3.5698924731182795,0.5268817204301075,2.0,0.021505376344086023,1.0,1.0,0.0,0.0,0.0,2.0,1.0,0.0,0.0,5.0,0.053763440860215055,1.0,0.4,1.0,0.010752688172043012,1.0,0.0,0.0,0.0,0.0,0.0,0.0,0.0,0.0,0.0,0.0,2.0,0.0,0.0,0.0,0.0,5.0,0.0,0.0,0.10752688172043011,0.0,0.0,0.10752688172043011
28.docx,28.docx,1.0,0.0,11.0,2.937405454854852,2.0,2.969503742722484,10.0,0.002625221879148581,1.803622435643163,0.15584415584415584,1.5602094240837696,0.020942408376963352,0.2617801047120419,0.7958115183246073,0.10471204188481675,0.10471204188481675,0.29300038480553564,0.11303594497491466,0.3693282713182532,0.5329265157155403,0.44769087488289055,0.4643107100205038,0.45407108870757773,0.9293313455622356,0.18324607329842932,0.0,0.8760863344497168,0.4922983625697911,0.2198952879581152,0.3,4.765666140073723,0.02632964718272775,0.3015764222069911,171.30131163031643,0.899580287124433,0.606516290726817,0.6406627764018129,31.765656201837793,0.7405169594875421,0.48084094503662955,0.25178616355191463,0.0,1.0,6.0,0.0,0.1518324607329843,0.4083769633507853,0.31413612565445026,0.10471204188481675,0.020942408376963352,0.23036649214659685,0.2617801047120419,0.2356020942408377,0.1099476439790576,0.16230366492146597,0.18324607329842932,0.05759162303664921,0.02617801047120419,0.005235602094240838,2.8962611901000526,5.0026329647182735,1.05318588730911,0.0,1.05318588730911,0.0,0.0,0.0,0.14136125654450263,0.12041884816753927,0.005235602094240838,0.005235602094240838,0.24607329842931938,0.03664921465968586,2.0,2.0,0.8437696048090851,0.6183471397365725,0.1064325507185814,0.4090802431133962,0.19322482339135325,0.21396072238732552,0.8,1551.0,369.0,11.0,63.0,129.0,230.0,526.0,4.0,0.0,1.0,8.120418848167539,0.2379110251450677,0.005235602094240838,0.0,0.0,880.0,0.07840909090909091,376.0,0.061170212765957445,0.42021276595744683,306.0,86.0,220.0,50.0,67.0,74.0,0.7561190500174119,872.0,0.22760290556900725,429.0,0.6261682242990654,0.17289719626168223,0.17289719626168223,0.028037383177570093,0.018656716417910446,0.28530259365994237,0.6974063400576369,0.01729106628242075,0.3037383177570093,0.6962616822429907,0.016317016317016316,0.37629810629199756,0.2852779474648748,0.021380574221136223,0.14966401954795358,0.04581551618814905,0.12156383628588882,16.0,43.49657714586625,11.295418641390205,16.85097419694576,4.2390731964191675,0.25968523002421307,0.387409200968523,0.3752913752913753,0.04055690072639225,0.30526315789473685,1.4031413612565444,8.649214659685864,3.350785340314136,0.005791716752267512,0.15167741230466616,0.002513386515134958,0.010599934433395257,0.7282896883850062,0.84721128408571,0.8509372075115904,0.4031413612565445,0.08900523560209424,0.24607329842931938,0.0,0.387434554973822,0.3717277486910995,0.5916230366492147,0.041884816753926704,9.424263193968471,3.461274845784784,2.722772277227723,0.6044003989030167,0.43791331588760746,0.7682991047919958,6.734597156398104,7.0,19.884816753926703,19.0,0.3298429319371728,0.4973821989528796,0.450261780104712,0.6230366492146597,0.16129032258064516,0.15135135135135136,0.17801047120418848,0.42473118279569894,0.3763440860215054,0.3783783783783784,0.06282722513089005,0.13978494623655913,0.2,0.16753926701570682,0.23655913978494625,0.15053763440860216,0.0,0.005376344086021506,0.04838709677419355,0.736432796427238,0.5963700440528635,0.2599118942731278,0.7312775330396476,0.00881057268722467,3.221169036334913,0.16585956416464892,3.850815850815851,0.14659685863874344,4.052356020942408,0.5602094240837696,3.0,0.015706806282722512,1.0,0.3333333333333333,0.0,0.0,1.0,4.0,0.0,0.0,0.0,5.0,0.02617801047120419,1.0,0.2,2.0,0.010471204188481676,1.0,0.0,1.0,1.0,0.0,0.0,0.0,0.0,1.0,0.0,0.0,0.0,0.0,3.0,0.0,0.0,0.0,0.02617801047120419,0.020942408376963352,0.07329842931937172,0.02617801047120419,0.020942408376963352,0.07329842931937172
29.docx,29.docx,1.0,0.0,12.0,2.8390879545836287,2.0,2.8389388915206064,9.0,0.009466867190863463,1.9669902316597958,0.13253012048192772,1.4230769230769231,0.0,0.3,0.7461538461538462,0.06923076923076923,0.13076923076923078,0.3145307060511042,0.11365680424233304,0.2575017646612074,0.5148073713959396,0.42774184972835877,0.4999328627121344,0.42478712184299244,0.9068635684163626,0.015384615384615385,0.0,0.8341197797838347,0.4738924309815377,0.12307692307692308,0.14285714285714285,7.942882641677822,0.04462293618920125,0.23539140022050717,245.5232718272415,0.9182579521290646,0.633085896076352,0.6182931707981765,28.429910874077315,0.7539584688728679,0.5016678808416087,0.2549003404965772,0.0,1.0,6.0,0.0,0.16923076923076924,0.5538461538461539,0.23846153846153847,0.03076923076923077,0.007692307692307693,0.3,0.23846153846153847,0.2153846153846154,0.1076923076923077,0.13846153846153847,0.08461538461538462,0.0,0.0,0.023076923076923078,0.0,1.3386880856760375,0.0,0.0,2.677376171352075,0.44622936189201245,0.015384615384615385,0.007692307692307693,0.13076923076923078,0.13846153846153847,0.0,0.0,0.3923076923076923,0.023076923076923078,2.0,2.0,0.8405588965172105,0.6032162344153029,0.0785682074196191,0.07904712386938045,0.12978671102976322,0.1745162636490746,0.8,716.0,222.0,8.0,50.0,43.0,162.0,76.0,3.0,0.0,0.0,5.507692307692308,0.3100558659217877,0.0,0.0,0.007692307692307693,427.0,0.13114754098360656,192.0,0.109375,0.28125,141.0,25.0,116.0,27.0,23.0,37.0,0.785043348087563,431.0,0.2053475935828877,266.0,0.5112781954887218,0.14661654135338345,0.31954887218045114,0.022556390977443608,0.007352941176470588,0.3053097345132743,0.6858407079646017,0.008849557522123894,0.31203007518796994,0.6879699248120301,0.02631578947368421,0.3157894736842105,0.3684210526315789,0.047149122807017545,0.14035087719298245,0.046052631578947366,0.08223684210526316,14.0,41.72244533690317,11.869701026327533,16.46586345381526,4.417670682730924,0.28449197860962566,0.3946524064171123,0.37218045112781956,0.02459893048128342,0.29799107142857145,1.0461538461538462,7.1923076923076925,2.8384615384615386,0.004257789820011612,0.1436036384749371,0.0038707180181923747,0.017224695180956068,0.7523788342159415,0.8560960694188781,0.8610233070976443,0.4846153846153846,0.1076923076923077,0.29615384615384616,0.0,0.4230769230769231,0.17692307692307693,0.2230769230769231,0.03076923076923077,11.686879823594266,2.1499448732083795,5.435897435897436,0.684587912087912,0.42711913862592543,0.8094600624721107,7.007585899152164,7.0,17.23846153846154,16.0,0.33076923076923076,0.3076923076923077,0.4230769230769231,0.24615384615384617,0.26153846153846155,0.15503875968992248,0.3,0.49230769230769234,0.3923076923076923,0.3488372093023256,0.038461538461538464,0.11538461538461539,0.17054263565891473,0.19230769230769232,0.13076923076923078,0.11538461538461539,0.0,0.007692307692307693,0.06923076923076923,0.7494325112222644,0.5963700440528635,0.2599118942731278,0.7312775330396476,0.00881057268722467,3.1633199464524764,0.2823529411764706,3.5150375939849625,0.1,3.7829457364341086,0.4461538461538462,5.0,0.038461538461538464,1.0,0.4,0.0,3.0,1.0,6.0,2.0,0.0,1.0,6.0,0.046153846153846156,1.0,0.3333333333333333,3.0,0.023076923076923078,1.0,0.0,1.0,0.0,0.0,0.0,0.0,0.0,0.0,0.0,0.0,0.0,0.0,0.0,0.0,0.0,1.0,0.0,0.0,0.07692307692307693,0.0,0.0,0.07692307692307693
3.docx,3.docx,1.0,0.0,11.0,2.938371164465425,2.0,2.8379150303463048,9.0,0.01160535016088888,1.7731656554176738,0.16129032258064516,1.6862745098039216,0.032679738562091505,0.24836601307189543,0.7777777777777778,0.09803921568627451,0.09803921568627451,0.2772563704136032,0.10040051845510067,0.3832650388131188,0.5260805966332254,0.4771334005271646,0.47156316708533536,0.4438582437991136,0.9098249136089738,0.08496732026143791,0.0,0.8569189682767512,0.482405896170529,0.16339869281045752,0.3333333333333333,4.603926878808395,0.0,0.29277899343544855,191.54780159281057,0.9206149073420682,0.5406852248394004,0.589306843132188,32.71045154425308,0.7931937587461271,0.48539527655539666,0.25859273290877544,0.0,1.0,6.0,0.0,0.12418300653594772,0.5032679738562091,0.3006535947712418,0.05228758169934641,0.0196078431372549,0.22875816993464052,0.33986928104575165,0.20261437908496732,0.11764705882352941,0.1111111111111111,0.11764705882352941,0.1111111111111111,0.032679738562091505,0.0196078431372549,5.754908598510494,5.416384563303994,0.33852403520649965,0.0,1.015572105619499,0.0,0.0,0.0,0.11764705882352941,0.13071895424836602,0.0196078431372549,0.006535947712418301,0.2549019607843137,0.05228758169934641,2.0,2.0,0.8706743973321501,0.49118452526739265,0.05411490016265105,0.18206738458969554,0.1976608200033111,0.18837725770763783,0.8,1065.0,262.0,10.0,52.0,70.0,197.0,308.0,0.0,0.0,0.0,6.96078431372549,0.2460093896713615,0.0,0.0,0.0,669.0,0.11061285500747384,254.0,0.0984251968503937,0.29133858267716534,207.0,63.0,144.0,31.0,98.0,75.0,0.8060193649075006,652.0,0.2147083685545224,463.0,0.461038961038961,0.33766233766233766,0.18181818181818182,0.01948051948051948,0.004694835680751174,0.1901639344262295,0.8,0.009836065573770493,0.20346320346320346,0.7965367965367965,0.008639308855291577,0.288034188034188,0.32393162393162395,0.028205128205128206,0.20427350427350427,0.07008547008547009,0.08547008547008547,15.0,40.047393364928915,15.673662830060934,16.350710900473935,4.197698036560596,0.39137785291631444,0.40828402366863903,0.2678185745140389,0.08284023668639054,0.31601731601731603,1.392156862745098,7.73202614379085,3.156862745098039,0.006355932203389831,0.12189265536723164,0.0032485875706214687,0.008898305084745763,0.7491467231261995,0.8614407066196624,0.867048328499458,0.45098039215686275,0.10457516339869281,0.2777777777777778,0.0,0.40522875816993464,0.2875816993464052,0.43790849673202614,0.0392156862745098,9.452954048140045,1.2691466083150984,7.448275862068965,0.6453159041394336,0.44207069330671783,0.7735274204468517,7.035883547731889,7.0,19.30718954248366,19.0,0.3333333333333333,0.3464052287581699,0.40522875816993464,0.43790849673202614,0.20408163265306123,0.19727891156462585,0.1830065359477124,0.46258503401360546,0.42857142857142855,0.36054421768707484,0.0915032679738562,0.17687074829931973,0.1836734693877551,0.16339869281045752,0.19727891156462585,0.1360544217687075,0.006802721088435374,0.006802721088435374,0.047619047619047616,0.7647393375568522,0.5963700440528635,0.2599118942731278,0.7312775330396476,0.00881057268722467,3.341570751523358,0.19188503803888418,2.5550755939524836,0.13725490196078433,3.522875816993464,0.5163398692810458,4.0,0.026143790849673203,1.0,0.25,0.0,2.0,5.0,3.0,0.0,0.0,2.0,7.0,0.0457516339869281,1.0,0.14285714285714285,3.0,0.0196078431372549,1.0,0.0,5.0,0.0,0.0,0.0,0.0,0.0,0.0,0.0,0.0,0.0,0.0,2.0,5.0,0.0,2.0,0.0392156862745098,0.032679738562091505,0.09803921568627451,0.0392156862745098,0.032679738562091505,0.09803921568627451
30.docx,30.docx,1.0,0.0,10.0,2.583114466581546,2.0,2.9469628286491387,9.0,0.004347877998818486,1.8143293194483827,0.05128205128205128,1.326241134751773,0.0,0.4326241134751773,0.7730496453900709,0.1347517730496454,0.11347517730496454,0.31979533114382047,0.070383638138802,0.3704432870699876,0.49990977932313113,0.46230736100533515,0.5119965518698316,0.4200685656207692,0.927074453873736,0.14184397163120568,0.0,0.8104588471641629,0.47601844402042937,0.0851063829787234,0.25,1.1930123561994035,0.0,0.2544094067343666,180.14273206326766,0.9122126418985816,0.6277205040091638,0.626397291581608,28.115077684661237,0.7279132791787116,0.5032540026980152,0.24350619139840424,0.0,1.0,6.0,0.0,0.2127659574468085,0.49645390070921985,0.2127659574468085,0.07092198581560284,0.0070921985815602835,0.2765957446808511,0.3475177304964539,0.15602836879432624,0.14893617021276595,0.07092198581560284,0.09929078014184398,0.0070921985815602835,0.014184397163120567,0.028368794326241134,0.0,0.0,0.0,0.0,0.0,0.0,0.0,0.0,0.05673758865248227,0.09929078014184398,0.0070921985815602835,0.0070921985815602835,0.03546099290780142,0.02127659574468085,2.0,2.0,0.7854489967791518,0.618196299629363,0.18389864893415275,0.2689606251198621,0.09523028187953686,0.19046056375907372,0.8,1230.0,203.0,10.0,59.0,80.0,248.0,469.0,0.0,1.0,1.0,8.72340425531915,0.16504065040650406,0.0070921985815602835,0.0,0.0,476.0,0.1323529411764706,211.0,0.0947867298578199,0.41706161137440756,163.0,57.0,106.0,37.0,26.0,30.0,0.794027091912875,461.0,0.18221070811744386,235.0,0.7478632478632479,0.06837606837606838,0.1452991452991453,0.038461538461538464,0.04,0.2985781990521327,0.6872037914691943,0.014218009478672985,0.2145922746781116,0.7854077253218884,0.03829787234042553,0.5009208103130756,0.24585635359116023,0.024861878453038673,0.10405156537753223,0.04511970534069982,0.07918968692449356,16.0,49.339582445675326,10.012782275244994,14.443971026842778,4.132935662547934,0.20293609671848015,0.2927461139896373,0.4127659574468085,0.022452504317789293,0.23701002734731086,1.2411347517730495,8.212765957446809,2.404255319148936,0.0011173184357541898,0.05623836126629423,0.002420856610800745,0.006517690875232775,0.7708582930703333,0.8815131814872285,0.9002347475721105,0.3120567375886525,0.04964539007092199,0.18085106382978725,0.0070921985815602835,0.7021276595744681,0.3262411347517731,0.8297872340425532,0.07092198581560284,2.8327097808658475,0.9086050240513094,3.1176470588235294,0.2801418439716312,0.44177053907510455,0.7971878994461014,5.97912228376651,6.0,16.645390070921987,16.0,0.40425531914893614,0.45390070921985815,0.7163120567375887,0.8368794326241135,0.1357142857142857,0.13138686131386862,0.4326241134751773,0.5928571428571429,0.4357142857142857,0.41605839416058393,0.0425531914893617,0.08571428571428572,0.145985401459854,0.10638297872340426,0.1,0.1,0.0,0.007142857142857143,0.0,0.6902393514250396,0.5963700440528635,0.2599118942731278,0.7312775330396476,0.00881057268722467,3.189603749467405,0.0535405872193437,4.927659574468085,0.2695035460992908,3.9645390070921986,0.5035460992907801,1.0,0.0070921985815602835,1.0,1.0,0.0,1.0,0.0,0.0,1.0,0.0,0.0,3.0,0.02127659574468085,1.0,0.3333333333333333,1.0,0.0070921985815602835,1.0,1.0,0.0,0.0,0.0,0.0,0.0,0.0,1.0,0.0,0.0,0.0,0.0,1.0,0.0,0.0,0.0,0.014184397163120567,0.0070921985815602835,0.07801418439716312,0.014184397163120567,0.0070921985815602835,0.07801418439716312
31.docx,31.docx,1.0,0.0,16.0,2.9710006733641725,2.0,3.2979228486646885,11.0,0.01382706609506929,1.9647522994692792,0.12222222222222222,1.7106918238993711,0.0,0.22641509433962265,0.6352201257861635,0.07547169811320754,0.050314465408805034,0.31480992469049435,0.10597117261864228,0.42513822973480697,0.522079435951591,0.4852809900406504,0.47120490668642157,0.4249256765818169,0.9302731272684586,0.10062893081761007,0.0,0.8578521809765578,0.5698524226076056,0.22641509433962265,0.7142857142857143,2.1535845848682347,0.0,0.2554251156172181,175.3679747304305,0.910807894804781,0.5711711711711712,0.6702477292689278,31.38255001311862,0.717651500730906,0.5000827989178112,0.24714800842045995,0.0,1.0,7.0,0.0,0.1320754716981132,0.3710691823899371,0.32075471698113206,0.11320754716981132,0.06289308176100629,0.20754716981132076,0.20125786163522014,0.22641509433962265,0.18238993710691823,0.18238993710691823,0.08176100628930817,0.03773584905660377,0.0,0.006289308176100629,0.2833663927458204,0.0,0.0,0.0,0.8500991782374611,0.0,0.0,0.0,0.1761006289308176,0.2389937106918239,0.0,0.0,0.08176100628930817,0.018867924528301886,2.0,2.0,0.8390327143091058,0.6510644594868111,0.19351867751227544,0.319865825478347,0.10801159953139983,0.1929540839940537,0.8,1354.0,354.0,30.0,62.0,122.0,382.0,205.0,0.0,0.0,0.0,8.515723270440251,0.2614475627769572,0.0,0.0,0.006289308176100629,718.0,0.0905292479108635,337.0,0.06824925816023739,0.34421364985163205,218.0,33.0,185.0,42.0,38.0,78.0,0.7671666841519995,749.0,0.25725190839694656,421.0,0.5523809523809524,0.17857142857142858,0.25952380952380955,0.009523809523809525,0.03896103896103896,0.32732732732732733,0.6546546546546547,0.018018018018018018,0.2857142857142857,0.7142857142857143,0.011876484560570071,0.4035769828926905,0.3265940902021773,0.038102643856920686,0.08631415241057543,0.056765163297045104,0.08864696734059098,15.0,37.120997449702465,11.929725134599037,16.491924057806745,6.035704165485973,0.32137404580152673,0.4442748091603053,0.505938242280285,0.02900763358778626,0.3032207384131972,1.4591194968553458,8.238993710691824,3.660377358490566,0.007601935038009675,0.10020732550103663,0.00322506334945865,0.008408200875374338,0.7756093946334288,0.8568019659534113,0.8706848701575098,0.5660377358490566,0.050314465408805034,0.3081761006289308,0.006289308176100629,0.6289308176100629,0.25157232704402516,0.39622641509433965,0.006289308176100629,4.16221985058698,1.9565990750622555,2.1272727272727274,0.3546221423579914,0.44961830008769627,0.796542930008501,6.522810994616038,6.0,22.19496855345912,20.0,0.3584905660377358,0.5345911949685535,0.6540880503144654,0.4528301886792453,0.2138364779874214,0.18867924528301888,0.22012578616352202,0.4591194968553459,0.3018867924528302,0.29559748427672955,0.06289308176100629,0.1069182389937107,0.16352201257861634,0.1949685534591195,0.13836477987421383,0.1509433962264151,0.0,0.012578616352201259,0.07547169811320754,0.7718386393843453,0.5963700440528635,0.2599118942731278,0.7312775330396476,0.00881057268722467,3.0589402096911305,0.15267175572519084,3.111638954869359,0.10062893081761007,4.2025316455696204,0.5471698113207547,0.0,0.0,0.0,0.0,0.0,0.0,1.0,3.0,2.0,2.0,0.0,7.0,0.0440251572327044,1.0,0.14285714285714285,0.0,0.0,0.0,0.0,1.0,0.0,0.0,0.0,0.0,0.0,0.0,0.0,0.0,0.0,0.0,3.0,1.0,0.0,0.0,0.0,0.0,0.06289308176100629,0.0,0.0,0.06289308176100629
32.docx,32.docx,1.0,0.0,11.0,2.8227039086341383,2.0,2.6257187663355985,8.0,0.010166422373370369,1.9313912040004229,0.18691588785046728,1.6111111111111112,0.0,0.23148148148148148,0.8240740740740741,0.07407407407407407,0.12962962962962962,0.2669346904665394,0.11925309205749092,0.44021229742072043,0.5297446546145145,0.42237499253884786,0.5108354507524024,0.4559166818339062,0.9354541490309107,0.05555555555555555,0.0,0.8108639965942313,0.38884051319041474,0.19444444444444445,0.25,7.570509648688768,0.14844136566056407,0.3200522534291313,176.95388270585545,0.9021262456504364,0.645083932853717,0.5781948252015396,26.396246850175032,0.7220887341362484,0.43090876580204157,0.2478027904245103,0.0,1.0,5.0,0.0,0.12962962962962962,0.5,0.2962962962962963,0.07407407407407407,0.0,0.24074074074074073,0.28703703703703703,0.3148148148148148,0.09259259259259259,0.06481481481481481,0.28703703703703703,0.05555555555555555,0.0,0.0,0.0,2.9688273132112815,0.0,0.0,0.0,0.0,0.0,0.0,0.1111111111111111,0.06481481481481481,0.009259259259259259,0.009259259259259259,0.39814814814814814,0.027777777777777776,2.0,2.0,0.8780673413433441,0.6798454960728274,0.054185698091702955,0.1444075245577263,0.11576590675272332,0.17328391042995736,0.8,641.0,160.0,3.0,17.0,32.0,98.0,220.0,1.0,0.0,0.0,5.935185185185185,0.24960998439937598,0.0,0.0,0.0,490.0,0.12448979591836734,167.0,0.11976047904191617,0.3652694610778443,185.0,69.0,116.0,39.0,53.0,43.0,0.8010541237664477,484.0,0.21085858585858586,225.0,0.72,0.15555555555555556,0.08888888888888889,0.035555555555555556,0.006172839506172839,0.17989417989417988,0.8201058201058201,0.0,0.1288888888888889,0.8711111111111111,0.013333333333333334,0.3496143958868895,0.29562982005141386,0.04627249357326478,0.16066838046272494,0.07069408740359898,0.07712082262210797,14.0,39.188520534388914,11.133102424542306,19.79218208807521,4.502721425037111,0.2840909090909091,0.5050505050505051,0.40444444444444444,0.06691919191919192,0.40104849279161203,1.5,7.333333333333333,3.7037037037037037,0.0031466331025802393,0.12439689532200546,0.003985735263268303,0.012796307950492972,0.7710208496926757,0.8648775807019051,0.8688206784811037,0.2777777777777778,0.07407407407407407,0.17592592592592593,0.0,0.32407407407407407,0.18518518518518517,0.6481481481481481,0.009259259259259259,12.540822991508819,0.32658393207054215,38.4,0.7654320987654321,0.4157626223539389,0.7575457694210787,7.203364670954973,7.0,18.712962962962962,18.0,0.1574074074074074,0.35185185185185186,0.32407407407407407,0.6481481481481481,0.25,0.14814814814814814,0.23148148148148148,0.39814814814814814,0.2962962962962963,0.3611111111111111,0.009259259259259259,0.1388888888888889,0.1574074074074074,0.21296296296296297,0.1574074074074074,0.16666666666666666,0.0,0.009259259259259259,0.07407407407407407,0.8240039420369532,0.5963700440528635,0.2599118942731278,0.7312775330396476,0.00881057268722467,3.1989114299851558,0.3042929292929293,3.52,0.09259259259259259,3.8055555555555554,0.5185185185185185,3.0,0.027777777777777776,1.0,0.3333333333333333,0.0,0.0,3.0,0.0,0.0,0.0,1.0,4.0,0.037037037037037035,1.0,0.25,0.0,0.0,0.0,0.0,3.0,0.0,0.0,0.0,0.0,0.0,1.0,0.0,0.0,0.0,0.0,1.0,0.0,0.0,1.0,0.0,0.0,0.09259259259259259,0.0,0.0,0.09259259259259259
33.docx,33.docx,1.0,0.0,14.0,2.7397058459007284,2.0,2.9181369089625973,10.0,0.010495067153650126,1.9893290480339814,0.10526315789473684,1.6580645161290322,0.0,0.2645161290322581,0.6903225806451613,0.07741935483870968,0.07741935483870968,0.34615094584630157,0.12554368612932346,0.4132523044642388,0.5190873885519696,0.5018426006345159,0.468508896377638,0.45739697233030446,0.9206660839365765,0.07741935483870968,0.0,0.8309949071992282,0.4187155070452802,0.13548387096774195,0.38461538461538464,10.639009702241552,0.0,0.284486463257413,155.32608169841166,0.8991042968120606,0.6001984126984127,0.5691509530999671,29.821988127704685,0.7095556652357415,0.4487446601572778,0.26562637659621074,0.0,1.0,6.0,0.0,0.14838709677419354,0.44516129032258067,0.2709677419354839,0.13548387096774195,0.0,0.2645161290322581,0.3032258064516129,0.21935483870967742,0.11612903225806452,0.0967741935483871,0.15483870967741936,0.03225806451612903,0.03225806451612903,0.01935483870967742,0.0,1.0036801605888257,0.0,0.0,0.33456005352960855,0.33456005352960855,0.0,0.0064516129032258064,0.14193548387096774,0.09032258064516129,0.012903225806451613,0.01935483870967742,0.5483870967741935,0.01935483870967742,2.0,2.0,0.8775190724862986,0.4594245475987688,0.06929113246482088,0.13725995999328908,0.1089699404973545,0.1842634975688779,0.8,1157.0,246.0,12.0,64.0,85.0,254.0,101.0,0.0,0.0,0.0,7.464516129032258,0.212618841832325,0.0,0.0,0.0,662.0,0.1042296072507553,297.0,0.07744107744107744,0.46464646464646464,193.0,52.0,141.0,49.0,50.0,68.0,0.7789935351029428,706.0,0.2732290708371665,328.0,0.7370030581039755,0.0764525993883792,0.1651376146788991,0.021406727828746176,0.008298755186721992,0.16666666666666666,0.8233333333333334,0.01,0.14067278287461774,0.8593272171253823,0.01524390243902439,0.35827876520112256,0.2899906454630496,0.04864359214218896,0.10757717492984098,0.07015902712815715,0.1253507951356408,15.0,36.36667781866845,10.97356975577116,19.337571094011373,5.018400802944129,0.3017479300827967,0.531738730450782,0.4573170731707317,0.045998160073597055,0.33490566037735847,1.5548387096774194,7.012903225806451,3.729032258064516,0.0019696117051209903,0.09186831738885763,0.0023916713562183453,0.009285312324141813,0.7622877944450364,0.8583847200072107,0.8692405957336776,0.34838709677419355,0.03870967741935484,0.1935483870967742,0.0,0.6193548387096774,0.34838709677419355,0.27741935483870966,0.0064516129032258064,15.857327030511387,1.9767941555651054,8.021739130434783,0.8342319508448539,0.3078218106259811,0.7785212445633991,6.720307795249247,7.0,19.283870967741937,19.0,0.3419354838709677,0.5290322580645161,0.632258064516129,0.2903225806451613,0.16774193548387098,0.24516129032258063,0.17419354838709677,0.41935483870967744,0.3741935483870968,0.33548387096774196,0.04516129032258064,0.08387096774193549,0.10967741935483871,0.2645161290322581,0.2129032258064516,0.2,0.0,0.0,0.05806451612903226,0.7416907647237495,0.5963700440528635,0.2599118942731278,0.7312775330396476,0.00881057268722467,3.122114419538307,0.36982520699172033,3.3140243902439024,0.10967741935483871,5.283870967741936,0.5870967741935483,3.0,0.01935483870967742,1.0,0.3333333333333333,0.0,2.0,1.0,1.0,1.0,3.0,1.0,5.0,0.03225806451612903,1.0,0.2,2.0,0.012903225806451613,1.0,0.0,1.0,0.0,0.0,0.0,0.0,0.0,0.0,0.0,0.0,1.0,1.0,2.0,0.0,0.0,2.0,0.0,0.0,0.06451612903225806,0.0,0.0,0.06451612903225806
34.docx,34.docx,1.0,0.0,12.0,3.091794064386997,2.0,2.7010027347310848,9.0,0.005773930596510973,1.861535065476398,0.19672131147540983,1.7798165137614679,0.0,0.23853211009174313,0.908256880733945,0.06422018348623854,0.12844036697247707,0.2533674632110219,0.10511299785439343,0.29922546778425,0.5365728900766698,0.4491115841617225,0.517965794740124,0.412150104051476,0.8507185915158593,0.1651376146788991,0.0,0.8430218450581376,0.34549372253260474,0.30275229357798167,0.23076923076923078,6.730351715154146,0.13026487190620928,0.33507246376811595,196.95008503136017,0.9015535554479949,0.6130483689538808,0.5737250369630866,30.049163413785813,0.7839214492360651,0.44143391608369975,0.2660406653968558,0.0,1.0,6.0,0.0,0.07339449541284404,0.42201834862385323,0.3853211009174312,0.11926605504587157,0.0,0.1834862385321101,0.1743119266055046,0.25688073394495414,0.27522935779816515,0.11009174311926606,0.28440366972477066,0.06422018348623854,0.045871559633027525,0.009174311926605505,0.0,3.9079461571862786,0.0,0.43421623968736434,0.43421623968736434,0.43421623968736434,0.0,0.027522935779816515,0.1559633027522936,0.11009174311926606,0.009174311926605505,0.0,0.43119266055045874,0.027522935779816515,2.0,2.0,0.813946542162996,0.3577204667735756,0.04659218139981054,0.2008252692235617,0.15436510742075105,0.2108062038740129,0.8,699.0,222.0,0.0,22.0,23.0,62.0,262.0,0.0,0.0,0.0,6.412844036697248,0.31759656652360513,0.0,0.0,0.0,578.0,0.12110726643598616,212.0,0.12264150943396226,0.27358490566037735,215.0,64.0,151.0,27.0,72.0,49.0,0.7807406602703734,564.0,0.2134944612286002,285.0,0.6795774647887324,0.1619718309859155,0.08450704225352113,0.07394366197183098,0.005154639175257732,0.09282700421940929,0.890295358649789,0.016877637130801686,0.15492957746478872,0.8450704225352113,0.010526315789473684,0.24288617886178862,0.36890243902439024,0.04065040650406504,0.19308943089430894,0.07317073170731707,0.08130081300813008,15.0,43.117672600955274,12.375162831089883,14.676508901432914,4.168475900998697,0.28700906344410876,0.3403826787512588,0.3368421052631579,0.07250755287009064,0.27835051546391754,1.7706422018348624,9.110091743119266,3.1009174311926606,0.0021424745581146223,0.1583645777539725,0.0028566327441528296,0.014997321906802356,0.7415974911517257,0.8493351826698913,0.8508574572996953,0.3761467889908257,0.08256880733944955,0.22935779816513763,0.0,0.24770642201834864,0.1559633027522936,0.6880733944954128,0.0,14.318840579710146,0.17391304347826086,82.33333333333333,0.8707951070336392,0.3262797743476173,0.7490230134607034,7.019105514546244,7.0,21.128440366972477,21.0,0.2018348623853211,0.22935779816513763,0.24770642201834864,0.6880733944954128,0.22018348623853212,0.08256880733944955,0.21100917431192662,0.43119266055045874,0.3669724770642202,0.43119266055045874,0.03669724770642202,0.11009174311926606,0.1743119266055046,0.08256880733944955,0.11926605504587157,0.10091743119266056,0.0,0.0,0.027522935779816515,0.7881495516454677,0.5963700440528635,0.2599118942731278,0.7312775330396476,0.00881057268722467,3.2718193660442902,0.21248741188318226,3.4842105263157896,0.11009174311926606,4.284403669724771,0.5779816513761468,6.0,0.05504587155963303,1.0,0.16666666666666666,0.0,2.0,2.0,1.0,5.0,1.0,1.0,7.0,0.06422018348623854,1.0,0.14285714285714285,4.0,0.03669724770642202,1.0,0.0,2.0,0.0,0.0,0.0,1.0,0.0,0.0,0.0,0.0,0.0,0.0,0.0,0.0,0.0,2.0,0.0,0.0,0.09174311926605505,0.0,0.0,0.09174311926605505
35.docx,35.docx,1.0,0.0,13.0,2.85796831216137,2.0,3.148413053196245,11.0,0.012407303011122122,2.021432304234484,0.16470588235294117,1.5875,0.020833333333333332,0.225,0.7333333333333333,0.041666666666666664,0.08333333333333333,0.2834133484182651,0.10567794346632887,0.2954177099515019,0.5220431216976282,0.4599913543167105,0.48857163425220373,0.4476418618776586,0.9606716465862865,0.09583333333333334,0.0,0.876219699873613,0.5097279307598966,0.16666666666666666,0.1111111111111111,5.451845566397964,0.04242681374628765,0.2897400820793434,246.81787392337912,0.9264407630632278,0.5791245791245792,0.5880497588786544,32.426092094546604,0.661583200840603,0.46849308871307827,0.2589599608842424,0.0,1.0,7.0,0.0,0.14583333333333334,0.4375,0.3125,0.06666666666666667,0.0375,0.2375,0.2708333333333333,0.25416666666666665,0.14583333333333334,0.09166666666666666,0.2125,0.03333333333333333,0.016666666666666666,0.020833333333333332,4.87908358082308,2.9698769622401358,0.0,0.0,0.4242681374628765,0.0,0.0,0.0,0.12916666666666668,0.15416666666666667,0.0,0.004166666666666667,0.26666666666666666,0.03333333333333333,2.0,2.0,0.8820939111942699,0.43335614982897963,0.1830870031603436,0.13874776569871547,0.17071475776745115,0.19441060664138926,0.8,1417.0,391.0,2.0,96.0,91.0,296.0,220.0,2.0,1.0,2.0,5.904166666666667,0.27593507410021173,0.0,0.0,0.0,1059.0,0.0708215297450425,429.0,0.055944055944055944,0.2680652680652681,352.0,109.0,243.0,94.0,96.0,84.0,0.7876396503652789,1069.0,0.23899721448467967,600.0,0.5516666666666666,0.2866666666666667,0.115,0.04666666666666667,0.021148036253776436,0.15714285714285714,0.8357142857142857,0.007142857142857143,0.19166666666666668,0.8083333333333333,0.006666666666666667,0.30836746635459333,0.30076067875950846,0.04505558806319485,0.18841427735517846,0.05968402574605032,0.09771796372147455,15.0,38.07806533729317,12.728044123886296,15.273652948663555,5.430632159524819,0.3342618384401114,0.4011142061281337,0.4266666666666667,0.053481894150417826,0.30114942528735633,1.3791666666666667,7.479166666666667,3.0,0.003002207505518764,0.14719646799116998,0.0019426048565121413,0.036997792494481235,0.7600129053723207,0.8412275903910769,0.8406819578639636,0.3,0.12083333333333333,0.21041666666666667,0.004166666666666667,0.42916666666666664,0.23333333333333334,0.35,0.04583333333333333,10.916552667578658,2.8180574555403557,3.8737864077669903,0.6479960317460318,0.4097279963273523,0.7753500212134069,6.710436996181587,7.0,19.641666666666666,19.0,0.39166666666666666,0.37916666666666665,0.42916666666666664,0.3625,0.14163090128755365,0.1471861471861472,0.225,0.4406779661016949,0.33905579399141633,0.3116883116883117,0.041666666666666664,0.2033898305084746,0.20346320346320346,0.175,0.11864406779661017,0.16738197424892703,0.004291845493562232,0.012875536480686695,0.034334763948497854,0.774913690439535,0.5963700440528635,0.2599118942731278,0.7312775330396476,0.00881057268722467,3.0284259652100127,0.2545961002785515,2.9916666666666667,0.14166666666666666,3.799163179916318,0.49166666666666664,14.0,0.058333333333333334,1.0,0.14285714285714285,0.0,1.0,3.0,2.0,2.0,1.0,6.0,18.0,0.075,1.0,0.1111111111111111,1.0,0.004166666666666667,1.0,1.0,3.0,0.0,0.0,0.0,1.0,0.0,2.0,0.0,0.0,2.0,0.0,3.0,0.0,0.0,5.0,0.029166666666666667,0.020833333333333332,0.0625,0.029166666666666667,0.020833333333333332,0.0625
36.docx,36.docx,1.0,0.0,11.0,2.3041489801550132,2.0,3.0177496991576414,9.0,0.007963661256653095,1.9185544314433471,0.1111111111111111,1.1983471074380165,0.0371900826446281,0.22727272727272727,0.6611570247933884,0.049586776859504134,0.08677685950413223,0.36527040260546423,0.19231544780454618,0.4428720307983087,0.5271417843146605,0.4755625742545071,0.48764525427617017,0.43942043705171374,0.960175306474919,0.1322314049586777,0.0,0.8285023307980792,0.6101304448871264,0.13636363636363635,0.6363636363636364,2.579921480650589,0.056085249579360626,0.313927781871776,176.98693257320056,0.911403441519994,0.6184433164128595,0.6628775238291771,26.659689289975613,0.6556423398493162,0.45856837884304796,0.2603401124512308,0.0,1.0,6.0,0.0,0.32644628099173556,0.4462809917355372,0.17355371900826447,0.045454545454545456,0.008264462809917356,0.371900826446281,0.2768595041322314,0.2024793388429752,0.07851239669421488,0.07024793388429752,0.09504132231404959,0.008264462809917356,0.02066115702479339,0.01652892561983471,0.28042624789680315,0.0,0.0,0.0,0.28042624789680315,0.28042624789680315,0.0,0.0,0.08264462809917356,0.10330578512396695,0.0,0.004132231404958678,0.09504132231404959,0.04132231404958678,2.0,2.0,0.874272595044591,0.678861856994513,0.22216777159034984,0.4609851535471694,0.10551219411600324,0.19379963971333486,0.8,1796.0,305.0,18.0,83.0,85.0,224.0,786.0,14.0,0.0,2.0,7.421487603305785,0.16982182628062362,0.0,0.0,0.004132231404958678,852.0,0.09507042253521127,344.0,0.07267441860465117,0.38953488372093026,242.0,63.0,179.0,78.0,88.0,89.0,0.8058215540101181,907.0,0.24362606232294617,382.0,0.6684210526315789,0.12105263157894737,0.1763157894736842,0.034210526315789476,0.039525691699604744,0.3542319749216301,0.6238244514106583,0.0219435736677116,0.25526315789473686,0.7447368421052631,0.028795811518324606,0.40689149560117305,0.25513196480938416,0.04325513196480939,0.10117302052785923,0.07917888563049853,0.11436950146627566,16.0,39.59618620302861,10.71228266965788,13.572630398205272,6.702187324733595,0.2705382436260623,0.34277620396600567,0.6256544502617801,0.06232294617563739,0.25258493353028066,1.0495867768595042,5.8347107438016526,2.0,0.0035251164547400226,0.07012463804607831,0.002769734357295732,0.008057409039405767,0.7970808529365598,0.8738828434953395,0.8814259235942158,0.30991735537190085,0.09917355371900827,0.20454545454545456,0.0,0.384297520661157,0.2396694214876033,0.7479338842975206,0.1322314049586777,4.200442151805453,1.7686072218128224,2.375,0.29063360881542705,0.4336240419335712,0.7610768367919237,6.060011217049916,6.0,14.735537190082646,14.0,0.2892561983471074,0.28512396694214875,0.3925619834710744,0.756198347107438,0.14473684210526316,0.12962962962962962,0.21487603305785125,0.3717948717948718,0.35964912280701755,0.37037037037037035,0.03305785123966942,0.1452991452991453,0.125,0.09504132231404959,0.11538461538461539,0.12280701754385964,0.0,0.021929824561403508,0.017543859649122806,0.7952814254953349,0.5963700440528635,0.2599118942731278,0.7312775330396476,0.00881057268722467,3.040100953449243,0.141643059490085,3.696335078534031,0.19008264462809918,3.7713004484304933,0.5702479338842975,4.0,0.01652892561983471,1.0,0.25,0.0,0.0,0.0,1.0,1.0,2.0,0.0,6.0,0.024793388429752067,1.0,0.16666666666666666,3.0,0.012396694214876033,1.0,0.0,0.0,0.0,0.0,0.0,0.0,0.0,1.0,0.0,0.0,0.0,0.0,2.0,0.0,0.0,0.0,0.06198347107438017,0.04132231404958678,0.08264462809917356,0.06198347107438017,0.04132231404958678,0.08264462809917356
37.docx,37.docx,1.0,0.0,11.0,2.8661312420921363,2.0,4.050240279598078,15.0,0.008636076894968784,2.102449488773589,0.08,1.4918032786885247,0.0,0.3360655737704918,0.7704918032786885,0.05737704918032787,0.13114754098360656,0.24917761566795185,0.0859318718200917,0.45423779061084724,0.5029052377273229,0.4477426177399064,0.4801017474653061,0.4579340800356869,0.9144273355554056,0.03278688524590164,0.0,0.8165701092865438,0.4858726083947929,0.13934426229508196,0.14285714285714285,4.935711323102447,0.0,0.22510162601626016,337.1826802310977,0.9460339031516247,0.6689895470383276,0.6974713775129958,23.387054250777613,0.7653141226325741,0.49049712520260735,0.25043597238152404,0.0,1.0,9.0,0.0,0.11475409836065574,0.5327868852459017,0.22131147540983606,0.09836065573770492,0.03278688524590164,0.1885245901639344,0.3114754098360656,0.26229508196721313,0.13114754098360656,0.10655737704918032,0.12295081967213115,0.02459016393442623,0.0,0.0,0.0,0.0,0.0,0.0,0.41476565740356697,0.0,0.0,0.0,0.11475409836065574,0.1885245901639344,0.01639344262295082,0.02459016393442623,0.28688524590163933,0.02459016393442623,2.0,3.0,0.8561245325061095,0.853022069870764,0.1844250518472264,0.23571490676222334,0.08921916186157847,0.1698713989064891,0.8,887.0,211.0,5.0,50.0,54.0,156.0,267.0,9.0,4.0,0.0,7.270491803278689,0.237880496054115,0.0,0.0,0.00819672131147541,443.0,0.1489841986455982,187.0,0.12299465240641712,0.32085561497326204,152.0,38.0,114.0,27.0,32.0,39.0,0.8097508116809193,452.0,0.19540229885057472,275.0,0.5970695970695971,0.08058608058608059,0.27106227106227104,0.05128205128205128,0.018404907975460124,0.2782258064516129,0.7217741935483871,0.0,0.2857142857142857,0.7142857142857143,0.02181818181818182,0.3509350935093509,0.30803080308030806,0.0407040704070407,0.1562156215621562,0.06050605060506051,0.08360836083608361,14.0,39.69307341352136,11.406055578598092,15.636665284114477,4.479469099958523,0.28735632183908044,0.3939393939393939,0.3927272727272727,0.03343782654127482,0.31475409836065577,1.3360655737704918,7.844262295081967,3.0901639344262297,0.005525815921257123,0.14677948540839234,0.003453634950785702,0.059402521153514076,0.755724568556393,0.8413908754821314,0.8536717965121228,0.5081967213114754,0.05737704918032787,0.2827868852459016,0.00819672131147541,0.45901639344262296,0.20491803278688525,0.5655737704918032,0.040983606557377046,8.079268292682928,0.7113821138211381,11.357142857142858,0.674863387978142,0.45310729408476796,0.8162588137702198,6.906262961426794,7.0,19.762295081967213,18.0,0.38524590163934425,0.30327868852459017,0.4918032786885246,0.5737704918032787,0.24369747899159663,0.16101694915254236,0.3360655737704918,0.4918032786885246,0.42016806722689076,0.3898305084745763,0.03278688524590164,0.13934426229508196,0.1440677966101695,0.1885245901639344,0.1557377049180328,0.12605042016806722,0.0,0.05042016806722689,0.058823529411764705,0.7222403800097233,0.5963700440528635,0.2599118942731278,0.7312775330396476,0.00881057268722467,3.0908336789713813,0.2006269592476489,3.48,0.16393442622950818,3.4628099173553717,0.45081967213114754,0.0,0.0,0.0,0.0,0.0,0.0,1.0,1.0,0.0,1.0,0.0,3.0,0.02459016393442623,1.0,0.3333333333333333,2.0,0.01639344262295082,1.0,0.0,1.0,0.0,0.0,0.0,0.0,0.0,1.0,0.0,0.0,3.0,0.0,1.0,0.0,0.0,3.0,0.0,0.0,0.08196721311475409,0.0,0.0,0.08196721311475409
38.docx,38.docx,1.0,0.0,12.0,2.7173015703197394,2.0,2.8682302771855013,9.0,0.005925900169257646,1.8618121329686228,0.12878787878787878,1.8088235294117647,0.0,0.23529411764705882,0.8529411764705882,0.058823529411764705,0.1323529411764706,0.2735837649003636,0.09571822182649109,0.3496220847266876,0.5284319310368036,0.4612281619260166,0.47481084878584495,0.47028460088047797,0.8955566654117966,0.09558823529411764,0.0,0.8299729445638651,0.43031889862979056,0.08088235294117647,0.3333333333333333,3.5872632003224507,0.08061265618702136,0.37527716186252774,98.3847625588697,0.8652727885991979,0.5933926302414231,0.6406717284882142,34.1881944806213,0.7488683069074322,0.48236188403215763,0.2678059731754548,0.0,1.0,6.0,0.0,0.125,0.5661764705882353,0.2426470588235294,0.051470588235294115,0.014705882352941176,0.27205882352941174,0.3161764705882353,0.20588235294117646,0.13970588235294118,0.0661764705882353,0.17647058823529413,0.03676470588235294,0.014705882352941176,0.0,0.0,0.0,0.0,0.0,0.8061265618702137,0.0,0.007352941176470588,0.0,0.09558823529411764,0.10294117647058823,0.0,0.0,0.125,0.022058823529411766,2.0,2.0,0.8995437033272893,0.5822836299394225,0.2953883557216154,0.398999739129617,0.10228516288071184,0.18805341244218476,0.8,989.0,196.0,16.0,34.0,83.0,154.0,360.0,0.0,5.0,0.0,7.272058823529412,0.19817997977755308,0.0,0.0,0.0,677.0,0.0915805022156573,279.0,0.05017921146953405,0.27956989247311825,175.0,68.0,107.0,48.0,100.0,68.0,0.8185346122673725,678.0,0.27927927927927926,365.0,0.5796703296703297,0.27197802197802196,0.12087912087912088,0.027472527472527472,0.052132701421800945,0.21428571428571427,0.7579365079365079,0.027777777777777776,0.2087912087912088,0.7912087912087912,0.019178082191780823,0.34534534534534533,0.23923923923923923,0.031031031031031032,0.17317317317317318,0.09309309309309309,0.11811811811811812,15.0,40.26602176541717,14.7118097541314,12.898024989923417,4.2321644498186215,0.36536536536536535,0.3203203203203203,0.2876712328767123,0.1001001001001001,0.2525879917184265,1.5514705882352942,7.345588235294118,2.3529411764705883,0.01152985716744106,0.1066942006539322,0.005678884873515746,0.009292720702116675,0.7595102258167263,0.8715624911881442,0.8730766449039274,0.33088235294117646,0.11029411764705882,0.22058823529411764,0.014705882352941176,0.39705882352941174,0.34558823529411764,0.7573529411764706,0.0,6.042128603104214,1.3303769401330376,4.541666666666667,0.4776960784313726,0.4784584305069599,0.7271261588069327,6.05763804917372,5.0,18.24264705882353,17.0,0.2426470588235294,0.47794117647058826,0.39705882352941174,0.7573529411764706,0.21323529411764705,0.125,0.23529411764705882,0.41911764705882354,0.45588235294117646,0.38235294117647056,0.029411764705882353,0.19852941176470587,0.19117647058823528,0.13970588235294118,0.17647058823529413,0.11764705882352941,0.0,0.029411764705882353,0.03676470588235294,0.769909577198659,0.5963700440528635,0.2599118942731278,0.7312775330396476,0.00881057268722467,3.237807335751713,0.17517517517517517,2.736986301369863,0.125,3.235294117647059,0.5073529411764706,5.0,0.03676470588235294,1.0,0.6,0.0,0.0,1.0,2.0,0.0,8.0,1.0,10.0,0.07352941176470588,1.0,0.3,3.0,0.022058823529411766,1.0,0.0,1.0,0.0,0.0,0.0,0.0,0.0,1.0,0.0,0.0,0.0,0.0,2.0,0.0,0.0,0.0,0.0,0.0,0.07352941176470588,0.0,0.0,0.07352941176470588
39.docx,39.docx,1.0,0.0,9.0,2.8631641440645335,2.0,2.805766312594841,9.0,0.007392892312678409,1.9463127833248153,0.17117117117117117,1.9090909090909092,0.0,0.2,0.8454545454545455,0.05454545454545454,0.11818181818181818,0.2697269035701008,0.11047416266076249,0.4225453747649808,0.533511822393317,0.46750249068641847,0.49674251159454624,0.4464824297733939,0.9157801270478434,0.07272727272727272,0.0,0.8089847656187561,0.38116936818471225,0.15454545454545454,0.14285714285714285,3.7853378054623863,0.0,0.29950186799501866,183.7398534659047,0.9145806875617809,0.6118500604594922,0.5974725384976551,29.127865588996237,0.7605469911343307,0.4589810838848507,0.25206950843454906,0.0,1.0,6.0,0.0,0.1,0.5272727272727272,0.2909090909090909,0.07272727272727272,0.00909090909090909,0.21818181818181817,0.2909090909090909,0.24545454545454545,0.16363636363636364,0.08181818181818182,0.3,0.07272727272727272,0.00909090909090909,0.00909090909090909,13.416387158600863,2.3957834211787254,0.0,0.9583133684714902,1.4374700527072353,0.0,0.0,0.0,0.08181818181818182,0.10909090909090909,0.0,0.01818181818181818,0.18181818181818182,0.02727272727272727,2.0,2.0,0.8685571773742589,0.47113236012881937,0.046794860384857716,0.30072542842029576,0.22658608446115558,0.17816058948738758,0.8,738.0,184.0,7.0,32.0,41.0,124.0,228.0,7.0,0.0,3.0,6.709090909090909,0.24932249322493225,0.02727272727272727,0.0,0.0,481.0,0.1288981288981289,168.0,0.1130952380952381,0.31547619047619047,161.0,61.0,100.0,35.0,70.0,45.0,0.8223083525314141,463.0,0.19332566168009205,274.0,0.7043795620437956,0.08029197080291971,0.18248175182481752,0.032846715328467155,0.0051813471502590676,0.1593625498007968,0.8247011952191236,0.01593625498007968,0.17883211678832117,0.8211678832116789,0.0072992700729927005,0.3262158956109134,0.3155397390272835,0.02965599051008304,0.18861209964412812,0.07354685646500593,0.066429418742586,14.0,41.63871586008625,13.128893148059415,15.62050790608529,4.408241494968855,0.31530494821634064,0.3751438434982739,0.3357664233576642,0.0805523590333717,0.30578512396694213,1.7545454545454546,7.9,2.963636363636364,0.005666869054847197,0.09451528030763004,0.0040477636106051405,0.010321797207043109,0.7832065214997216,0.872831255731791,0.8843864768830632,0.41818181818181815,0.05454545454545454,0.23636363636363636,0.0,0.43636363636363634,0.22727272727272727,0.6545454545454545,0.0,6.973848069738481,0.933997509339975,7.466666666666667,0.6219696969696968,0.47149521360822283,0.7695256348826066,6.738859607091519,7.0,18.972727272727273,17.5,0.2909090909090909,0.34545454545454546,0.43636363636363634,0.6545454545454545,0.23636363636363636,0.17272727272727273,0.16363636363636364,0.509090909090909,0.35454545454545455,0.34545454545454546,0.05454545454545454,0.11818181818181818,0.20909090909090908,0.13636363636363635,0.13636363636363635,0.11818181818181818,0.0,0.0,0.02727272727272727,0.7793595816821268,0.5963700440528635,0.2599118942731278,0.7312775330396476,0.00881057268722467,3.3622424532822235,0.1611047180667434,3.1715328467153285,0.08181818181818182,3.727272727272727,0.4818181818181818,3.0,0.02727272727272727,1.0,0.6666666666666666,0.0,3.0,3.0,3.0,0.0,0.0,0.0,9.0,0.08181818181818182,2.0,0.2222222222222222,2.0,0.01818181818181818,1.0,1.0,3.0,0.0,0.0,0.0,0.0,0.0,0.0,1.0,0.0,3.0,0.0,1.0,7.0,0.0,6.0,0.0,0.0,0.09090909090909091,0.0,0.0,0.09090909090909091
4.docx,4.docx,1.0,0.0,13.0,3.0612590538211477,2.0,2.8149333333333333,9.299999999999955,0.00900901122748554,1.9070400546324398,0.125,1.7446808510638299,0.0,0.23404255319148937,0.9042553191489362,0.06382978723404255,0.14893617021276595,0.2644851150607684,0.09522428519700257,0.34319765152752585,0.5291979891422399,0.4620496724892401,0.49668883411582593,0.4284141230485646,0.8867068049509617,0.13829787234042554,0.0,0.8244635597978663,0.3734696880178114,0.20212765957446807,0.5,5.332656170644998,0.0,0.24620253164556963,188.4292487711514,0.9036027253479988,0.678173719376392,0.6372625938355109,24.52073827964666,0.7330893186477849,0.4886868113038845,0.2391535723051532,0.0,1.0,6.0,0.0,0.06382978723404255,0.44680851063829785,0.3617021276595745,0.10638297872340426,0.02127659574468085,0.09574468085106383,0.32978723404255317,0.2872340425531915,0.11702127659574468,0.1702127659574468,0.14893617021276595,0.02127659574468085,0.010638297872340425,0.0,1.015744032503809,1.015744032503809,0.0,0.0,0.5078720162519045,0.5078720162519045,0.0,0.0,0.1276595744680851,0.18085106382978725,0.02127659574468085,0.0,0.2978723404255319,0.031914893617021274,2.0,2.0,0.8844156985435813,0.4743905701115266,0.17604455772148475,0.3123778263541433,0.12612332563980816,0.19255228642765837,0.8,689.0,197.0,2.0,33.0,53.0,156.0,132.0,2.0,9.0,0.0,7.329787234042553,0.28592162554426703,0.0,0.0,0.0,389.0,0.12596401028277635,157.0,0.11464968152866242,0.39490445859872614,159.0,37.0,122.0,12.0,38.0,21.0,0.7418606230902748,401.0,0.17720090293453725,229.0,0.6462882096069869,0.13973799126637554,0.18777292576419213,0.026200873362445413,0.02702702702702703,0.17616580310880828,0.8134715025906736,0.010362694300518135,0.1965065502183406,0.8034934497816594,0.008733624454148471,0.3065868263473054,0.31017964071856285,0.04311377245508982,0.17125748502994012,0.081437125748503,0.08742514970059881,14.0,44.99746063991874,11.630269172168614,17.877094972067038,3.6566785170137126,0.2584650112866817,0.3972911963882618,0.314410480349345,0.04288939051918736,0.3159722222222222,1.574468085106383,9.425531914893616,3.74468085106383,0.0,0.1111111111111111,0.002092487968194183,0.011927181418706842,0.7523964917389212,0.8596288247725202,0.8724832003434896,0.35106382978723405,0.05319148936170213,0.20212765957446807,0.0,0.5425531914893617,0.30851063829787234,0.43617021276595747,0.0,10.632911392405063,0.25316455696202533,42.0,0.7925531914893617,0.3955172647876873,0.8024377856780092,6.718638902996445,7.0,20.9468085106383,20.0,0.35106382978723405,0.4574468085106383,0.5425531914893617,0.43617021276595747,0.1702127659574468,0.19148936170212766,0.22340425531914893,0.40425531914893614,0.39361702127659576,0.3617021276595745,0.031914893617021274,0.19148936170212766,0.1595744680851064,0.13829787234042554,0.1276595744680851,0.2127659574468085,0.0,0.0425531914893617,0.0425531914893617,0.7821476345297076,0.5963700440528635,0.2599118942731278,0.7312775330396476,0.00881057268722467,3.2737430167597767,0.17945823927765236,3.868995633187773,0.10638297872340426,4.202127659574468,0.5106382978723404,2.0,0.02127659574468085,1.0,0.5,0.0,1.0,3.0,1.0,9.0,0.0,1.0,4.0,0.0425531914893617,1.0,0.25,1.0,0.010638297872340425,1.0,0.0,3.0,0.0,0.0,0.0,0.0,1.0,0.0,0.0,0.0,1.0,1.0,0.0,0.0,0.0,1.0,0.0,0.0,0.10638297872340426,0.0,0.0,0.10638297872340426
40.docx,40.docx,1.0,0.0,12.0,3.0198665630541495,2.0,2.47122650649099,7.0,0.0033237780971163513,1.9279135159609306,0.15517241379310345,1.4946619217081851,0.0,0.21708185053380782,0.9395017793594306,0.0498220640569395,0.12099644128113879,0.26043255216343486,0.12856724745517867,0.2795648596609103,0.5477183122735542,0.4231772393709625,0.5007868303936103,0.45457517390434515,0.9294684254067678,0.1494661921708185,0.0,0.8964171108344107,0.3953042421248719,0.2313167259786477,0.30434782608695654,4.557148107313488,0.18375597206909225,0.3666499246609744,199.9154994197501,0.9137568692730546,0.5327446651949963,0.6250519371743473,37.83319143757334,0.5643648524446315,0.44646355295424145,0.23230228141422307,0.0,1.0,5.0,0.0,0.1423487544483986,0.4092526690391459,0.3487544483985765,0.09608540925266904,0.0035587188612099642,0.2099644128113879,0.25622775800711745,0.2277580071174377,0.17793594306049823,0.12811387900355872,0.11743772241992882,0.099644128113879,0.0071174377224199285,0.014234875444839857,0.735023888276369,6.615214994487321,0.0,0.0,1.8375597206909224,0.5512679162072768,0.0071174377224199285,0.0,0.05693950177935943,0.017793594306049824,0.010676156583629894,0.0,0.2099644128113879,0.010676156583629894,2.0,2.0,0.8748013305846349,0.5537984858615375,0.1003645546583817,0.05243329574975116,0.1910604508908696,0.2134471232344978,0.8,1029.0,524.0,1.0,14.0,71.0,78.0,58.0,0.0,0.0,0.0,3.6619217081850532,0.5092322643343051,0.0,0.0,0.0,1460.0,0.05136986301369863,544.0,0.04779411764705882,0.25735294117647056,403.0,86.0,317.0,127.0,160.0,190.0,0.799624056595965,1398.0,0.25408687529191964,679.0,0.5073746312684366,0.23008849557522124,0.22713864306784662,0.035398230088495575,0.005813953488372093,0.27115384615384613,0.725,0.0038461538461538464,0.2551622418879056,0.7448377581120944,0.053019145802650956,0.19711299153807865,0.41513190642110503,0.04878048780487805,0.18168242906918866,0.0746640119462419,0.08262817322050771,15.0,39.34215361999265,12.477030503491363,16.88717383314958,4.152884968761485,0.3171415226529659,0.4292386735170481,0.3328424153166421,0.07473143390938813,0.34504331087584217,1.2241992882562278,7.619217081850533,3.2704626334519573,0.016440259339302255,0.24042914479777708,0.0019296079036739734,0.014356282803334362,0.7547590743154915,0.8276115383519164,0.818832119097281,0.3487544483985765,0.099644128113879,0.22419928825622776,0.0,0.11743772241992882,0.0711743772241993,0.07473309608540925,0.014234875444839857,10.72325464590658,0.5775991963837268,18.565217391304348,0.7153024911032029,0.4410225696236868,0.7317162807791253,6.820837927232635,7.0,19.366548042704625,19.0,0.0498220640569395,0.2597864768683274,0.11743772241992882,0.07473309608540925,0.2277580071174377,0.1387900355871886,0.20640569395017794,0.398576512455516,0.2846975088967972,0.30604982206405695,0.03558718861209965,0.18505338078291814,0.18149466192170818,0.21708185053380782,0.16725978647686832,0.12455516014234876,0.0035587188612099642,0.0035587188612099642,0.046263345195729534,0.7867537699710989,0.5963700440528635,0.2599118942731278,0.7312775330396476,0.00881057268722467,3.1348768834987135,0.1798225128444652,3.153166421207658,0.20640569395017794,3.619217081850534,0.4804270462633452,25.0,0.08896797153024912,1.0,0.16,0.0,1.0,4.0,10.0,9.0,0.0,2.0,34.0,0.12099644128113879,1.0,0.14705882352941177,8.0,0.028469750889679714,1.0,0.0,4.0,2.0,1.0,0.0,0.0,0.0,0.0,0.0,0.0,0.0,6.0,0.0,0.0,0.0,7.0,0.0071174377224199285,0.0035587188612099642,0.03914590747330961,0.0071174377224199285,0.0035587188612099642,0.03914590747330961
41.docx,41.docx,1.0,0.0,11.0,2.88295115787373,2.0,2.6578215820065707,8.0,0.013211017779550785,1.886117485137381,0.2109375,1.3794642857142858,0.022321428571428572,0.3125,0.8660714285714286,0.0625,0.12053571428571429,0.2755179250046477,0.09331714435914239,0.36734164506444783,0.5325271208535731,0.43378984341586163,0.5086231226083384,0.45853146587452626,0.9342697345832993,0.19642857142857142,0.0045045045045045045,0.8695351196083074,0.4098986269686546,0.17857142857142858,0.4074074074074074,4.04209519253767,0.0,0.38169200264375414,170.1924019607843,0.9111136326768355,0.5279232111692844,0.6338329771705092,35.309817250190456,0.6797898602982296,0.46064331723530694,0.24264958865354735,0.0,1.0,5.0,0.0,0.12053571428571429,0.48660714285714285,0.33482142857142855,0.05357142857142857,0.004464285714285714,0.16071428571428573,0.22321428571428573,0.2544642857142857,0.20982142857142858,0.15178571428571427,0.125,0.15178571428571427,0.017857142857142856,0.044642857142857144,0.0,0.0,0.0,0.0,0.9567089213106913,0.0,0.004464285714285714,0.0,0.12053571428571429,0.0625,0.017857142857142856,0.013392857142857142,0.19196428571428573,0.03571428571428571,2.0,2.0,0.827943930037807,0.5894403238978629,0.18763110568009295,0.17443263336756465,0.11815305188779975,0.21676416677880436,0.8,1027.0,461.0,0.0,32.0,57.0,70.0,184.0,0.0,0.0,0.0,4.584821428571429,0.4488802336903603,0.0,0.0,0.0,1155.0,0.070995670995671,390.0,0.06923076923076923,0.35384615384615387,315.0,89.0,226.0,125.0,133.0,163.0,0.8126300746058052,1125.0,0.2488832163369496,507.0,0.5785288270377733,0.22465208747514911,0.14512922465208747,0.05168986083499006,0.006872852233676976,0.2190721649484536,0.7525773195876289,0.028350515463917526,0.3101391650099404,0.6898608349900597,0.05719921104536489,0.27895073576455537,0.3256557901471529,0.037747920665387076,0.17978246960972488,0.0780550223928343,0.09980806142034548,14.0,37.47907199234633,12.126285577613011,17.818703659411625,4.113848361635973,0.32354818123803447,0.47543075941289087,0.33925049309664695,0.08487555839183153,0.36789297658862874,1.2991071428571428,6.995535714285714,3.325892857142857,0.02047402924861321,0.2004034291477559,0.002319717599596571,0.01280887544125063,0.7619924595545509,0.8500113868050502,0.843383201485352,0.26339285714285715,0.09375,0.17857142857142858,0.0,0.12053571428571429,0.11607142857142858,0.23660714285714285,0.049107142857142856,7.766027759418375,0.7270323859881032,10.681818181818182,0.5965773809523809,0.4791699709661283,0.7237502989715379,6.574264530016743,7.0,18.665178571428573,18.0,0.13392857142857142,0.22767857142857142,0.12053571428571429,0.23660714285714285,0.2304147465437788,0.15348837209302327,0.3125,0.4772727272727273,0.2857142857142857,0.30697674418604654,0.022321428571428572,0.1409090909090909,0.19534883720930232,0.16517857142857142,0.10454545454545454,0.11981566820276497,0.0,0.0,0.055299539170506916,0.7771942485409523,0.5963700440528635,0.2599118942731278,0.7312775330396476,0.00881057268722467,3.204735709160488,0.16783663050414804,3.0907297830374754,0.21428571428571427,4.049107142857143,0.4330357142857143,5.0,0.022321428571428572,1.0,0.4,1.0,2.0,1.0,4.0,3.0,0.0,2.0,19.0,0.08482142857142858,1.0,0.10526315789473684,7.0,0.03125,1.0,0.0,1.0,0.0,0.0,0.0,1.0,0.0,2.0,0.0,0.0,0.0,2.0,8.0,0.0,0.0,3.0,0.03125,0.022321428571428572,0.06696428571428571,0.03125,0.022321428571428572,0.06696428571428571
42.docx,42.docx,1.0,0.0,13.0,2.698707989179881,2.0,2.468449519230769,7.0,0.008853372169877425,1.8115478750817622,0.14361702127659576,1.5592417061611374,0.03317535545023697,0.24170616113744076,0.8293838862559242,0.08056872037914692,0.13744075829383887,0.3295888329492036,0.12114839784943755,0.3353889713151655,0.529370632970942,0.48441998354717536,0.4912423966422201,0.43782149073263604,0.9244219897228066,0.18009478672985782,0.0,0.8624937765124423,0.514146745608925,0.12322274881516587,0.28,5.142695676744843,0.028256569652444195,0.3385022692889561,131.9231879766047,0.9063423635761781,0.4872364039955605,0.6141876544307323,35.52429346505916,0.6294378592724821,0.4476771754978842,0.23649403984151332,0.0,1.0,5.0,0.0,0.26540284360189575,0.41706161137440756,0.25118483412322273,0.05687203791469194,0.009478672985781991,0.21800947867298578,0.23696682464454977,0.27014218009478674,0.14218009478672985,0.13270142180094788,0.08530805687203792,0.16113744075829384,0.014218009478672985,0.004739336492890996,0.0,7.629273806159932,0.0,0.0,1.1302627860977679,0.0,0.009478672985781991,0.004739336492890996,0.15165876777251186,0.052132701421800945,0.023696682464454975,0.004739336492890996,0.22748815165876776,0.03317535545023697,2.0,2.0,0.8714625079372461,0.757003536617772,0.05810074789112419,0.1751153377688472,0.18473995871779408,0.21515278373850744,0.8,890.0,397.0,3.0,26.0,62.0,176.0,14.0,0.0,0.0,0.0,4.218009478672986,0.4460674157303371,0.0,0.0,0.0,895.0,0.07597765363128492,325.0,0.06461538461538462,0.3169230769230769,249.0,59.0,190.0,76.0,117.0,109.0,0.8163545583517046,907.0,0.2545027407987471,529.0,0.5616698292220114,0.2523719165085389,0.17077798861480076,0.015180265654648957,0.0,0.2182741116751269,0.7817258883248731,0.0,0.22580645161290322,0.7741935483870968,0.035916824196597356,0.25,0.35691823899371067,0.02122641509433962,0.18946540880503146,0.09669811320754718,0.08569182389937106,15.0,36.08363944617123,14.94772534614298,17.716869172082507,5.170952246397287,0.4142521534847298,0.49099451840250585,0.34593572778827975,0.09162098668754894,0.3661513425549227,1.4028436018957346,6.052132701421801,2.971563981042654,0.03899618649280354,0.17111575839586665,0.004920654447041457,0.012055603395251569,0.7672369105275901,0.8507025234052029,0.8551673465180222,0.3080568720379147,0.10900473933649289,0.20853080568720378,0.0,0.2890995260663507,0.15639810426540285,0.023696682464454975,0.08530805687203792,11.53555219364599,1.248108925869894,9.242424242424242,0.5682991047919957,0.47903440405685,0.7471037016106244,6.904210228878214,7.0,16.77251184834123,16.0,0.11374407582938388,0.1990521327014218,0.2890995260663507,0.023696682464454975,0.2608695652173913,0.17073170731707318,0.22748815165876776,0.5023923444976076,0.32367149758454106,0.3073170731707317,0.014218009478672985,0.13875598086124402,0.23414634146341465,0.24170616113744076,0.14354066985645933,0.12077294685990338,0.0,0.014492753623188406,0.0821256038647343,0.7468510635199828,0.5963700440528635,0.2599118942731278,0.7312775330396476,0.00881057268722467,3.2786097767731,0.2427564604541895,2.4139886578449907,0.2559241706161137,3.90521327014218,0.3981042654028436,8.0,0.037914691943127965,1.0,0.25,0.0,7.0,1.0,4.0,4.0,0.0,0.0,22.0,0.10426540284360189,1.0,0.13636363636363635,11.0,0.052132701421800945,2.0,1.0,1.0,0.0,1.0,0.0,0.0,0.0,1.0,0.0,0.0,0.0,2.0,2.0,0.0,0.0,1.0,0.07109004739336493,0.037914691943127965,0.08530805687203792,0.07109004739336493,0.037914691943127965,0.08530805687203792
43.docx,43.docx,1.0,0.0,11.0,2.576539004962908,2.0,2.38928682653379,7.0,0.007758091009084955,2.028379940165655,0.18220338983050846,1.5571428571428572,0.004761904761904762,0.2523809523809524,0.8333333333333334,0.05238095238095238,0.10476190476190476,0.28558696942908524,0.12423008702678358,0.32634475912026895,0.5277798932175227,0.4669821786507835,0.5396443949251887,0.43607205042071107,0.9512830441538208,0.20952380952380953,0.004807692307692308,0.8528390982721321,0.4184711124963146,0.1523809523809524,0.5625,3.741596024554224,0.05846243788365975,0.4361880772460118,129.4292462199825,0.884560943088514,0.5268935236004391,0.5830183009160825,37.11911881968683,0.5820971356015292,0.45411905126744795,0.23830683933068603,0.0,1.0,5.0,0.0,0.22857142857142856,0.5095238095238095,0.23333333333333334,0.02857142857142857,0.0,0.17142857142857143,0.32857142857142857,0.26666666666666666,0.1523809523809524,0.08095238095238096,0.12380952380952381,0.24285714285714285,0.014285714285714285,0.02857142857142857,0.0,1.169248757673195,0.0,0.0,2.630809704764689,0.0,0.0,0.009523809523809525,0.06190476190476191,0.009523809523809525,0.009523809523809525,0.004761904761904762,0.1380952380952381,0.01904761904761905,2.0,2.0,0.8940261106566029,0.6068263990852465,0.14367253487256174,0.05842745555499331,0.14672587418010707,0.2200916291782359,0.8,712.0,353.0,1.0,12.0,56.0,30.0,50.0,0.0,0.0,2.0,3.3904761904761904,0.4957865168539326,0.004761904761904762,0.0,0.0,1039.0,0.06929740134744947,310.0,0.07096774193548387,0.4483870967741935,261.0,96.0,165.0,72.0,179.0,178.0,0.8164044396606993,959.0,0.24390243902439024,488.0,0.6229508196721312,0.1864754098360656,0.1557377049180328,0.03483606557377049,0.006578947368421052,0.2911392405063291,0.6962025316455697,0.012658227848101266,0.2540983606557377,0.7459016393442623,0.07991803278688525,0.27531645569620256,0.33939873417721517,0.028481012658227847,0.14556962025316456,0.10522151898734178,0.1060126582278481,13.0,37.15287927506577,14.264834843612977,14.820228003507745,3.9462145571470333,0.3839496459480724,0.3988985051140834,0.2766393442622951,0.14083398898505115,0.29064039408866993,1.4476190476190476,6.052380952380952,2.414285714285714,0.012651691195455719,0.15130389878647044,0.003098373353989156,0.009553317841466564,0.786591124284394,0.8667333780318252,0.8647680778685288,0.3238095238095238,0.05714285714285714,0.19047619047619047,0.0,0.06666666666666667,0.20476190476190476,0.10952380952380952,0.023809523809523808,9.865659109991604,0.2518891687657431,39.166666666666664,0.6519841269841269,0.47303201874010425,0.6962876351943876,6.66150248465361,7.0,16.29047619047619,16.0,0.05714285714285714,0.2904761904761905,0.06666666666666667,0.10952380952380952,0.22857142857142856,0.10952380952380952,0.2523809523809524,0.44761904761904764,0.37142857142857144,0.4238095238095238,0.009523809523809525,0.20476190476190476,0.1380952380952381,0.0761904761904762,0.06666666666666667,0.10476190476190476,0.0,0.023809523809523808,0.004761904761904762,0.7717541709650325,0.5963700440528635,0.2599118942731278,0.7312775330396476,0.00881057268722467,3.3399590762934817,0.1904012588512982,2.6045081967213113,0.26666666666666666,3.7,0.4857142857142857,8.0,0.0380952380952381,1.0,0.25,0.0,1.0,1.0,9.0,8.0,0.0,1.0,22.0,0.10476190476190476,1.0,0.18181818181818182,20.0,0.09523809523809523,1.0,0.0,1.0,2.0,0.0,0.0,0.0,1.0,0.0,0.0,0.0,0.0,2.0,1.0,0.0,0.0,3.0,0.009523809523809525,0.004761904761904762,0.05238095238095238,0.009523809523809525,0.004761904761904762,0.05238095238095238
44.docx,44.docx,1.0,0.0,15.0,2.5480830085008135,2.0,2.4566645475736384,7.0,0.005248538013550343,1.8785702396370574,0.13503649635036497,1.1975683890577509,0.02735562310030395,0.3069908814589666,0.8389057750759878,0.057750759878419454,0.0972644376899696,0.33569480412937286,0.13906657075807896,0.3655892594869741,0.5367659803908431,0.4471915808548106,0.5041026987920473,0.4448971998869556,0.9504128929921627,0.2127659574468085,0.0,0.8887512363387287,0.49969954442195824,0.1337386018237082,0.24324324324324326,5.11093502377179,0.019809825673534072,0.3632190116122063,196.98918168120656,0.9199161072049646,0.5247813411078717,0.6389461157729447,35.161372955383655,0.5326899175748099,0.47737393968640063,0.2225936708930105,0.0,1.0,5.0,0.0,0.2917933130699088,0.48024316109422494,0.1762917933130699,0.05167173252279635,0.0,0.2796352583586626,0.2613981762917933,0.1945288753799392,0.1458966565349544,0.11854103343465046,0.07598784194528875,0.0851063829787234,0.030395136778115502,0.0060790273556231,0.0,10.301109350237718,0.0,0.0,1.1885895404120443,0.0,0.00303951367781155,0.0,0.030395136778115502,0.03343465045592705,0.02127659574468085,0.0060790273556231,0.182370820668693,0.030395136778115502,2.0,2.0,0.8733736902823424,0.5536675553096767,0.0977932567177402,0.26283483871512736,0.20945609196084158,0.22577456337716825,0.8,1196.0,556.0,1.0,26.0,72.0,62.0,120.0,0.0,2.0,5.0,3.635258358662614,0.46488294314381273,0.0,0.0,0.0,1345.0,0.06394052044609666,455.0,0.06593406593406594,0.3142857142857143,352.0,90.0,262.0,124.0,190.0,186.0,0.805013041665607,1313.0,0.23697916666666666,628.0,0.5789473684210527,0.19138755980861244,0.18660287081339713,0.0430622009569378,0.008264462809917356,0.28174603174603174,0.7162698412698413,0.001984126984126984,0.2631578947368421,0.7368421052631579,0.06050955414012739,0.2796875,0.371875,0.036458333333333336,0.15,0.0828125,0.07916666666666666,14.0,38.03486529318542,12.440570522979398,18.38351822503962,4.259112519809825,0.32708333333333334,0.48333333333333334,0.34235668789808915,0.09895833333333333,0.35568993952721273,1.1033434650455927,5.835866261398176,2.8206686930091185,0.030732228754676644,0.2068412613575628,0.0020488152503117764,0.010689470871191877,0.7676496250677495,0.8371684039120614,0.8387589877629229,0.2735562310030395,0.04559270516717325,0.1595744680851064,0.0,0.0729483282674772,0.1702127659574468,0.12462006079027356,0.0851063829787234,10.532001080205239,1.431271941668917,7.3584905660377355,0.6254812563323201,0.4632983590955221,0.7335578446909667,6.578446909667195,6.0,15.343465045592705,14.0,0.0790273556231003,0.23404255319148937,0.0729483282674772,0.12462006079027356,0.1651376146788991,0.19938650306748465,0.3069908814589666,0.3799392097264438,0.308868501529052,0.37116564417177916,0.015197568389057751,0.1702127659574468,0.1656441717791411,0.1641337386018237,0.1458966565349544,0.18042813455657492,0.0,0.009174311926605505,0.01529051987767584,0.7820837942111726,0.5963700440528635,0.2599118942731278,0.7312775330396476,0.00881057268722467,3.3009112519809825,0.19479166666666667,3.0573248407643314,0.3069908814589666,3.884498480243161,0.48024316109422494,21.0,0.06382978723404255,1.0,0.2857142857142857,0.0,0.0,4.0,6.0,2.0,10.0,0.0,44.0,0.1337386018237082,2.0,0.1590909090909091,10.0,0.030395136778115502,1.0,0.0,4.0,1.0,0.0,0.0,0.0,0.0,0.0,0.0,0.0,4.0,1.0,0.0,0.0,0.0,4.0,0.0486322188449848,0.030395136778115502,0.060790273556231005,0.0486322188449848,0.030395136778115502,0.060790273556231005
45.docx,45.docx,1.0,0.0,13.0,2.6866939731520687,2.0,2.466966544841158,7.0,0.0063956284110132005,1.8005064721882216,0.15384615384615385,1.2478632478632479,0.03418803418803419,0.32051282051282054,0.8461538461538461,0.07692307692307693,0.1282051282051282,0.2975339042690182,0.11934607648048964,0.4212037963887005,0.5175822642208612,0.42972654775717417,0.5043798752783613,0.4594304145709082,0.9354972516067411,0.14102564102564102,0.0,0.8837350144357776,0.45978101645077274,0.11538461538461539,0.12121212121212122,8.071748878923767,0.07913479293062516,0.3273809523809524,188.5962135081507,0.9105357751027411,0.5204359673024523,0.5913334857860769,35.17647062103272,0.6383473714931561,0.4444708549311611,0.2342932456219502,0.0,1.0,5.0,0.0,0.19658119658119658,0.5769230769230769,0.18376068376068377,0.038461538461538464,0.004273504273504274,0.2905982905982906,0.2692307692307692,0.26495726495726496,0.10256410256410256,0.07264957264957266,0.07692307692307693,0.0811965811965812,0.01282051282051282,0.021367521367521368,0.0,0.2637826431020839,0.0,0.0,1.0551305724083355,0.0,0.0,0.0,0.1111111111111111,0.021367521367521368,0.017094017094017096,0.008547008547008548,0.33760683760683763,0.04700854700854701,2.0,2.0,0.8779869467708052,0.4827518261553036,0.11432167035215779,0.03524753954071269,0.11627468806283378,0.20580683194698457,0.8,807.0,343.0,1.0,33.0,47.0,64.0,94.0,0.0,0.0,0.0,3.448717948717949,0.4250309789343247,0.0,0.0,0.0,935.0,0.07272727272727272,368.0,0.07065217391304347,0.26902173913043476,285.0,53.0,232.0,50.0,85.0,131.0,0.7966619358653104,924.0,0.25051055139550715,464.0,0.5538793103448276,0.1961206896551724,0.21767241379310345,0.032327586206896554,0.0,0.19839142091152814,0.7962466487935657,0.005361930294906166,0.2413793103448276,0.7586206896551724,0.034482758620689655,0.2649690295939436,0.3860977288368892,0.047487955953200274,0.1348933241569167,0.07708189951823813,0.08947006194081211,13.0,38.749670271696125,12.239514639936692,19.730941704035875,4.457926668425218,0.31586113002042204,0.5091899251191286,0.3642241379310345,0.057862491490810075,0.3837876614060258,1.0982905982905984,6.277777777777778,3.1965811965811968,0.014007872192637185,0.23107200740912248,0.0024311183144246355,0.01516554758045844,0.7401457056260935,0.8356267213421472,0.8295682551609632,0.3418803418803419,0.07692307692307693,0.2094017094017094,0.0,0.10683760683760683,0.05128205128205128,0.13675213675213677,0.05128205128205128,13.620448179271708,1.050420168067227,12.966666666666667,0.7381766381766383,0.4222169355779007,0.7533632286995515,7.15695067264574,7.0,16.200854700854702,16.0,0.13247863247863248,0.1581196581196581,0.10683760683760683,0.13675213675213677,0.26339285714285715,0.20535714285714285,0.32051282051282054,0.5173913043478261,0.3482142857142857,0.3169642857142857,0.029914529914529916,0.1,0.19642857142857142,0.20512820512820512,0.11304347826086956,0.15178571428571427,0.0,0.008928571428571428,0.06696428571428571,0.7402749033279212,0.5963700440528635,0.2599118942731278,0.7312775330396476,0.00881057268722467,3.2782906884726986,0.26548672566371684,3.165948275862069,0.2222222222222222,3.6495726495726495,0.41452991452991456,9.0,0.038461538461538464,1.0,0.2222222222222222,0.0,4.0,2.0,4.0,3.0,0.0,1.0,28.0,0.11965811965811966,1.0,0.14285714285714285,7.0,0.029914529914529916,1.0,0.0,1.0,0.0,0.0,0.0,0.0,0.0,1.0,0.0,0.0,0.0,0.0,1.0,0.0,0.0,4.0,0.042735042735042736,0.03418803418803419,0.07692307692307693,0.042735042735042736,0.03418803418803419,0.07692307692307693
46.docx,46.docx,1.0,0.0,11.0,2.77018852490032,2.0,2.6341463414634148,8.0,0.007031829289870437,1.8343039917187225,0.20512820512820512,1.3235294117647058,0.012605042016806723,0.25210084033613445,0.8823529411764706,0.06722689075630252,0.15966386554621848,0.3096056952595031,0.13840901714927284,0.34318118974213685,0.5377135018361474,0.43409983863023,0.492137011448399,0.44072004942047144,0.9369349293022169,0.14705882352941177,0.0,0.8677045552071729,0.48022284192392084,0.18067226890756302,0.3333333333333333,4.560342655580751,0.10078105316200556,0.335464333781965,213.8173609495281,0.9140831047874942,0.5709677419354838,0.6515429683744473,34.424010963583854,0.7096899388934267,0.47356965320912414,0.23710011171147183,0.0,1.0,5.0,0.0,0.23109243697478993,0.47058823529411764,0.23529411764705882,0.05042016806722689,0.012605042016806723,0.24789915966386555,0.23529411764705882,0.24369747899159663,0.12605042016806722,0.14705882352941177,0.09243697478991597,0.11764705882352941,0.004201680672268907,0.008403361344537815,0.0,2.5195263290501386,0.0,0.0,1.0078105316200556,0.0,0.0,0.0,0.037815126050420166,0.07142857142857142,0.01680672268907563,0.004201680672268907,0.19327731092436976,0.025210084033613446,2.0,2.0,0.8548529953448611,0.6266432858284418,0.059967914646190466,0.06699980460833313,0.1373848305149647,0.20631402028513204,0.8,1112.0,426.0,0.0,31.0,65.0,36.0,324.0,0.0,0.0,0.0,4.6722689075630255,0.3830935251798561,0.0,0.0,0.0,997.0,0.0712136409227683,341.0,0.06158357771260997,0.4222873900293255,307.0,77.0,230.0,82.0,108.0,133.0,0.7921054337586231,974.0,0.22360655737704918,500.0,0.561122244488978,0.20240480961923848,0.21442885771543085,0.022044088176352707,0.007142857142857143,0.3055555555555556,0.6792929292929293,0.015151515151515152,0.2845691382765531,0.7154308617234469,0.052,0.29106438896189224,0.3771353482260184,0.04007884362680683,0.12352168199737187,0.07030223390275953,0.09789750328515112,14.0,38.422776518014615,12.597631645250692,19.9798437893676,3.9556563366087176,0.32786885245901637,0.52,0.314,0.07081967213114754,0.40204778156996585,1.1764705882352942,6.407563025210084,3.331932773109244,0.02177259731691225,0.18176819881240378,0.004508467121178799,0.011985924785572906,0.7442223967448233,0.8348588892491192,0.8384618459778393,0.3235294117647059,0.06722689075630252,0.1953781512605042,0.0,0.07142857142857142,0.15966386554621848,0.3949579831932773,0.029411764705882353,9.757738896366083,0.37012113055181695,26.363636363636363,0.6659663865546218,0.463035568013394,0.7488032249937012,6.755353993449232,7.0,16.676470588235293,15.0,0.13025210084033614,0.24789915966386555,0.07142857142857142,0.3949579831932773,0.21120689655172414,0.19480519480519481,0.25210084033613445,0.42616033755274263,0.375,0.29004329004329005,0.06722689075630252,0.12658227848101267,0.2077922077922078,0.22268907563025211,0.22784810126582278,0.14224137931034483,0.004310344827586207,0.004310344827586207,0.06896551724137931,0.7705950440271663,0.5963700440528635,0.2599118942731278,0.7312775330396476,0.00881057268722467,3.2761400856638954,0.20262295081967213,3.05,0.2605042016806723,3.4831932773109244,0.4117647058823529,5.0,0.02100840336134454,1.0,0.4,0.0,0.0,3.0,4.0,4.0,0.0,1.0,17.0,0.07142857142857142,1.0,0.17647058823529413,9.0,0.037815126050420166,1.0,0.0,3.0,2.0,0.0,0.0,0.0,1.0,0.0,0.0,0.0,1.0,3.0,0.0,0.0,0.0,2.0,0.01680672268907563,0.012605042016806723,0.0546218487394958,0.01680672268907563,0.012605042016806723,0.0546218487394958
5.docx,5.docx,1.0,0.0,9.0,2.722827947327305,2.0,2.9544973544973545,10.0,0.006504733798311781,1.9085458084787057,0.1774193548387097,1.5412844036697249,0.01834862385321101,0.22018348623853212,0.8899082568807339,0.05504587155963303,0.13761467889908258,0.2711048840171303,0.1315192120575825,0.3837889174105937,0.5340274313987574,0.4284024784653913,0.5115024777412278,0.42379862769358406,0.8843382677088913,0.10091743119266056,0.0,0.812873393165364,0.44557377206513826,0.22018348623853212,0.1,2.6513256628314155,0.10005002501250625,0.3300066533599468,119.83677956622665,0.8622031971965571,0.5863052781740371,0.6079171563968772,31.85476101876227,0.7349197217235968,0.47924935206916897,0.24630894504094233,0.0,1.0,6.0,0.0,0.1926605504587156,0.41284403669724773,0.3211009174311927,0.07339449541284404,0.0,0.23853211009174313,0.1743119266055046,0.22018348623853212,0.1743119266055046,0.1926605504587156,0.08256880733944955,0.07339449541284404,0.009174311926605505,0.0,0.5002501250625312,1.0005002501250624,0.5002501250625312,0.0,1.0005002501250624,0.0,0.0,0.01834862385321101,0.14678899082568808,0.09174311926605505,0.027522935779816515,0.0,0.09174311926605505,0.045871559633027525,2.0,2.0,0.8549509641944886,0.467276983006206,0.17117909327394726,0.29266135484108,0.12447441925917536,0.19009761441288933,0.8,696.0,228.0,1.0,26.0,44.0,106.0,168.0,3.0,0.0,0.0,6.385321100917431,0.3275862068965517,0.0,0.0,0.009174311926605505,496.0,0.12298387096774194,163.0,0.12269938650306748,0.3619631901840491,206.0,75.0,131.0,27.0,51.0,46.0,0.7736638676713542,496.0,0.19685990338164253,220.0,0.7136363636363636,0.10909090909090909,0.15,0.02727272727272727,0.025477707006369428,0.14583333333333334,0.8333333333333334,0.020833333333333332,0.1590909090909091,0.8409090909090909,0.013636363636363636,0.3812423873325213,0.2679658952496955,0.0341047503045067,0.1425091352009744,0.07673568818514007,0.09744214372716199,14.0,41.42071035517759,11.005502751375689,16.95847923961981,5.002501250625312,0.26570048309178745,0.40942028985507245,0.45454545454545453,0.06159420289855073,0.30472636815920395,1.4403669724770642,7.5963302752293576,3.110091743119266,0.018899978764068806,0.10894032703334042,0.004884264174984073,0.010617965597791464,0.7788627090267635,0.8800318566204984,0.8875352210614351,0.43119266055045874,0.05504587155963303,0.24311926605504589,0.0,0.3853211009174312,0.24770642201834864,0.4954128440366973,0.045871559633027525,11.04457751164338,0.7318695941450433,15.090909090909092,0.7018348623853211,0.441866923901336,0.7518759379689844,7.036018009004502,7.0,18.339449541284402,18.0,0.23853211009174313,0.30275229357798167,0.3853211009174312,0.5137614678899083,0.16981132075471697,0.10377358490566038,0.22018348623853212,0.43119266055045874,0.39622641509433965,0.39622641509433965,0.07339449541284404,0.12844036697247707,0.14150943396226415,0.1651376146788991,0.1559633027522936,0.11320754716981132,0.0,0.0,0.03773584905660377,0.7921514968436421,0.5963700440528635,0.2599118942731278,0.7312775330396476,0.00881057268722467,3.204602301150575,0.1111111111111111,3.7636363636363637,0.1651376146788991,3.908256880733945,0.5412844036697247,4.0,0.03669724770642202,1.0,0.25,0.0,0.0,1.0,2.0,5.0,0.0,1.0,5.0,0.045871559633027525,1.0,0.2,1.0,0.009174311926605505,1.0,0.0,1.0,1.0,0.0,0.0,0.0,0.0,0.0,0.0,0.0,0.0,0.0,1.0,0.0,0.0,0.0,0.027522935779816515,0.01834862385321101,0.11009174311926606,0.027522935779816515,0.01834862385321101,0.11009174311926606
6.docx,6.docx,1.0,0.0,11.0,2.4944872431601666,2.0,2.652639632746748,8.0,0.007023304038708402,1.9074409199890587,0.10344827586206896,1.7560975609756098,0.012195121951219513,0.3170731707317073,0.8292682926829268,0.07317073170731707,0.0975609756097561,0.28904476018810643,0.12597230479969085,0.3459869956976419,0.5421238663897128,0.5212893232842153,0.4626416640733787,0.39654429989510137,0.8805878609815074,0.04878048780487805,0.0,0.7602810611620318,0.5252309208635865,0.12195121951219512,0.3333333333333333,4.391648668106551,0.0,0.2766544117647059,179.66813942718096,0.9161686827534664,0.643312101910828,0.6467618890958824,24.712851494487424,0.7687782163211875,0.48540517877442785,0.23825524570292483,0.0,1.0,5.0,0.0,0.1951219512195122,0.5487804878048781,0.1951219512195122,0.036585365853658534,0.024390243902439025,0.3048780487804878,0.34146341463414637,0.23170731707317074,0.07317073170731707,0.04878048780487805,0.15853658536585366,0.06097560975609756,0.024390243902439025,0.024390243902439025,0.0,0.0,0.0,0.0,0.7199424046076314,0.0,0.0,0.0,0.12195121951219512,0.0975609756097561,0.024390243902439025,0.0,0.17073170731707318,0.04878048780487805,2.0,2.0,0.877686560723663,0.6084842875331633,0.15838440747285046,0.21504199910423674,0.08829473510711774,0.16181230979338196,0.8,439.0,103.0,5.0,34.0,19.0,106.0,78.0,0.0,0.0,0.0,5.353658536585366,0.23462414578587698,0.0,0.0,0.0,301.0,0.15946843853820597,125.0,0.144,0.376,102.0,18.0,84.0,18.0,34.0,21.0,0.8138303035857003,300.0,0.2204585537918871,202.0,0.6435643564356436,0.10396039603960396,0.17326732673267325,0.07920792079207921,0.023076923076923078,0.2752808988764045,0.7078651685393258,0.016853932584269662,0.3069306930693069,0.693069306930693,0.0049504950495049506,0.2943396226415094,0.30754716981132074,0.033962264150943396,0.19811320754716982,0.06792452830188679,0.09811320754716982,15.0,40.8207343412527,14.542836573074155,15.622750179985601,4.8956083513318935,0.3562610229276896,0.38271604938271603,0.33663366336633666,0.059964726631393295,0.3088235294117647,1.5853658536585367,6.914634146341464,2.6463414634146343,0.0018703241895261845,0.07044887780548628,0.004052369077306733,0.01059850374064838,0.7881045722641117,0.8876546914184906,0.8950424267719271,0.3048780487804878,0.04878048780487805,0.17682926829268292,0.012195121951219513,0.43902439024390244,0.14634146341463414,0.2682926829268293,0.08536585365853659,7.9963235294117645,1.1948529411764706,6.6923076923076925,0.6026422764227642,0.481060464117374,0.7832973362131029,6.935205183585313,7.0,16.9390243902439,16.0,0.34146341463414637,0.24390243902439024,0.43902439024390244,0.2926829268292683,0.2375,0.23684210526315788,0.25609756097560976,0.35365853658536583,0.3875,0.3026315789473684,0.06097560975609756,0.08536585365853659,0.14473684210526316,0.13414634146341464,0.2073170731707317,0.175,0.0,0.0125,0.0375,0.8028290077451776,0.5963700440528635,0.2599118942731278,0.7312775330396476,0.00881057268722467,3.2836573074154067,0.21164021164021163,2.8069306930693068,0.18292682926829268,3.597560975609756,0.5487804878048781,3.0,0.036585365853658534,1.0,0.3333333333333333,0.0,4.0,0.0,1.0,0.0,0.0,0.0,4.0,0.04878048780487805,1.0,0.5,2.0,0.024390243902439025,1.0,0.0,0.0,0.0,0.0,0.0,0.0,0.0,0.0,0.0,0.0,1.0,0.0,0.0,0.0,0.0,1.0,0.024390243902439025,0.012195121951219513,0.13414634146341464,0.024390243902439025,0.012195121951219513,0.13414634146341464
7.docx,7.docx,1.0,0.0,10.0,3.0355343410313953,2.0,2.5677056719468574,8.0,0.000655307994757536,1.7773783116868298,0.23655913978494625,1.4128440366972477,0.01834862385321101,0.22935779816513763,0.8348623853211009,0.05504587155963303,0.22935779816513763,0.2542493258068925,0.09317595849244983,0.4077637585158278,0.5149664526536266,0.45709040960455255,0.5293344362987792,0.45243289190409164,0.901933458740199,0.03669724770642202,0.0,0.8316628970736861,0.3664587084750235,0.30275229357798167,0.4,7.502420135527589,0.0968054211035818,0.286425902864259,205.86155679110402,0.8987194860748263,0.61003861003861,0.6011511029599097,31.71887129588179,0.7828298978095558,0.4737844468524764,0.2437554029247935,0.0,1.0,5.0,0.0,0.09174311926605505,0.5137614678899083,0.3669724770642202,0.027522935779816515,0.0,0.2018348623853211,0.3119266055045872,0.1926605504587156,0.1743119266055046,0.11926605504587157,0.1651376146788991,0.05504587155963303,0.009174311926605505,0.009174311926605505,1.452081316553727,4.356243949661182,0.0,0.0,1.452081316553727,0.484027105517909,0.0,0.009174311926605505,0.06422018348623854,0.14678899082568808,0.009174311926605505,0.009174311926605505,0.4036697247706422,0.045871559633027525,2.0,2.0,0.8922724352560382,0.4256839384475723,0.06634397526831169,0.1452940185387302,0.1572171855984291,0.17550689134134273,0.8,568.0,192.0,0.0,31.0,45.0,98.0,82.0,1.0,0.0,0.0,5.2110091743119265,0.3380281690140845,0.0,0.0,0.0,460.0,0.1108695652173913,184.0,0.10869565217391304,0.33695652173913043,164.0,32.0,132.0,33.0,44.0,34.0,0.7719684975034241,464.0,0.2122260668973472,234.0,0.5427350427350427,0.2564102564102564,0.1452991452991453,0.05555555555555555,0.007874015748031496,0.15606936416184972,0.838150289017341,0.005780346820809248,0.1752136752136752,0.8247863247863247,0.004273504273504274,0.2558139534883721,0.3372093023255814,0.05232558139534884,0.18372093023255814,0.05116279069767442,0.11976744186046512,14.0,41.96515004840271,11.32623426911907,19.94191674733785,2.952565343659245,0.2698961937716263,0.47520184544405997,0.2606837606837607,0.05074971164936563,0.361244019138756,1.165137614678899,7.954128440366972,3.779816513761468,0.0032520325203252032,0.16402439024390245,0.003658536585365854,0.018495934959349595,0.7421679994192352,0.8498568426116031,0.8536999419212007,0.26605504587155965,0.06422018348623854,0.1651376146788991,0.0,0.30275229357798167,0.22935779816513763,0.3302752293577982,0.03669724770642202,13.138231631382316,0.24906600249066002,52.75,0.8042813455657493,0.3883129804599689,0.7773475314617618,7.147628267182962,7.0,18.954128440366972,18.0,0.26605504587155965,0.4036697247706422,0.30275229357798167,0.3302752293577982,0.2169811320754717,0.19047619047619047,0.22018348623853212,0.4528301886792453,0.36792452830188677,0.4,0.05504587155963303,0.14150943396226415,0.12380952380952381,0.1559633027522936,0.16981132075471697,0.19811320754716982,0.0,0.0,0.05660377358490566,0.7902026340030597,0.5963700440528635,0.2599118942731278,0.7312775330396476,0.00881057268722467,3.228460793804453,0.2722029988465975,3.7051282051282053,0.14678899082568808,3.9541284403669725,0.4954128440366973,5.0,0.045871559633027525,1.0,0.2,0.0,0.0,0.0,3.0,1.0,0.0,1.0,7.0,0.06422018348623854,1.0,0.14285714285714285,1.0,0.009174311926605505,1.0,0.0,0.0,0.0,0.0,0.0,0.0,0.0,0.0,0.0,0.0,1.0,0.0,0.0,0.0,0.0,9.0,0.027522935779816515,0.01834862385321101,0.11009174311926606,0.027522935779816515,0.01834862385321101,0.11009174311926606
8.docx,8.docx,1.0,0.0,10.0,2.6848553308388263,2.0,2.701374207188161,9.0,0.009987821193200781,1.9800430181176463,0.125,1.7179487179487178,0.0,0.24786324786324787,0.8034188034188035,0.05982905982905983,0.07692307692307693,0.29469612005650614,0.10881640394544115,0.3955518761743874,0.5170420547169831,0.4609866903089072,0.4898638991847055,0.4140228075454377,0.9201516096491583,0.05128205128205128,0.0,0.8065152229396415,0.4919481501088774,0.11965811965811966,0.25,3.6336485813837727,0.0,0.2837060702875399,153.62554267391553,0.9026980735051674,0.5539473684210526,0.641393020307911,32.95818937879607,0.7305892256605592,0.4615680301341467,0.2486879293213799,0.0,1.0,6.0,0.0,0.19658119658119658,0.47863247863247865,0.24786324786324787,0.07692307692307693,0.0,0.3162393162393162,0.3162393162393162,0.18803418803418803,0.10256410256410256,0.07692307692307693,0.10256410256410256,0.08547008547008547,0.008547008547008548,0.008547008547008548,0.49776007964161273,0.49776007964161273,0.0,0.0,0.49776007964161273,0.0,0.0,0.0,0.10256410256410256,0.09401709401709402,0.008547008547008548,0.017094017094017096,0.15384615384615385,0.02564102564102564,2.0,2.0,0.9151682134944238,0.4334326271605855,0.21353037238163936,0.2558856825931203,0.1008654141226279,0.17155945484433857,0.8,552.0,156.0,1.0,28.0,22.0,74.0,126.0,7.0,0.0,2.0,4.717948717948718,0.2826086956521739,0.008547008547008548,0.0,0.0,444.0,0.13288288288288289,163.0,0.10429447852760736,0.27607361963190186,155.0,35.0,120.0,24.0,51.0,49.0,0.7995241311738991,465.0,0.21589403973509932,295.0,0.6020408163265306,0.24829931972789115,0.09523809523809523,0.05442176870748299,0.05084745762711865,0.1509433962264151,0.839622641509434,0.009433962264150943,0.29591836734693877,0.7040816326530612,0.006779661016949152,0.23945578231292516,0.28843537414965986,0.08027210884353742,0.24625850340136055,0.07346938775510205,0.07210884353741497,15.0,37.58088601294176,14.683922349427576,15.131906421105027,4.031856645097063,0.39072847682119205,0.40264900662251657,0.2745762711864407,0.06754966887417219,0.30982019363762103,1.5128205128205128,6.452991452991453,2.5982905982905984,0.020671834625323,0.14039621016365203,0.006459948320413436,0.03079242032730405,0.7722783142370246,0.8565832917927272,0.8677974749403461,0.27350427350427353,0.1452991452991453,0.2094017094017094,0.0,0.24786324786324787,0.08547008547008547,0.358974358974359,0.06837606837606838,6.006389776357827,0.8306709265175719,7.230769230769231,0.4672364672364673,0.4970183253041927,0.778994524639124,6.720756595321055,7.0,17.17094017094017,16.0,0.23931623931623933,0.17094017094017094,0.26495726495726496,0.37606837606837606,0.20869565217391303,0.17543859649122806,0.24786324786324787,0.3879310344827586,0.3826086956521739,0.3157894736842105,0.02564102564102564,0.1896551724137931,0.20175438596491227,0.07692307692307693,0.13793103448275862,0.1391304347826087,0.0,0.017391304347826087,0.017391304347826087,0.7698405241037035,0.5963700440528635,0.2599118942731278,0.7312775330396476,0.00881057268722467,3.1677451468392235,0.20794701986754968,2.559322033898305,0.10256410256410256,3.4741379310344827,0.5299145299145299,3.0,0.02564102564102564,1.0,0.3333333333333333,0.0,1.0,4.0,1.0,1.0,0.0,0.0,5.0,0.042735042735042736,1.0,0.2,2.0,0.017094017094017096,1.0,0.0,4.0,0.0,0.0,0.0,0.0,0.0,1.0,0.0,0.0,0.0,0.0,3.0,0.0,0.0,3.0,0.0,0.0,0.08547008547008547,0.0,0.0,0.08547008547008547
9.docx,9.docx,1.0,0.0,14.0,2.9422180294943603,2.0,2.554704129416773,8.0,0.006544742750175686,1.9185563676774613,0.14728682170542637,1.484375,0.0078125,0.203125,0.8671875,0.0859375,0.125,0.35587342803283306,0.11367369722280762,0.3930472783225855,0.527734181442153,0.46124985920809974,0.49416722479877423,0.44338811015838114,0.953108422125463,0.140625,0.0,0.8368591230924135,0.4287419779794332,0.1328125,0.9166666666666666,4.521598708114655,0.08074283407347597,0.3505997818974918,99.24515411543825,0.8801304365621385,0.5353107344632768,0.6172957485607322,35.184440411217835,0.5912835372694122,0.44708716429197565,0.24536219412311183,0.0,1.0,5.0,0.0,0.15625,0.390625,0.3671875,0.0703125,0.015625,0.234375,0.265625,0.15625,0.15625,0.1875,0.109375,0.140625,0.0078125,0.015625,0.0,2.4222850222042793,0.0,0.0,2.0185708518368997,0.4037141703673799,0.0078125,0.0,0.1171875,0.046875,0.015625,0.015625,0.234375,0.03125,2.0,2.0,0.8814401953369918,0.8205046630531412,0.04938424432441281,0.09183716557777417,0.1451488294342872,0.1986218246184827,0.8,498.0,245.0,1.0,17.0,21.0,72.0,12.0,0.0,0.0,0.0,3.890625,0.4919678714859438,0.0,0.0,0.0,643.0,0.09486780715396578,250.0,0.064,0.352,174.0,54.0,120.0,46.0,53.0,106.0,0.8068521070484268,652.0,0.2617801047120419,291.0,0.6206896551724138,0.12413793103448276,0.23448275862068965,0.020689655172413793,0.0,0.2559055118110236,0.7440944881889764,0.0,0.23448275862068965,0.7655172413793103,0.048109965635738834,0.26360725720384204,0.3703308431163287,0.0192102454642476,0.11419423692636073,0.11739594450373532,0.1152614727854856,13.0,38.55470327008478,11.748082357690755,17.924909164311668,5.369398465886153,0.30471204188481676,0.4649214659685864,0.4570446735395189,0.05549738219895288,0.34301075268817205,1.40625,7.4609375,3.46875,0.045854483925549916,0.17868020304568527,0.004906937394247039,0.010490693739424704,0.7895175705393398,0.8612383950785178,0.8626272367955937,0.4453125,0.0546875,0.25,0.0,0.1953125,0.09375,0.046875,0.03125,12.595419847328243,1.5812431842966195,7.9655172413793105,0.7313058035714286,0.39247558692371487,0.7404117884537748,6.566007266855067,6.0,19.3515625,19.0,0.1328125,0.171875,0.1953125,0.046875,0.2222222222222222,0.1349206349206349,0.1953125,0.5390625,0.373015873015873,0.2777777777777778,0.0078125,0.078125,0.23015873015873015,0.1953125,0.171875,0.1111111111111111,0.0,0.007936507936507936,0.05555555555555555,0.7493380295648395,0.5963700440528635,0.2599118942731278,0.7312775330396476,0.00881057268722467,3.230520791279774,0.2,3.281786941580756,0.2578125,4.640625,0.5234375,5.0,0.0390625,1.0,0.2,0.0,1.0,1.0,5.0,9.0,3.0,0.0,13.0,0.1015625,1.0,0.23076923076923078,3.0,0.0234375,1.0,0.0,1.0,2.0,0.0,0.0,0.0,0.0,0.0,0.0,0.0,0.0,2.0,0.0,2.0,0.0,0.0,0.015625,0.0078125,0.0859375,0.015625,0.0078125,0.0859375
